
const MAP_DATA = {
    "Oriente": `<svg xmlns="http://www.w3.org/2000/svg" width="100%" height="100%" viewBox="0 0 2139 2303">
            <polygon data-name="Concepción" class="fil0 tooltip-target" points="811.63,15.69 804.05,20.63 792.36,30.44 791.09,41.25 774.96,53.07 767.07,61.06 764.89,62.17 755.39,63.48 741.61,67.48 742.07,75.33 733.06,75.26 731.2,74.77 727.58,72.72 720.19,77.67 715.23,89.78 714.19,91.22 706.19,98.07 704.37,98.93 696.05,100.41 692.78,105.65 677.83,107.44 669.4,112.99 667.76,113.6 657.67,114.8 649.46,128.55 648.39,129.71 642.11,134.13 642.2,136.43 646.4,137.87 648.41,135.61 651,140.67 652.63,143.64 657.07,144.31 662.59,144.84 655.12,157.62 654.35,173.26 653.95,174.78 651.43,179.8 651.43,190.19 659.91,191.76 659.91,191.76 659.91,191.76 659.87,199.92 663.27,199.89 663.27,199.89 663.28,199.89 665.36,209.04 669.52,214.78 669.52,214.79 669.52,214.79 677.97,222.58 692.09,221.44 692.1,221.44 692.1,221.44 705.69,242.77 708,242.12 716.64,239.69 719.7,248.25 722.78,248.14 736.22,238.62 734.69,227.41 734.72,227.42 734.72,227.4 758.06,232.02 752.23,242.91 755.05,247.26 755.59,250.1 751.42,270.17 756.34,273.41 761.69,269.83 761.69,269.83 761.71,269.82 769.76,273.8 776.21,271.72 780.07,265.96 776.83,253.42 776.83,253.42 776.83,253.41 787.92,246.66 792.38,239.98 788.8,238.91 795.74,234.94 795.74,234.94 796.37,234 796.8,233.36 808.58,236.9 810.9,233.33 831.44,233.83 836.52,242.72 847.82,252.58 848.43,253.25 854.97,262.55 855.64,264.34 855.64,264.34 856.54,272.72 856.54,272.72 870.96,280.13 870.96,280.13 872.8,282.23 872.8,282.23 875.9,290.89 886.85,301.08 898.87,309.59 913.3,315.22 915.11,316.72 918.22,321.59 935.67,329.69 945.24,331.52 945.41,330.36 934.56,323.94 934.56,323.94 938.7,311.54 945.4,310.18 945.31,308.21 939.74,309.04 939.74,309.04 933.41,298.43 944.72,288.45 944.73,288.45 944.85,288.34 947.14,289.67 955.79,294.03 956.13,294.22 964.41,299.52 967.7,295.39 961.51,289.62 974.77,282.79 972.09,269.76 965.48,265.09 971.98,247.96 972.41,247.14 980.17,235.91 980.4,229.01 970.41,228.27 970.41,228.26 970.4,228.26 977.03,210.72 976.21,206.41 976.21,206.41 967.89,205.09 967.89,205.09 967.89,205.09 966.72,186.07 966.73,186.07 966.72,186.06 968.09,185.51 975.56,182.46 978.96,180.2 981.07,173 982.82,170.78 988.69,167.36 990.32,166.85 1001.14,166.01 1005.87,162.72 1007.28,162.13 1019.99,159.49 1022.45,158.82 1023.07,156.59 1019.87,150.38 1019.87,150.38 1011.66,146.29 1011.66,146.29 1011.66,146.29 1011.9,136.55 1007.57,133.92 1007.57,133.92 1006.05,132.16 1006.05,132.16 1002.65,124.22 995.91,115.29 995.91,115.29 1001.07,103.56 1000.59,96.29 989.03,91.98 987.91,91.32 977.67,82.71 971.85,81.95 964.79,87.99 959.2,80.1 947.57,84.31 937.07,73.64 936.06,71.75 934.01,62.06 928.65,56.44 927.61,53.81 927.66,44.8 922.02,40.71 922.73,37.44 921.16,36.65 915.02,40 896.88,29.4 897.52,24.54 892.74,23.61 889.71,14.61 873.44,13.94 872.37,13.75 862.19,10.27 859.99,1.65 860.2,5.49 844.64,9.22 843.56,9.32 837.65,8.99 830.21,12.75 829.05,13.12 "/>
            <path data-name="Alejandria" class="fil0 tooltip-target" d="M1023.31 102.96l-8.59 -0.7 -1.27 -0.33 -5.01 -2.26 0.29 4.31 -0.31 1.79 -3.74 8.5 4.32 5.72 0.46 0.8 3.11 7.26 7.04 4.28 -0.23 9.28 5 2.49 1.68 1.67 4.46 8.64 0.28 2.76 -2.19 7.87 -6.66 1.8 -12.35 2.56 -4.96 3.45 -1.89 0.67 -11 0.85 -3.81 2.22 -2.08 7.08 -1.5 2.07 -4.79 3.26 -0.73 0.39 -4.19 1.68 0.46 7.46 7.57 1.2 2.03 10.6 -0.18 2.06 -3.41 9.03 7.12 0.53 -0.52 15.31 -0.67 2.04 -8.12 11.76 -4.25 11.22 3.01 2.13 1.53 2.34 4.15 20.15 -8.77 4.52 3.43 3.2 -11.85 14.89 -13.57 -7.88 0.69 14.69 -8.78 1.78 -0.8 2.41 9.94 5.88 -0.94 6.55 1.09 0.21 -1.89 4.35 0 0 -4.11 9.46 0 0 -1.41 16.55 0 0 -1.24 2.5 0 0 -4.99 4.55 1.4 4.14 6.97 2.15 1.86 1.27 2.45 3.09 4.38 -6.15 10.69 1.02 2.04 0.83 3.31 2.7 8.63 1.75 2.34 -3.1 0.52 -3.09 -0.05 -4.39 -0 -0.03 0 -0.03 0 -0.03 0 -0.03 0 -0.04 -0.02 -0.83 -0.01 -1.33 -0 -0.39 0 0 0 -0.02 5.77 -5.06 -1.45 -5.14 0 0 -4.18 -1.84 -1.37 -1.04 -0 -0 0 0 -7.96 -9.48 -0.01 -0 2.39 -12.06 7.9 -3.51 1.18 -7.14 10.39 0.53 4 -11.13 -4.47 -7.15 -0.57 -2.41 1.35 -12.44 8.8 1.74 2.62 -10.02 5.93 0.65 -0.91 -6.52 13.55 -13.21 0 0 10.35 11.59 0 0 0.97 2.53 0 7.52 3.42 12.37 9.36 20.38 5.38 2.89 0.63 0.43 0 0 9.81 8.17 0 0 0 0 1.02 1.32 0 0 0.34 0.73 0.79 -0.94 8.86 -10.65 -1.56 -15.04 16.62 -14.83 4.62 2.38 2.62 -1.82 2.8 -0.63 7.55 1.31 14.37 -0.83 9.36 -7.92 0 0 1.81 -0.85 0 0 5.96 -1.03 3.67 -5.25 1.01 -1 9.72 -6.44 0 0 2.22 -0.63 0 0 10.99 0.37 10.83 -1.46 0.22 -0.26 -3.07 -0.66 -1.12 -20.32 0 0 6.4 -1.44 9.92 -2.24 2.56 -6.84 0 -0 0 0 0.74 -1.22 0 -0 7.63 -8.44 0 0 18.1 7.29 2.43 7.3 1.13 -0.15 1.1 -0.72 -1.5 -6.21 -0.09 -0.43 -1.01 -8.51 0.58 -2.5 7.48 -11.59 5.58 6.99 1.58 -0.16 0 -0 2.14 -4.72 0 -0 1.99 -1.93 0 0 6.39 -2.7 6.23 -4.45 6.07 4.45 0 0 4.64 3.13 8.57 -1.62 0 0 1.56 0.03 0 0 6.5 1.51 4.14 -1.39 6.04 -1.73 4.85 -2.83 0 0 3.74 -2.84 1.83 -4.48 1.94 -2.02 5.39 -2.5 0 0 2.84 -3.46 0 -0 2.56 -1.37 0 0 13.99 -1.41 6.48 -6.39 0 0 2.52 -1.09 0 0 0.4 -0.02 0 -0 0.4 -0.01 0 0 0.4 -0.02 0 0 0.39 -0.02 0 0 0.39 -0.01 0 0 0.39 -0.01 0 -0 0.38 -0.01 0 0 0.38 -0.01 0 0 0.38 -0.01 0 -0 0.37 -0.01 0 0 0.37 -0.01 0 0 0.37 -0.01 0 -0 0.37 -0.01 0 0 0.37 -0.01 0 0 0.37 -0.01 0 0 0.37 -0.01 0 0 0.37 -0.01 0 0 0.36 -0 0 0 0.36 -0.01 0 0 0.37 -0 0 0 0.36 -0 0 0 0.36 -0 0 0 0.36 -0 0 -0 0.36 0 0 0 0.36 -0 0 0 0.36 0 0 -0 0.35 0 0 0 0.35 0 0 -0 0.35 0 0 0 0.35 0c4.06,-0 8.1,0.08 12.72,0.21l0 0 4.55 -10.46 -1.14 -0.5 -0.3 -0.15 -6.56 -3.59 -0.35 -0.22 -4.4 -3.07 -13.59 0.93 -0.94 -3 -0.05 0.02 -4.96 4.22 -6.18 -3.11 -8 1.98 -6.47 -4.32 -11.28 -6.02 5.98 -6.78 -0.65 -1.26 -4.06 1.06 -4.08 -4.96 -0.85 -2 -0.48 -4.33 -6.45 -4.79 -7.54 0.91 -1.22 -10.14 2.21 -1.81 -3.02 -2.68 -1.18 -2.01 -0.69 -3.07 -3.22 -4 -3.94 -4.85 -6.68 -5.23 -6.15 -1.56 -0.94 -0.37 -6.5 -3.67 0.87 -2.61 -7.45 2.83 -0.59 0.17 -10.09 2.07 -5.29 2.76 -2.16 3.02 -1.39 1.19 -9.81 4.99 -0.71 6.68 -6.88 -0.64 -10.06 4.87 -9.39 3.82 -1.18 0.27 -9.44 0.64 -5.92 4.13 -1.58 0.63 -8.06 1.28 -3.13 6.12 -1.76 1.71 -20.04 9.53 -1.58 0.36 -17.11 0.2 -8.54 -8.41 -11.81 -3.22 -15.11 -2.11 -0.69 -0.17 -13.17 -4.42 -1.55 -0.98 -6.75 -7.07 -5.49 2.09 -6.57 -6.17 -7.91 2.22 -7.65 -6.28 -7.76 -1.94 -0.97 -0.39 -5.12 -2.93zm-73.74 196.91l-3.81 -2.21 -2.59 2.29 0.48 0.8 5.92 -0.88z"/>
            <path data-name="Carmen de Viboral" class="fil0 tooltip-target" d="M545.57 714.87l-3.4 5.18 0 0 -1.35 1.25 -0 0 -3.11 1.7 0.8 2 0.3 4.35 6.67 1.53 -0 0 -6.2 8.06 9.06 1.99 -1.8 -3.13 6.64 -8.43 -0.85 -4.76 0 -1.41 1.09 -5.48 -0.7 -4.4 -0.04 -0.4 -0.28 -5.42 -0.27 -0.12 -1.67 -1.44 -1.67 -2.66 0 2.39 -0.08 0.75 -0.16 0.52 -0 0.02 -2.56 7.11 -0.4 0.8 -0 0zm-4.07 34.05l-0 0 -2.01 1.15 -5.26 1.11 -5.23 2.65 -1.58 0.4 -6.37 0.24 -0.69 -0.03 -5.87 -0.88 -4.32 5.61 -0 0 0 0 -5.78 -8.15 -6.22 -0.97 -6.15 7.16 0 0 -0 0 -2.02 1.23 -0 0 -9.9 2.33 -1.24 3.2 -0 0 -1.72 1.96 -0 0 0 0 -3.19 1.74 -4.28 7.43 -0 0 0 0 -3.78 0.71 -0.26 5.57 -0 0 0 0 -4.32 2.43 -0.62 5.61 2.46 2.16 0.87 1.1 3.59 6.83 0.4 1.19 0.77 5.1 5.62 3.76 1.13 1.18 4.96 8.09 0.52 1.49 0.78 5.81 -0.13 1.61 -1.18 3.85 2.56 7.89 0 0 0 0 -3.54 3.48 0 0 0.14 7.96 0 0 0 0 -1.43 1.16 -5.55 4.49 0 0 0.68 2.24 0 0 0 0 -0.21 2.75 0 0 -1.81 3.72 2.18 8.38 -0 0.01 0 0 -3.58 3.45 -0.04 3.85 -0 0 -1.13 2.67 0 0 0 0 -2.58 2.55 2.94 4.37 1.85 1.63 5.57 -0.05 4.94 -2.31 2.16 -0.33 0.32 0.05 0.26 -0.03 7.1 1.12 1.22 0.18 1.19 0.39 7.23 3.73 4.64 18.34 -0 0 -3.71 4.26 5.27 5.89 0.92 1.91 0.67 4 3.51 5.33 6.37 2.52 2.2 5.74 5.93 2.78 13.06 -0.18 3.74 -7.89 0.01 0.01 0 -0.01 11.92 6.8 11.65 -2.13 0 0 0.02 -0 5.41 9.52 0.48 2.25 -0.74 7.36 3.89 5.62 0.61 1.47 2.8 15.02 4.52 7.32 3.41 6.2 2.02 3.46 -9.59 5.83 -1.31 0.49 -8.52 1.55 -3.79 3.2 -2.46 8.53 6.98 5.77 1.19 1.73 2.72 8.06 4.47 2.6 0.97 0.81 7.21 8.29 0.91 2.03 1.42 11.57 10 15.66 0.42 0.85 3.06 9.26 3.17 7.1 2.87 7.79 2.63 1.9 6.57 -1.54 0 0 0.02 -0 1.13 8.93 6.08 6.84 -4.85 4.67 0.19 2.13 2.42 0.84 1.81 0.31 0.15 0.37 0.02 0.01 2.09 5.48 3.52 1.61 13.19 -6.94 5.59 2.54 4.06 -3.52 4.59 1.83 4.49 -4.3 -0.44 -9.03 -0 -0 6.8 -3.59 1.46 -0.43 7.85 -0.65 5.39 10.54 7.32 2.84 0 0 -4.2 9.13 1.81 2.95 0 0 0.54 1.55 0 0 2.53 21.97 6.52 14.97 -0 0 0 0 -12.3 8.29 -1.84 3.66 -1.07 7.85 0 0 -0.66 1.67 -5.69 8.11 -0.69 4.57 0 0 0 0 0.33 4.17 3.13 4.6 2.96 1.59 1.72 1.91 3.3 8.01 0 0 0.15 2.44 0 0 0 0 -2.61 9.5 0 0 0.76 11.23 8.8 9.21 1.01 2.13 0 0 1.57 11.96 0 0 2.76 12.36 4.04 14.15 0 0 0.12 0.62 0 0 1.07 9.59 6.54 3.83 -0.01 7.36 1.26 4.24 5.34 4.66 -1.26 8.94 2.68 0.64 5.74 0.29 1.43 -1.97 2.12 2.15 5.51 0.28 -2.22 3.06 1.16 1.18 0.82 1.25 2.43 6.03 5.58 3.37 -3.1 17.43 0.31 7.14 2.61 5.37 -5.35 8.13 -1.16 1.15 -5.13 3.19 1.06 6.12 9.81 8.37 0 0 0.58 14.59 -0.16 1.25 -2.19 7.18 -0.78 1.42 -2.74 3.12 1.8 4.1c6.3,-2.37 12.59,-4.72 18.89,-7.07l0 0 0.48 -0.15 0 0 10.2 -2.34 0 0 0.79 -0.09 0 0 11.73 -0.19 1.4 -1.89 1.37 -1.15 0 0 2.33 -1.15 2.36 -8.57 1.04 -1.76 5.79 -5.48 3.48 -8.44 -2.39 -5.19 6.59 -11.35 0.31 -0.45 4.7 -5.96 0.93 -8.54 0.06 -0.4 2.58 -11.86 10.12 -4.39 0 0 1.47 -0.31 0 0 10.49 -0.09 0 0 6.81 -2.09 4.74 -3.92 0.64 -0.42 9.45 -5.04 8.26 -14.23 -0.82 -11.09 0.3 -1.76 4.33 -10.1 0 0 19.05 2.05 0 0 1.74 0.64 0 0 4.38 3 0 0 8.72 -0.72 0 0 1.8 0.31 0 0 0 0 2.66 1.15 10.1 4.37 9.96 1.04 4.47 -4.09 1.76 -3.68 1.76 -1.79 5.95 -2.9 1.79 -0.37 11.2 0.38 6.04 -1.64 7.09 -10.63 5.61 -15.92 0.16 -0.4 5.32 -10.93 0.93 -11.75 0.15 -0.76 3.82 -13.24 -2.61 -9.64 0 0 0 -0.01 5.47 -4.51 2.17 -7.35 1.49 -2.06 8.4 -5.82 2.25 -0.67 11.35 0.31 4.98 -1.35 0.47 -6.09 -2.78 -4.57 0 -0 -0 -0 6.55 -10.67 -2.09 -7.53 0 0 0 -0.01 -0.03 -1.89 2.52 -10.52 0.98 -1.79 2.48 -2.53 1.26 -4.48 -4.94 -2.44 -6.16 0.81 -6.23 5.07 -7.53 -6.09 -5.2 -0.7 -4.37 -8.01 -3.96 -1.42 -7.05 0 0 -0.01 -0 0 -2.31 -16.37 -2.15 -5.91 0 -0 0 -0 0.03 -2.67 1.12 -2.9 -4.2 -7.01 -0.48 0.48 -5.19 -0.1 -3.6 3.52 -6.16 -0.78 -1 -0.27 -3.9 -1.65 -6.45 0.63 -5.24 1.09 -1.03 0.07 -8.07 -0.57 -0 -0.01 -1.43 -6.06 -3.36 -3.26 -0.98 -1.58 -1.1 -3.48 -8.09 -4.28 0.01 -0.01 -0.01 -0 9.52 -8.55 1.5 -0.83 9.1 -2.59 6.11 -3.87 3.57 -7.3 7.01 -2.3 7.27 -9.44 1.3 -3.84 -2.04 -1.82 -5.17 2.66 -6.26 -4.58 -4.44 0.41 -1.8 -0.27 -7.75 -3.22 -1.09 -0.69 -4.76 -4.28 -9.88 -0.5 -2.55 -6.19 -6.18 -2.98 -1.09 -0.79 -3.63 -3.77 -0.76 -1.16 -1.98 -4.69 -7.33 2.61 -4.42 -7.94 -7.45 -4.47 -6.92 -0.96 -1.63 -0.63 -12.26 -8.34 -0.96 -0.93 -5.54 -7.75 -8.3 -9.25 0 -0.01 0 -0 3.27 -8.3 -7.43 -3.36 -1.53 -1.25 -3.17 -4.42 -5.18 -1.58 -0 -0.01 0 0 -3.69 -11.72 -0.06 -0.39 -0.11 -0.69 0 -0.01 -0.18 -9.15 0 -0 0 -0.01 0.78 -2.37 3.15 -4.11 1.94 -10.61 -3.45 -7.07 -5.66 -7.98 -6.62 -7.34 -6.45 -1 -1 -0.3 -10.93 -4.99 -7.68 -1 -0.75 -0.17 -4.37 -1.51 -3.79 3.26 -2.15 10.24 -21.87 0.17 0 -0.01 -0 0 1.6 -7.93 -2.74 -1.35 -6.73 -1.4 -7.59 3.6 -3.1 -4.14 -5.8 1.59 -6.71 -4.15 -1.7 1.33 -1.52 -3.31 -3.67 -2.27 1.94 -1.51 -2.43 -5.3 0 -0 -4.37 -5.48 -6.23 -3.55 -10.46 -2.08 0 -0.01 -0.01 0 4.87 -11.08 -1.84 -3 -0.01 -0.02 -0.75 -1.23 -0.46 -1.11 -0.24 -1.04 -3.43 0.5 -6.89 -9.97 -5.48 -4.31 -6.65 -0.32 -2.56 -1.18 -6.1 -6.37 -0 -0.01 -0.95 -1.69 0 -0 -0 -0 -1.63 -6.47 0.42 -2.85 5.91 -10.02 10.04 -0.31 4.81 -4.11 0.85 -6.55 -2.77 -5.37 -0.19 -0.43 -0 -0.01 -2.6 -7.05 -12.33 -12.51 -9.21 -1.24 -0 -0.01 0 0 -1.37 -13.24 -5.56 -11.98 -0 -0.01 3.53 -7.96 0.26 -6.55 0.24 -1.18 2.95 -7.94 -3.52 -5.54 -4.57 -5.95 -0 -0.01 0 0 -0.78 -2.26 -0 -0.01 -0.17 -8.91 -4.33 -4.41 -3.12 -0.06 -2.81 1.95 0.74 8.02 1.96 5.86 0 2.4 -4.23 12.74 1.92 8.58 -0.07 1.92 -1.19 3.9 1.57 6.02 12.59 9.03 -0 0 0.01 0 -10.46 8.39 -2.79 0.82 -8.92 -0.96 -16.01 3.1 -2.18 -0.22 -6.61 -2.76 -0.97 -0.58 -2.62 -2.17 -5.29 0.43 -0.01 -0.01 -4.08 -6.48 -3.8 -1.85 -7.6 -0.46 -2.32 -0.97 -5.28 -4.76 -4.77 0.27 -1.4 -0.18 -11.72 -3.86 -1.06 -0.55 -5.61 -4.09 -1.04 -1.18 -0.01 -0.01 -3.19 -5.55 -7.03 7.62z"/>
            <polygon data-name=" San Francisco" class="fil0 tooltip-target" points="1235.91,1128.26 1232.65,1119.22 1232.51,1117.16 1234,1110.19 1234,1110.19 1225.71,1100.19 1217.91,1100.23 1213,1093.79 1205.5,1094.5 1205.5,1094.49 1205.5,1094.49 1200.06,1083.59 1200.06,1083.59 1193.74,1080.63 1193.74,1080.61 1193.74,1080.61 1191.84,1072.94 1190.72,1071.43 1185.93,1071.28 1184.42,1070.93 1172.9,1065.52 1172.89,1065.52 1172.89,1065.52 1171.46,1048.7 1171.68,1047.11 1173.63,1041.71 1170.17,1041.48 1170.17,1041.48 1170.17,1041.48 1171.99,1035.84 1126.37,1061.93 1124.01,1062.41 1120.04,1061.91 1117.15,1066.68 1114.9,1068.37 1110.59,1069.56 1107.11,1074.26 1104.63,1075.77 1100.71,1076.36 1097.06,1081.94 1084.41,1081.73 1078.62,1085.32 1074.28,1081.94 1073.83,1082.24 1074.37,1084.8 1074.37,1084.8 1074.37,1084.8 1074.09,1087.15 1074.09,1087.16 1069.39,1097.41 1069.39,1097.42 1070.29,1104.27 1074.97,1105.52 1074.97,1105.53 1074.3,1116.41 1077.68,1120.62 1078.51,1122.97 1078.51,1122.98 1078.59,1129.61 1081.08,1136.02 1088.53,1139.41 1088.53,1139.41 1090.24,1152.55 1090.24,1152.55 1090.24,1152.55 1084.97,1157.38 1086.91,1160.66 1090.67,1160.54 1093.11,1161.35 1101.01,1167.53 1110.81,1171.2 1118.42,1172.07 1119.33,1172.29 1131.96,1177.06 1133.12,1177.74 1141.71,1185.22 1142.74,1186.67 1145.64,1193.82 1148.69,1199.64 1148.69,1199.64 1149.11,1201.86 1149.11,1201.86 1149.11,1201.86 1148.02,1210.56 1148.02,1210.57 1148.02,1210.57 1148.33,1216.85 1153.49,1218.6 1163.88,1214.5 1165.07,1214.24 1172.02,1213.86 1175.97,1210.25 1177.92,1209.3 1184.09,1208.28 1185.76,1208.39 1192.9,1210.47 1208.69,1201.9 1210.27,1203.63 1213.92,1206.91 1209.8,1215.3 1210.35,1219 1216.43,1224.64 1216.43,1224.65 1217.4,1226.07 1217.4,1226.07 1219.38,1231.24 1224.79,1238.91 1224.79,1238.91 1225.46,1240.67 1226.44,1249.19 1226.46,1249.85 1225.61,1264.1 1224.52,1266.54 1215.1,1276.15 1211.22,1289.82 1210.59,1291.09 1207.07,1295.74 1203.87,1306.39 1195.31,1309.88 1193.6,1316.09 1193.08,1317.24 1185.37,1328.49 1184.51,1329.39 1174.85,1336.64 1173.23,1337.35 1169.24,1338.06 1170.13,1345.69 1175.35,1346.13 1175.35,1346.13 1175.35,1346.13 1181.37,1358.17 1181.38,1358.17 1188.79,1361.39 1201.5,1361.09 1201.5,1361.09 1201.5,1361.09 1202.1,1377.64 1202,1378.67 1199.62,1388.52 1200.22,1392.52 1207.06,1397.14 1207.06,1397.14 1208.04,1398.11 1208.04,1398.11 1222.26,1418.28 1231.8,1423.78 1231.8,1423.78 1231.8,1423.78 1230.54,1436.43 1231.75,1447.04 1237.17,1450.9 1237.17,1450.9 1237.17,1450.91 1233.52,1456.96 1235.65,1465.85 1235.33,1468.5 1233.28,1472.4 1235,1479.05 1239.08,1481.65 1239.09,1481.66 1239.74,1497.79 1227.76,1502.85 1228.46,1508.17 1228.39,1509.58 1222.8,1531.79 1220.93,1549.37 1220.47,1562.75 1219.87,1564.69 1216.66,1569.7 1215.14,1584.77 1216.07,1585.82 1221.5,1583.89 1223.76,1583.8 1235.13,1586.85 1246.38,1582.34 1256.23,1575.48 1260.57,1569.49 1261.78,1568.42 1268.36,1564.69 1270.93,1564.25 1282.46,1566.44 1292.17,1566.61 1298.96,1560.46 1314.74,1563.91 1332.08,1559.02 1338.19,1552.55 1345.89,1554.85 1353.57,1551.78 1355.17,1544.96 1366.57,1545.84 1366.57,1545.84 1366.58,1545.84 1368.65,1549.27 1373.35,1548.02 1374.76,1542.11 1380.91,1542.83 1386.57,1538.81 1388.82,1538.11 1390.11,1538.12 1388.77,1531.83 1399.69,1523.54 1402.26,1522.76 1410.13,1523.35 1414.86,1520.55 1419.68,1515.96 1422.01,1514.91 1432.53,1514.07 1442.16,1508.55 1442.17,1508.56 1444.04,1511 1449.44,1503.7 1454.7,1503.53 1457.8,1499.06 1459.61,1490.95 1460,1489.91 1466.77,1477.88 1469.04,1478.43 1468.89,1476.91 1469.03,1475.39 1472.19,1465.29 1472.37,1464.81 1476.11,1456.76 1480.3,1456.81 1480.32,1456.75 1475.21,1454.89 1475.21,1454.89 1475.21,1454.88 1479.5,1444.5 1476.57,1436.32 1480.54,1433.73 1477.04,1426.29 1485.64,1425.93 1487.09,1421.15 1481.7,1418.84 1481.7,1418.84 1481.7,1418.84 1490.19,1404.83 1488.55,1399.43 1497.22,1392.75 1505.11,1393.9 1507.05,1391.35 1506.02,1383.22 1513.89,1380.4 1524.5,1373.11 1524.5,1373.11 1532.99,1381.69 1540.72,1386.26 1540.72,1386.27 1542.11,1387.68 1542.11,1387.68 1544.85,1392.57 1554.12,1395.08 1554.12,1395.08 1555.07,1395.48 1564.11,1400.84 1564.7,1401.28 1564.71,1401.29 1570.63,1406.58 1573.02,1403.83 1574.8,1402.67 1582.44,1400.36 1583.62,1390.11 1584.07,1388.73 1588.58,1380.48 1593.77,1367.39 1593.77,1367.39 1593.77,1367.39 1594.27,1367.28 1610.23,1363.81 1616.82,1356.8 1619.46,1355.61 1625.26,1355.4 1631.72,1352.62 1632.74,1345.81 1631.14,1341.96 1624.56,1340.05 1624.56,1340.04 1624.56,1340.04 1627.33,1330.16 1628.34,1310.13 1634.11,1308.94 1635.48,1305.46 1637.45,1297.79 1644.77,1297.6 1644.77,1297.6 1644.77,1297.6 1647.31,1305.7 1648,1305.73 1653.3,1298.84 1653.63,1298.47 1660.39,1291.65 1658.22,1287.56 1658.22,1287.56 1659.79,1282.56 1657.97,1282.17 1657.97,1282.17 1657.97,1282.17 1655.67,1277.17 1653.98,1273.51 1653.98,1273.51 1653.98,1273.5 1656.46,1268.66 1647.24,1260.54 1647.24,1260.54 1647.24,1260.54 1654.31,1252.22 1654.28,1241.37 1655.38,1238.69 1660.81,1233.2 1658.51,1224.65 1658.51,1224.64 1658.72,1222.11 1668,1201.45 1669.44,1199.78 1677.1,1194.94 1677.28,1194.73 1586.82,1163.54 1586.78,1163.51 1507.3,1134.8 1505.61,1133.61 1505.61,1133.6 1498.23,1124.44 1498.23,1124.44 1498.22,1124.43 1501.35,1118.05 1495.52,1114.33 1495.52,1114.32 1495.51,1114.31 1497.98,1105.91 1497.97,1103.18 1492.26,1101.26 1492.26,1101.26 1492.25,1101.25 1492.67,1093.09 1491.68,1091.3 1483.24,1096.22 1483.24,1096.2 1483.23,1096.21 1483.63,1091.1 1481.14,1095.48 1478.37,1104.01 1477.7,1105.23 1465.56,1120.09 1464.3,1121.1 1442.1,1132.17 1435.38,1149.36 1435.11,1149.91 1427.09,1163.4 1427.16,1176.67 1415.88,1183.96 1407.48,1194.86 1394.99,1213.32 1393.37,1214.68 1381.93,1219.72 1374.42,1226.19 1362.02,1222.78 1361.05,1222.36 1339.03,1208.91 1337.59,1207.32 1335.94,1203.91 1325.41,1204.02 1324.19,1198.56 1320.25,1199.31 1318.94,1199.33 1309.77,1197.85 1304.73,1188.93 1304.27,1187.58 1302.89,1177.28 1291.8,1171 1291.8,1170.98 1291.8,1170.98 1291.18,1165.2 1285.91,1163.84 1285.12,1163.54 1270.48,1156.04 1260.45,1154.41 1258.16,1153.13 1248.85,1142.22 1242.69,1137.28 1242.04,1136.63 1236.46,1129.3 1235.91,1128.28 1235.91,1128.26 "/>
            <path data-name="El Retiro" class="fil0 tooltip-target" d="M253.46 684.24l2.94 -4.9 1.01 -7.13 -5.91 0.09 -0.86 -0.09 -8.48 -1.9 -1.55 -0.75 -4.61 -3.69 -2.63 3.2 -1.43 1.09 -3.57 1.54 -1.96 2.69 -1.06 1 -6.5 4.06 -2.28 0.56 -1.69 -0.12 -0.04 3.64 -11.1 0.47 -2.6 -5.83 -2.76 -2.09 -2.16 4.34 -8.69 -1.07 0.52 13 -8.7 -4.36 -7.48 -0.08 -2.28 1.38 -1 3.17 6.61 8.25 -5.43 9.93 -7.66 1.35 -2.88 5.19 -1.12 1.25 -2.87 2.05 -2.8 10.33 -10.35 -5.98 -5.42 0.72 -6.54 4.05 -1.28 0.5 -1.48 0.29 -0.21 3 -0.42 1.48 -5.7 11.02 -8.24 -11.24 -0.2 10.91 0.41 7.35 -0.1 1.1 -1.74 7.21 -1.22 2 -2.3 1.97 -2.65 0.91 -1.12 -0.06 -0.43 0.87 -0.92 5.72 -0.39 1.18 -1.73 3.28 -0.72 0.95 -1.93 1.88 0.61 4.5 -5.55 1.55 -1.97 1.4 -3.01 5.67 -17.08 -0.96 -1.89 -0.63 -5.18 -3.43 -3.8 -1.8 -5.76 0.24 -2 6.3 -0.15 0.42 -3.42 7.61 -5.52 1.37 -3.48 3.15 -7.96 9.02 -2.31 10.83 -0.7 1.52 -3.37 4.39 -1.2 1.03 -4.35 2.37 -2.94 10.56 -0.78 1.46 -2.97 3.48 -1.75 12.96 2.98 2.78 1.15 2.09 0.89 4.79 4.89 4.21 0.57 0.6 4.79 6.35 -4.26 9.31 2.07 10.78 4.12 8.63 9.19 5.34 1.71 2.13 2.57 7.95 0.18 1.07 0.39 14.68 5.31 9.07 -2.94 4.2 3.61 7.34 0.39 1.65 0.1 10.31 -9.61 1.53 -14.54 7.84 -9.8 9.13 -6.8 7.13 -4 8.19 -0.93 10.11 -0.33 1.25 -2.91 6.26 -0.33 8.83 2.47 1.75 6.71 -0.51 0.79 0.03c7.16,0.98 13.3,1.96 20.39,3.29l1.47 0.61 8.04 5.59 0 0 0.02 0.01 -0.4 7.38 2.72 3.51 4.34 -2.02 2.2 -0.3 9.07 1.49 0 0.01 0.01 0 3.6 7.16 0 0 7.13 5.27 0.02 0.01 0.39 6.13 7.57 1.62 1.85 0.98 0.01 0.01 0.01 0 8.95 8.62 3.25 -0.72 2.71 -5.79 11.06 1.5 8.75 -5.03 0 0.02 0.01 -0 3.94 10.72 2.81 -0.71 8.42 -6.64 8.9 5.04 0 0 0.01 0.01 0.7 16.51 6.13 4.5 13.05 -2.09 1.83 0.15 0.52 0.18 1.54 -4.67 10.83 1.47 0 0.01 0.01 0 1.61 5.02 2.26 0.26 9.7 -5.61 0.01 0.01 0 0 6.73 6.9 1.39 0.17 7.63 -5.58 0.67 -0.39 6.61 -3.02 0.4 -2.75 1.1 -2.17 6.93 -6.81 6.05 1.56 2.3 -1.97 0.3 -3.6 0 -0.01 1.25 -2.52 4.27 -3.83 2.67 1.32 3.23 -1.24 5.28 -1.59 0.96 -2.8 6.53 -2.78 0.85 -0.88 0.51 -4.86 -3.09 -8.06 0 -0 0 -0 2.36 -5.04 0.12 -8.93 0 0 0 -0.01 10.91 1.09 1.46 -0.55 0.24 -2.2 0 -0.01 0.31 -1.15 0 -0 0 -0 3.1 -6.84 0.76 -1.1 5.26 -5.36 10.28 0.33 5.2 -4.15 1.76 -3.31 1.88 -1.72 4.72 -2.02 2.02 -0.27 0.94 0.14 0.14 -0.19 -0.16 -2.16 -2 -3.45 -0.48 -2.41 0 -0.01 1.31 -9.52 -2.24 -4.03 0 -0 -0 -0 9.41 -14.81 -1.29 -5.58 0 -0.01 0 0 0.33 -2.59 1.16 -2.22 -2.1 -5.41 0 -0 -0 -0.01 3.85 -6.74 4.28 -1.05 1.91 -6.67 -0.43 -2.41 0 0 0 -0 0.59 -2.82 9 -13.17 4.17 -0.57 5.8 -5.2 -0.87 -3.78 0 -0.01 0 -1.68 0 -0.01 0.61 -2.7 -1.48 -1.8 -0.86 -2.28 0 -0.01 -0.32 -8.45 0 0 0 -0.01 0.22 -1.43 1.58 -4.32 -2.94 -6.3 0 -0 -0 -0 6.2 -4.65 0.06 -0.79 0.19 -2.91 -0.71 -7.85 -1.93 -2.62 -5.99 -1.9 -2.07 -1.59 -1.7 -2.67 -13.12 -0.97 3.88 -10.39 1.97 -2.13 3.23 -1.5 1.41 -2.74 0.48 -0.72 1.78 -2.09 -1.13 -6.47 -4.11 -6.33 -0.39 -0.78 -7.51 -20.61 -0.22 -1.3 0 -2.72 -9.78 0.46 -2.15 -0.54 -4.84 -2.93 -0.2 -3.66 -3.93 0.41 -0.01 0 -2.17 -0.43 -5.57 -2.97 -1.59 -1.63 -4.85 -9.47 8.73 -3.14 7.7 -5.86 0.63 -0.39 2.43 -1.2 -0.64 -1 -5.58 -3.93 -0.64 -0.58 -6.34 -7.08 -3.03 -0.97 -1.59 -1 -2.17 -2.28 -6.42 -0.72 -2.61 -6.09 -4.61 -1.47 -2.27 -5.92 -0.09 -2.41 0.98 -3.38 -1.17 -9.99 -0.02 -0.64 0.47 -8.32 -2.06 -4.72 1.59 -3.87 -3.78 -8.42 2.83 -4.41 0.47 -6.55 -3.96 -6.41 1.19 -1.98z"/>
            <path data-name="La Ceja" class="fil0 tooltip-target" data-final="true"  d="M358.11 883.09l-8.15 -5.4 -7.81 7.22 -0.39 5.88 -4.06 3.05 1.67 3.58 -2.4 6.57 0.24 6.43 3.04 3.69 -1.24 5.47 1.69 7.29 -10.03 8.99 -2.01 0.94 -1.97 0.27 -6.22 9.11 0.32 1.76 -0.07 1.71 -3.35 11.74 -5.41 1.32 -0.44 0.76 2.04 5.25 -2.08 4.01 1.7 7.33 -8.7 13.7 0.65 1.17 0.44 2.35 -1.3 9.48 1.8 3.09 0.5 1.64 0.32 4.37 -0.7 2.46 -3.65 5.15 -4.46 -0.65 -2.5 1.07 -1.5 2.82 -1 1.19 -6.92 5.52 -2.49 0.82 -8.36 -0.27 -2.44 2.49 -2.58 5.69 -0.68 6.27 -6.7 2.5 -1.7 0.22 -3.56 -0.35 -0.02 1.46 -0.36 1.57 -1.33 2.83 2.26 5.91 0.22 1.74 -0.74 7.09 -1.06 2.27 -2.3 2.37 -1.24 0.85 -4.1 1.75 -1.12 3.3 -9.05 2.73 -5.81 2.23 -0.39 -0.19 -0.23 2.72 -1.32 2.57 -6.5 5.57 -5.73 -1.48 -2.94 2.9 -0.81 5.58 -10.02 4.58 -8.55 6.26 -2.69 0.71 -0.03 0 -0.05 2.39 3.2 2.87 1.17 1.92 1.65 6.72 0 0 3.73 0.34 0 0 0.02 0 4.19 6.99 0.4 0.94 3.5 12.5 1.98 0.75 10.1 -2.28 0 0 0.01 0 8.01 8.12 9.04 2.7 0.02 0 2.2 1.72 1.24 2.12 1.91 0.03 2.66 -4.18 3.14 -9.28 1.64 -2.04 7.67 -4.63 1.86 -0.54 6.81 -0.2 3.14 -2.97 10.16 1.49 1.65 0.67 8.19 5.85 1.31 1.65 2.2 5.31 4.56 3.13 6.2 1.33 2.51 -1.68 3.55 -2.74 4.27 7.97 -0 0 0 0 -1.14 2.56c4.8,0.42 9.3,0.89 14.09,1.46l1.79 0.7 7.57 5.48 -0.01 0 0.01 0 -9.37 5.07 -0.27 4.77 5.09 4.85 0 0.01 -0.03 3.83 0.18 -0.06 10.69 -0.14 -0 0 0 0 -0.28 1.01 0 0 -0.07 0.25 0 0 -0.07 0.25 0 0c-1.3,4.8 -2.62,9.61 -3.9,14.41l-0 0.01 -0.02 0.07 -0.04 0.17 6.88 4.31 1.33 1.4 3.97 7.25 -0 0 0 0 -1.43 4.8 10.94 4.32 -0 0.01 0 0 -1.17 5.55 3.67 0.85 0 0 0.12 3.68 3.48 1.3 8.13 -6.89 11.23 4.96 1.33 0.98 2.97 3.39 1.32 0.41 0.13 -0.17 -2.69 -1.69 -0.83 -7.86 -2.37 -8.87 4.22 -6.81 -0.26 -2.71 0.52 -2.29 5.22 -8.74 2.93 -8.96 -3.76 -12.17 2.79 -2.69 -0.06 -4.97 0.49 -1.92 3.65 -6.44 1.69 -5.08 -0.69 -7.33 -2.48 -4.48 -0.49 -1.83 0 -3.78 0.51 -1.88 4.59 -8.04 0.43 -3.96 -2.82 -12.13 -2.58 -3.46 -0.7 -1.63 -1.38 -8.01 -1.68 -1.55 -1.1 -1.82 -2.02 -7.53 -7.74 -8.89 -0.85 -1.72 -1.57 -7.5 3.09 -2.87 0.57 -4.19 -2.52 -6.86 6.59 -5.5 -1.92 -2.06 3.36 -7.27 10.07 -3.52 5.71 -8.07 0.02 -0 6.37 -0.7 0.53 -0.52 -1.46 -4.25 9.17 -4.42 0.57 -3.91 0.21 -0.79 3.17 -8.46 7.81 -2.06 0 0 0.01 -0 4.86 3.2 1.52 1.96 1.22 3.65 10.07 6.71 3.73 0.35 1.1 -6.15 0.02 0.01 0 -0.01 5.99 2.42 3.21 -3 0.78 -0.55 9.24 -5.02 -0.12 -3.3 4.81 -3.48 -0.39 -4.07 0.22 -1.68 2.85 -7.67 0.55 -1 5.51 -7.12 1.07 -0.95 8.87 -5.26 0.01 0.01 0.01 -0.01 3.56 3.11 1.21 -0.01 -0 -0.37 0.48 -1.88 1.24 -2.23 -0.36 -5.96 0 -0.4 0.53 -10.69 5.79 -2.28 -0.11 -3.88 0.09 -0.28 0.59 -2 2.74 -3.94 -1.86 -0.87 -1.95 -2.08 -1.54 -4.02 -4.35 -1.72 -1.77 -1.46 -4.64 -7.04 -0.58 -1.46 -0.62 -3.7 -9.01 -10.07 5.5 -6.31 -2.82 -11.16 -3.59 -1.86 -7.18 -1.06 -4.64 2.17 -1.58 0.36 -7.86 0.07 -2.55 -0.94 -3.3 -2.91 -0.64 -0.73 -3.77 -5.59 -5.89 0.33 -0.98 -0.25 -1.22 -0.31 -6.82 -4.2 -10.31 -3.15 -1.1 -0.54 -4.21 -2.99 -11.39 -1.28 -2.19 -1.01 -1.89 -1.79 -4.93 -1.12 -4.93 0.04 -1.61 -0.34 -5.75 -2.67 -9.18 0.86 -1.61 -1.4 -1.45 1.03 -7.31 2 -5.43 2.37 -3.21 3.97 -0 0.01 -0.88 0.8 -6.72 4.42 -2.09 -1.39z"/>
            <path data-name="La Union" class="fil0 tooltip-target" d="M644.39 1134.81l-11.56 6.08 -1.29 -2.45 -0.46 2.9 -0.02 0 -0.53 -2.16 -0.65 1.95 -2.62 -0.88 0 -0.3 -4.42 -2.02 -1.98 -2.1 -1.38 -3.63 -5.9 -2.06 -0.67 -10.61 2.15 -2.07 -2 -2.25 -0.93 -2.06 -0.22 -1.74 -1.73 0.4 -6.4 -4.62 -1.35 -1.78 -3.27 -8.85 -3.23 -7.27 -2.95 -8.94 -10.19 -15.97 -0.58 -1.58 -1.38 -11.26 -6.02 -6.92 -5.17 -3.01 -1.7 -2.09 -2.83 -8.39 -9.99 -8.24 4.16 -14.44 1.19 -1.86 5.42 -4.58 1.79 -0.83 8.83 -1.61 2.62 -1.59 -6.5 -11.11 -0.46 -1.24 -2.77 -14.87 -4.22 -6.1 -0.66 -2.53 0.76 -7.55 -2.14 -3.78 -7.73 1.41 -2.55 -0.43 -5.99 -3.41 -2.25 4.75 -19.64 0.28 -2.76 3.96 0.24 7.95 -6.19 2.44 -0.28 5.53 0.41 6.87 -0.48 2.07 -1.29 2.33 0.06 6.96 -10.28 0.08 -2.53 -0.94 -0.49 -0.43 -3.53 2.09 -4.7 6.08 -2.34 6.3 0.72 7.54 -5.05 3.65 0.15 3.93 -12.94 7.03 -6.42 5.99 -1.83 -0.74 -0.69 3.82 -11.66 -1.11 -1.74 -0.61 -11.94 -7.96 -1.5 -1.96 -1.22 -3.65 -0.91 -0.6 -0.75 0.2 -1.63 4.34 -1.09 7.54 -6.72 3.25 0.81 2.37 -4.89 4.83 -2.26 1.07 -4.27 0.47 -4.43 6.26 -1.86 1.4 -7.86 2.75 3.74 4 -8.65 7.22 1 2.71 0.19 1.81 -0.89 6.49 -1.18 2.28 -0.94 0.87 0.48 2.3 7.67 8.81 0.81 1.52 1.96 7.33 1.82 1.68 1.18 2.16 1.44 8.4 2.51 3.37 0.66 1.4 3.15 13.51 0.07 1.26 -0.59 5.4 -0.48 1.47 -4.47 7.84 0 1.81 2.39 4.31 0.44 1.49 0.83 8.89 -0.18 1.54 -2.07 6.22 -0.3 0.68 -3.31 5.85 0.09 7.23 -1.78 1.72 2.74 8.87 -0.02 2.3 -3.43 10.48 -0.36 0.77 -4.82 8.06 0.26 2.74 -0.55 2.34 -3.16 5.1 1.6 6 0.1 0.58 0.47 4.48 0.03 0.02 0.5 -0.68 3.02 2.98 0.11 0.09 3.31 3.25 7 -0.44 -0.61 3.79 1.4 -4.66 0.01 0 0 -0.01 6.45 0.76 1.93 0.8 3.39 2.7 7.26 1.72 0.96 3.34 3.46 2.04 0.7 0.52 4.13 3.93 2.57 -0.33 2.78 0.75 4.97 3.8 1.35 1.98 1.2 4.23 4.69 1.77 1.8 1.43 5.45 8.04 6.76 1.29 2.25 4.52 2.53 1.54 13.85 -3.72 1.44 -0.11 8.07 1.02 2.89 -1.88 1.91 -0.61 9.27 -0.41 2.95 -1.63 1.34 -0.43 8.31 -1.1 2.52 0.55 5.56 3.5 0.48 3.28 3.07 -0.63 1.29 -5.6 0.42 -0.07 0.21 -0.03c3.5,-0.57 6.98,-1.12 10.48,-1.65l1.97 -0.31 0 0.02 0.02 0 1.57 6.87 1.17 1.96 2.57 -0.98 7.17 7.31 1.17 -0.72 2.77 -0.49 7.21 1.5 4.58 -2.2 1.67 -0.37 11.5 0.05 2.61 2.88 1.91 -1.16 1.5 -0.52 6.67 -0.84 2.85 5.71 0.26 1.57 0.95 -0.18 2.32 0.31 5.83 2.79 6.33 -8.31 0 0 0.02 -0.02 3.48 12.48 3.07 3.85 5.89 3.24 0.05 0.71 5.93 -2.33 -1.3 8.42 0.39 0.27 5.59 -3.28 2.1 -0.52 4.78 0.24 2.72 -1.27 1.67 -0.36 0.78 0.02 0.06 -16 0.01 0.01 0 -0.02 10.23 10.2 7.57 0.69 3.7 -1.97 2.25 -0.41 4.34 0.54 5.31 -0.5 1.2 0.25 -0.48 -4.26 -3.96 -13.87 -2.89 -12.99 -0.06 -0.33 -1.43 -10.88 -8.9 -9.31 -1.04 -2.37 -0.89 -13.22 0.13 -1.25 2.45 -8.89 -2.28 -5.55 -2.58 -1.38 -1.35 -1.22 -4.23 -6.22 -0.66 -1.83 -0.45 -5.6 0.03 -0.87 0.88 -5.86 0.66 -1.61 5.68 -8.11 1.04 -7.56 0.37 -1.19 2.59 -5.15 1.26 -1.46 7.85 -5.29 -4.22 -9.69 -0.3 -1.09 -2.5 -21.69 -3.48 -5.69 2.52 -5.48 -1.12 -0.43 -2.01 -1.82 -3.72 -7.28 -2.02 0.17 -1.82 0.96 0.38 7.65 -10.53 10.08 -4.83 -1.93 -4.26 3.7 -6.64 -3.01z"/>
            <path data-name="Rionegro" class="fil0 tooltip-target" d="M466.9 851.46l5.03 -4.07 -0.13 -7.53 2.51 -2.47 -1.48 -4.57 -0.02 -2.28 1.29 -4.2 -0.56 -4.18 -4.11 -6.7 -7.74 -5.17 -1.18 -7.81 -2.94 -5.61 -4.93 -4.33 1.49 -13.43 4.06 -2.29 0.35 -7.36 6.26 -1.17 3.06 -5.32 1.47 -1.44 2.9 -1.58 2.19 -5.67 12.61 -2.96 8.09 -9.43 13.57 2.11 1.69 2.39 0.79 -1.02 9.96 1.49 5.13 -0.2 4.95 -2.5 0.66 -0.24 -1.71 -5.67 2.02 -2.61 -0.63 -0.15 -0.6 -8.76 -4.97 -6 10.33 -5.66 2.63 -4 2.05 -5.72 -0.04 -0.24 -0.65 0.24c-0.07,-1.76 -0.13,-3.47 -0.19,-5.16l-0.01 -0.08c-0.14,-3.44 -0.19,-6.52 -0.18,-9.79l0 -0.08 0 -0.2 0 -0c0,-0.96 0,-1.92 0.02,-2.9l-2.78 -9.15 -0.15 -0.72 -0.97 -9.47 -3.06 -4.19 -3.87 -3.57 -1.12 -1.91 -1.26 -5.19 -0.01 -0.16 -0.08 -0.76 0.05 -6.44 -2.16 -5.64 -0.18 -0.64 -0.73 -3.8 -2.34 -0.14 -1.4 -0.36 -12.59 -5.99 8.03 -8.1 0.62 -1.57 -6.66 -3.71 0.01 -0 0 0 4.08 -1.82 5.29 -2.37 -0.2 -0.62 -0.21 -1.19 0 -6.05 0.85 -2.37 2.22 -2.78 2.13 -1.34 0 0 0 -0 7.46 -1.69 0 0 7.28 -2.81 0 0 2.41 -1.46 2.6 -6.81 0.01 -0 0 0 4.01 -0.82 -0.1 -0.23 -0.3 -1.44 0 -10.81 0.01 0 0 -0 6.46 0.97 -1.38 -6.27 0.02 0 0 -0 10.7 1.02 15.05 -0.58 1.38 2.78 6.4 -1.37 2.01 0.12 1.39 0.48 -0.6 -2.74 0.01 0 0 0 6.87 0.5 -0.29 -0.48 -4.23 -12.17 0.01 0 0 0 0.85 0.09 -3.02 -2.3 0.13 -6.31 -3.13 -4.17 3.2 -7.58 -1.43 -6.44 1.64 -1.12 -1.79 -2.71 0.62 -1.12 -4.12 -0.35 -0.01 0 -2.28 -4.35 0 0 -2.21 0.3 0 0 -0 0 -1.78 -0.19 -0 0 -2.17 -0.78 -1.49 0.73 -2.55 4.35 -2.25 1.74 -4.19 1.18 -0.01 0 -0.81 0.13 -0.01 0 -6.48 0.37 -0.01 0 -2.76 -9.35 -0.85 -1.59c-0.54,-0.63 -0.98,-1.29 -1.13,-2.11l-0.96 -1.81 5.22 -4.52 -0.06 -0.17 -1.33 -0.7 -2.24 1.55 -0 -0 -0 0 -7.5 -4.06 -1.94 -0.07 -3.46 2.43 -1.3 0.58 -6.7 1.63 0 0 -0 0 -2.49 -1.7 -1.69 1.35 -1.92 0.82 -0 0 -2.42 0.3 -2.33 2.79 -2.29 1.31 -0 0 -11.17 1.87 -0 0 -0 0 -2.29 -0.33 -0.01 0 -11.03 -5.38 2.06 -5.38 -0.64 -0.73 -5.66 0.03 -7.01 2.33 -1.37 7.12 1.63 3.53 0.27 0.79 1.73 7.93 0.06 0.34 0.94 7.55 -0.01 0.01 0 0 -2.17 2.35 -3.85 4.17 -0 0 -0 0.01 -6.74 0.09 -1.46 7.21 -0 0 -0 0.01 -10.18 0.89 -7.89 3.32 -5.46 -6.85 -2.03 -0.9 -5.12 2.28 -1.95 0.31 -11.6 -1.26 -4.82 5.01 -0.01 0.01 -5.7 -4.9 -3.81 5.48 -0.58 0.65 -0 0 -0 0 -3.82 3.43 0 0 0.83 4.94 -0.61 2.77 -6.28 9.16 0 0 -0.01 0.01 -6.94 -4.3 -3.04 3.24 -2.13 1.15 -0.77 0.13 -1.47 8.78 -0.01 -0 0 0.01 -13.63 -1.81 -1.41 -0.48 -3.96 -2.3 -10.42 6.47 -0.21 -16.45 -3.69 -4.87 0.71 -2.99 -14.59 6.72 -1.1 0.31 -6.5 0.87 -5.95 1.63 -0.54 4.06 -0 0 -0 0 -13.55 6.42 -1.19 0.34 -12.92 1.5 -4.29 0.95 -4.63 6.85 0 0 -0 0 -12.3 -4.08 -8.94 3.85 -6.39 -6.27 -0.93 -1.44 -2.22 -6.28 -3.54 -2.38 -4.29 0.04 -1.29 -0.42 -0.98 -0.31 -0.02 -0.01 -0.04 -0.01 -0.61 -0.46 -5.05 -3.71 0.24 1.37 3.43 9.14 0.19 1.95 -1.27 7.58 -0.36 1.09 -5.38 10.69 0.72 4.16 1.26 0.89 1.07 1.16 4.04 6.72 -4.42 6.68 -0.96 1 -2.36 1.69 0.96 2.25 0.26 0.85 0.72 4.23 7.1 3.62 1.74 1.85 1.54 3.46 3.22 -0.07 2.65 0.98 6.61 6 0.46 10.29 -0.3 1.64 -1.47 3.49 -0.24 5 1.47 5.72 0.09 1.46 -1.73 12.24 -0.51 1.43 -2.17 3.61 2.18 3.52 0.57 2.27 -0.62 8.73 -0.6 1.79 -1.14 1.77 3.43 7.63 -1.61 3.91 1.13 2.6 0.31 1.73 -0.5 8.87 1.22 10.43 -0.13 1.49 -0.85 2.9 0.52 1.34 4.43 1.41 2.22 5.2 3.39 0.38 2.34 1.16 2.46 2.59 3.07 0.99 1.67 1.09 6.72 7.51 5.87 4.13 1.01 1.06 5.63 8.78 -9.72 4.81 -7.86 5.98 -1.03 0.55 -1.18 0.43 0.37 0.73 3.49 1.86 10.74 -1.13 0.41 7.62 0.41 0.25 16.57 -0.78 0 10 7.14 19.6 4.3 6.63 0.57 1.41 1.88 10.72 -3.82 4.49 -1.81 3.51 -1.79 1.72 -1.91 0.88 5.96 0.44 3 4.73 5.84 1.85 1.92 1.39 3.29 4.48 0.72 1.91 0.15 1.6 7.64 -7.06 11.04 7.31 2.06 -1.35 3.41 -4.22 1.44 -1.1 6.5 -2.84 0.52 -0.18 6.26 -1.71 3.57 -5.22 5.38 4.68 6.98 -0.65 1.94 0.33 5.91 2.74 4.52 -0.03 0.85 0.09 6.36 1.45 1.77 0.94 1.72 1.62 11.1 1.24 1.79 0.69 4.53 3.21 10.21 3.12 0.89 0.39 6.2 3.82 5.41 -0.3 2.7 -2.67 0.06 -5.48 2.67 -2.58 -1.42 -5.45 0.25 -2.61 0.61 -1.24 0 -6.76 3.32 0 -0.9 -1.39 -1.3 -1.3 1.12 -1.12 0.24 0z"/>
            <path data-name="San Vicente" class="fil0 tooltip-target" d="M591.76 514.31l0.3 -0.54 0 0 0.92 -1.66 1.9 -0.27 -0 -0.01 2.61 -0.38 -0.3 -0.61 -7.28 1.54 1.46 -8.81 -1.24 -8.2 0.02 -0.01 0 -0 9.96 -3.87 7.93 -4.85 6.38 -8.2 4.33 4.52 5.86 -1.16 9.38 -3.15 0.48 -0.13 2.96 -0.58 3.54 -4.06 2.69 -9.13 0.39 -0.89 5.09 -8.41 2.02 -7.15 0.39 -0.91 1.99 -3.35 -1 -4.24 0.18 -2.26 4.98 -12.47 0.02 0 0.01 -0.01 8.69 0.7 1.2 3.64 3.62 0.63 2.92 4.47 8.85 -4.08 0 0 0.07 -0.03 1.42 2.04 2.96 4.01 3.91 0.37 0.33 -1.35 -0.65 -9.08 0.02 -0 0 -0.01 6.36 -3.46 0.05 -0.15 -3.47 -2.82 3.7 -8.43 0.01 0 0 -0.01 10.33 -0.5 4.05 5.03 0.51 0.85 1.46 3.29 1.45 0.14 2.54 -2.41 0 -0 0.01 -0.01 2.32 -1.03 10.72 -0.81 0.67 0.02 6.24 0.65 0.47 -0.36 5.76 -4.37 1.88 -0.76 4.52 -0.5 6.21 -4.56 0 -0 0.75 -3.12 -1.49 -6.8 0.02 -0.01 0 -0 7.63 -3.15 2.06 -4.23 0.01 0 0 -0.01 6.58 0.13 3.56 -2.27 0.01 -0.01 0.64 -0.33 10.5 -4.17 0.39 -0.13 10.2 -2.86 4 -3.48 0.01 -0 0 -0 1.39 -0.76 9.74 -2.98 1.04 1.12 0.86 -1.56 1.04 -4.49 -3.33 -4.19 3.35 -7.05 -6.39 -16.3 -4.3 -5.83 -6.42 -4.46 -1.27 -1.49 -3.67 -7.7 -0.36 -1.31 -0.41 -4.69 -3.86 -6.43 -1.35 -1.13 -6.67 0.78 -3.48 -5.11 -0.24 -0.42 -3.4 -6.65 -7.7 0.61 4.41 -14.18 -0.05 0.02 -2.84 -0.21 -5.5 -2.71 -5.89 3.94 -13.47 -8.86 4.9 -23.58 -4.41 -6.8 0.38 -0.71 -17.52 12.42 -2.07 0.7 -9.77 0.35 -2.55 -7.11 -9.55 2.69 -14.16 -22.22 -12.9 1.04 -11.2 -10.33 -0.51 -0.57 -4.82 -6.67 -0.62 -1.4 -0.9 -3.94 -4.98 0.04 0.04 -9.5 -8.48 -1.57 0 -17.57 0.42 -1.7 2.57 -5.13 0.78 -15.81 0.5 -1.74 1.92 -3.29 -2.26 -0.22 -1.05 -2.05 -3.91 4.4 -4.81 -5.01 -3.88 -0.6 -3.22 4.98 -1 1.04 -5.46 3.84 -1.58 0.64 -8.03 1.32 -6.72 -8.94 1.55 -4.54 -0.73 -0.61 -5.04 0.2 -1.41 -0.21 -8.23 -2.91 -1.02 -0.55 -8.73 -6.57 1.87 -3.3 -1.73 -0.91 -5.31 2.85 -4.84 -1.73 -4.94 4.74 -11.16 -2.78 -14.35 8.19 -4.36 4.24 -2.15 1.04 -3.72 0.51 -14.71 13.21 -0.51 0.37 -14.15 9.06 -0.99 4.57 -12.73 7.35 -2.52 7.12 -17.49 -2.94 -3.76 0.5 -2.17 1.03 0.48 4.52 -7.44 4.06 -1.19 0.42 -12.2 2.07 -18.3 5.55 -1.19 0.16 13.34 9.87 -6.17 8.3 0.43 4.19 -0.74 2.67 -2.59 3.42 -1.74 1.28 -5.82 2.11 -0.82 2.32 6.64 7.93 7.57 1.18 0 0.01 0 0 0.33 9.22 1.62 5.24 4.41 2.96 13.71 -1.18 0 0.01 4.73 9.48 9.24 5.11 0 0.01 0 0 -0.54 7.24 -8.31 6.97 -0.41 4.41 3.96 5.13 0.78 2.71 -0.95 9.05 0.09 0.06 1.65 2.01 3.05 8.61 0.21 1.44 -0.82 16.89 0 0 -0.44 1.6 0 0 -0 0 -3.27 6.13 -1.27 1.39 -1.31 0.86 -0 0 -0.91 4.55 0 0 -0.31 0.95 0 0 -0 0 -4.22 8.47 -0.19 0.33 -6.02 9.52 -0.18 1 8.57 7.05 0 0.01 -0.01 0.08 -1.46 8.66 0 0 0 0 -2.85 1.71 -0 0 -0.25 3.15 0.33 0.03 2.3 1.04 13.6 13.03 -0 0 0 0 -13.39 4.28 -5.58 4.54 1.2 1.2 4.76 0.4 3.32 10.8 6.88 12.02 0.4 1.04 3.88 16.82 -0 0 0 0 -2.02 2.43 1.85 3.08 0.54 1.91 0.02 1.43 0.93 0.52 1.59 1.71 4.98 10.68 0.31 2.15 0 0 -0.31 2.19 2.83 5.47 6.61 -2.2 1.18 -0.19 9.75 -0.05 5.95 6.76 -1.21 3.17 3.68 1.8 8.58 -1.43 2.39 -2.87 2.46 -1.34 2.85 -0.36 5.24 -4.2 4.35 2.98 2.69 -0.65 3.92 -2.76 2.32 -0.69 4.14 0.15 1.67 0.45 4.18 2.26 2.2 -1.53 6.79 3.6 1.86 2.25 1.98 6.42 -4.39 3.8 0.27 0.51 0.3 0.71 1.15 3.92 0.06 -0 2.33 -0.66 2.35 -4.01 1.61 -1.49 5.41 -2.65 4.3 1.56 6.58 -0.89 2.8 5.36 3.38 0.29zm152.33 -274.44l0.23 1.72 2.19 -4.08 -2.82 -0.56 0.4 2.92z"/>
            <path data-name="Marinilla" class="fil0 tooltip-target" d="M635.31 696.96l-0.57 -3.45 -2.69 -4.61 -5.17 -1.41 1.37 -8.63 0.9 -1.92 3.83 -4.36 0 0 0 -0 13.56 -0.83 2.87 4.26 4.54 -0.04 2.34 0.77 2.43 1.85 7.01 -1.22 1.12 -0.01 4.7 0.6 2.56 -2.2 0.64 -5.52 1.24 -2.38 7.24 -6.57 2.22 1.22c2.67,1.43 5.33,2.85 7.96,4.37l5.01 -0.9 1.87 -1.38 1.08 -5.87 0.33 -1.01 3.74 -7.51 0 0 0 -0 10.98 0.86 5.35 -2.31 4.56 -4.23 2.48 -6.13 0 0 0 -0.01 8.42 1.69 9.84 0.73 2.13 0.87 3.13 2.57 8.8 1.37 2.23 1.19 6.2 6.82 0.7 1.13 2.87 7.02 0.18 0.51 0.24 0.95 5.16 -2.11 2.47 -0.15 4.59 1.3 2.07 1.44 1.58 2.2 1.2 -3.63 0.01 -0 0 -0 2.99 -0.74 0.68 -3.43 -2.35 -0.61 3.24 -3.85 0.59 -3 1.59 0.41 2.48 -2.94 5.05 1.97 -0.11 -0.31 -5.4 -3.21 -3.93 0.24 -1.88 -0.37 -8.05 -3.92 -1.89 -2.06 -2.27 -5.86 -4.69 -7.58 -1.7 -0.73 -1.77 -1.55 -3.67 -6.14 -5.37 -2.57 -2.64 -9.43 0.07 -2.29 2.16 -6.11 0.88 -13.58 8.8 -6.65 0 0 0.01 -0 3.49 2.83 0.67 -0.06 0.01 -0.58 -2.55 -5.02 -1.75 -0.76 -1.93 -1.89 -3 -6.48 -0.34 -1.91 0.65 -7.65 -5.83 -1.33 -0.55 -9.45 -3.91 -2.77 -1.49 -2.16 -0.6 -2.37 -5.41 -4.75 -1.01 -1.41 -2.64 -6.39 -0.27 -1.87 0.34 -3 -6.39 -3.87 -1.68 -2.17 -1.35 -4.56 -2.52 -4.4 -2.69 -1.99 -1.17 -1.44 -2.69 -5.75 -6.76 -7.49 -0.74 -1.24 -2.8 -7.55 -0.22 -1.15 -0.08 -1.75 -1.59 -2.5 -6.28 -0.72 -6.33 -9.22 -0.49 -1 -2.67 -8.44 -5.07 -7.26 -3.46 -3.96 -9.35 -0.88 -2.57 -3.7 -9.11 4.2 -4.7 -7.19 -4.86 -0.85 -0.15 -0.45 -1.41 3.54 1.07 4.59 -0.43 2.8 -2.52 4.24 -2.02 7.17 -0.41 0.94 -5.11 8.44 -2.78 9.45 -0.78 1.43 -4.93 5.67 -2.15 1.24 -4.07 0.8 -9.38 3.15 -0.48 0.13 -10.11 1.99 -1.12 -1.17 -1.4 1.79 -1.01 0.91 -8.82 5.4 -0.61 0.3 -4.59 1.78 0.37 2.46 2.43 -0.52 1.87 3.75 10.96 -3.95 -3.81 11.43 -1.82 2.15 -4.5 2.41 -1.25 0.42 -5.01 0.72 -1.81 3.28 3.36 5.09 4.68 0.76 -8.17 7.3 -1.68 3.96 1.29 1.71 0.76 2.37 -0.08 3.77 2.29 1.75 3.85 2.32 13 4.25 -10.34 6.05 -2.33 0.5 -0.87 -0.09 0.02 0.05 5.4 5.82 -5.62 6.03 -3.66 -0.27 1.31 5.99 -13.18 -4.52 -11.14 2.39 -1.83 -3.68 -10.39 0.4 -0.49 -0.02 -0.56 -0.06 1.52 6.91 -8.67 -1.3 0 1.23 3.31 8 -8.93 1.82 -1.57 4.12 -1.59 1.89 -3.86 2.35 -0.59 0.3 -7.84 3.02 -0.54 0.17 -6.44 1.46 -0.53 0.67 0 4.18 2.16 6.51 -2.91 1.3 -2.98 7.54 -0.85 1.28 -1.04 1.05 2.23 1.06 7.5 0.46 1.79 9.25 2.28 5.97 0.22 0.91c0.45,3.81 0.39,4.3 0.15,6.26l-0.14 1.14 0.83 3.41 3.3 3.04 0.49 0.55 3.89 5.32 0.72 1.86 1.04 10.15 2.83 9.33 0.16 1.13 -0.08 7.39 0.02 0.57 3.86 -1.44 4.89 7.76 3.47 1.56 0.52 9.88 0.78 4.88 -0.01 1.34 -1.09 5.45 1.33 7.4 -5.57 7.07 2.22 3.86 4.47 3.27 10.5 3.46 7.2 -0.41 6.64 5.99 7.04 0.43 1.44 0.37 5.43 2.65 1.55 1.4 2.2 3.5 2.26 -0.18 2.72 0.86 3.38 2.8 5.02 2.1 15.43 -2.99 1.12 -0.04 7.94 0.85 1.43 -1.15 -5.57 -4 -1.46 -2.13 -2.18 -8.38 0.04 -2.06 1.21 -3.97 -1.93 -8.63 0.11 -2.01 4.17 -12.53 -1.7 -5.07 -0.18 -0.86 -0.98 -10.67 -0.02 -0.42 0.11 -5.3 0 -2.28z"/>
            <path data-name="Santuario " class="fil0 tooltip-target" d="M805.09 765.59l6.08 -1.52 0 0.06 2.41 -0.57 0.66 -0.1 1.67 -0.1 0.39 -2.92 -3.27 -2.48 -0.92 -8.07 0.72 -2.67 4.34 -5.9 0.78 -0.78 12.52 -9.49 0 0 0.02 -0.02 1.6 14.54 4.42 9.32 1.05 0.61c0.37,0.02 0.72,0.04 1.07,0.09 2.28,0.31 4.05,1.12 4.58,3.22l0.58 0.34 -0.51 2.35 -0 0.04 -0.04 0.27 -0.78 3.6 3.73 0.37 1.96 4.52 4.04 2.14 1.25 1.06 6.91 9.07 2.09 -1.11 0.01 0 0.01 -0.01 2.31 -0.4 9.99 1.42 6.63 -5.4 0 0 0.01 -0.01 10.8 1.11 8.35 -0.9 6.89 13.41 0.31 2.64 -0.47 1.91 2.23 1.06 1.43 1.19 5.23 7.14 3.3 -1.83 -1.07 -9.67 0.02 0 0 -0.01 18.58 -0.28 2.06 4.54 4.27 -0.24 3.68 -13.06 0.02 0.01 0 -0.02 2.31 1.47 -1.87 -5.02 -0 -0 -3.93 -2.87 -2.72 -0.33 -1.91 -0.82 -0.01 -0.01 -8.41 -6.72 0 0 -0.01 -0 -1 -1.19 -1.54 -2.91 -3.07 -1.62 0 -0 -0.01 -0 -1.83 -6.41 0 0 -5.38 -4.37 0 0 -3.36 0.03 -4.29 2.25 -6.55 -2.62 -9.11 -0.26 0 -0 -0.01 0 -0.61 -5.25 -1.76 -2.06 -2.98 1.41 -4.66 -2.09 -0.01 -0.01 -1.67 -1.46 -0.01 -0.01 -5.61 -9.08 2.13 -2.35 -5.3 -4.87 -0.01 -0.01 2.25 -10.52 -1.85 -0.99 -0.01 -0.01 0 0 -1.3 -1.13 -0.01 -0.01 -4.67 -6.51 0.68 -2.64 -1.08 -1.59 -1.31 -0.43 -6.17 1.01 -7.59 2.79 -0.01 -0.01 -0.04 0.02 -1.46 -0.89c-4.41,-2.57 -8.52,-5.02 -12.86,-7.83l-7.12 -2.95 0 -0 -0.01 0 -1.7 -4.97 0 0 -1.96 -1.61 -0.01 -0.01 -1.37 -2.47 -0.28 -2.26 -5.59 -2.21 0 -0 -0.01 -0 -0.9 -5.6 -8.79 -5.49 0 0 -0.01 -0.01 0.58 -6.36 -1.33 -1.07 0 0 -6.76 0.24 -0 -0.01 -0 0 -1.66 -2.2 -1.31 6.63 -3.61 0.9 -3.15 9.53 -7.38 -4.47 -1.13 -1.03 -2.47 -3.44 -2.04 -0.57 -12.06 4.94 -2.35 -9.29 -2.47 -6.03 -4.87 -5.37 -8.48 -1.32 -1.83 -0.82 -2.98 -2.46 -8.92 -0.67 -0.46 -0.06 -2.44 -0.49 -0.43 1.06 -0.94 1.35 -5.68 5.26 -1.09 0.72 -6.81 2.94 -1.8 0.3 -6.8 -0.54 -1.22 2.46 -1.26 6.8 -1.49 2.38 -3.78 2.78 -1.58 0.67 -7.26 1.3 -2.56 -0.44 -3.66 -2.11 -2.83 -1.52 -2.18 1.97 -0.65 5.58 -1.3 2.44 -6.26 5.39 -7.46 -0.95 -9.73 1.69 -4.06 -3.09 -7.34 0.06 -2.71 -4.03 -6.03 0.37 -1.04 1.18 -0.13 0.8 0.1 0.03 2.29 1.76 3.81 6.55 0.46 1.3 0.51 3.09 3.22 2.25 4.74 0.1 2.64 1.13 6.47 6.59 1.09 2.61 0.18 9.17 4.18 5.45 5.58 8.78 -4.06 10.93 -0.26 6.69 -0.31 1.39 -2.42 5.47 4.37 9.42 0.33 1.21 0.82 7.93 4.55 0.61 2.22 1.1 13.83 14.02 0.87 1.35 2.82 7.63 3.19 6.19 0.39 2.23 -1.19 9.19 -1.3 2.4 -6.94 5.93 -2.37 0.91 -7.19 0.22 -2.98 5.06 1.01 4.02 4.33 4.52 6.37 0.31 2.18 0.8 6.87 5.4 0.78 0.83 4.53 6.57 5.44 -0.8 2.65 8.37 3.66 5.97 -2.65 6.04 1.74 0.35 1.15 0.43 7.43 4.23 1.1 0.94 5.09 6.39 0.48 0.79 1.89 4.11 2.43 -1.89 -2.63 -6.16 6.09 -11.01 -1.41 -1.08 -19.6 -3.11 3.65 -13.69 0.89 -1.63 2.48 -2.66 1.02 -5.57 1.21 -2.15 0.01 -0.01 4.36 -3.91 0 0 4.78 -8.39 0.01 0 0 -0.01 6.39 -0.04 0 0 3.09 -3.31 -0.34 -3.69 0.82 -2.72 3.96 -4.93 -0.33 -0.28 -6.75 1.28 -3.24 -11.42 8.28 -4.39 0.01 0 0.01 -0.01 7.15 2.9 6.16 -4.01 0 0 0 -0 5.15 3.06 2.12 -0.06 4.05 -10.95 0 0 0 -0.01 6.59 3.08 5.35 -0.35 3.56 -6.52 0 0 0 -0 7.1 0.69 2.49 -0.85 1.14 -9.17 1.88 -1.14 4.94 -3.02 2.45 -7.02 0.66 -0.16z"/>
            <polygon data-name="El Peñol" class="fil0 tooltip-target" points="809.13,245.01 799.99,242.27 793.77,251.59 792.59,252.72 785.6,256.98 788.29,267.35 782.67,275.74 783.36,279.19 777.74,284.4 776.87,287.18 778.39,287.06 783.98,297.97 784.77,299.13 790.08,298.51 794.46,302.16 795.3,303.13 799.94,310.88 800.48,312.5 800.91,317.36 803.85,323.53 809.94,327.76 810.83,328.65 815.81,335.41 816.29,336.27 824.06,356.09 821.33,361.83 824,365.17 822,373.75 821.63,374.74 815.42,386 810.46,380.64 806.06,381.99 802,385.51 800.52,386.3 789.65,389.34 779.7,393.3 775.47,396 773.35,396.59 770.5,396.54 769.94,397.69 767.96,399.54 764.89,400.81 765.2,402.23 765.17,403.91 763.87,409.28 762.43,411.46 754.27,417.46 752.44,418.18 747.94,418.67 741.36,423.67 738.68,424.43 731.32,423.66 722.25,424.35 718.19,428.2 708.88,427.3 706.03,420.87 704.16,426.66 702.36,428.83 698.95,430.69 699.29,435.49 699.19,436.67 698.4,439.88 701.67,443.62 701.92,443.95 707.48,451.91 708,452.94 710.67,461.37 714.69,467.24 721.11,467.98 725.2,474.41 725.8,476.28 725.9,478.42 728.24,484.75 734.87,492.1 735.48,493.04 738.01,498.45 740.59,500.36 741.63,501.52 744.74,506.96 745.08,507.78 746.15,511.39 755.46,517.04 754.68,523.89 756.6,528.54 762.24,533.49 763.44,535.41 763.98,537.56 769.72,541.62 770.15,549.02 776.86,550.56 775.74,563.79 777.72,568.04 779.39,568.77 781.27,570.54 784.85,577.59 785.25,579.32 785.19,587.81 776.07,588.58 773.36,587.73 773.31,587.69 772.05,588.64 771.36,599.26 771.18,600.2 769.28,606.01 770.61,610.72 773.89,612.3 775.51,613.77 779.13,619.82 780.79,620.54 782.54,622.04 788.04,630.95 788.35,631.57 790.21,636.36 796.02,639.19 800.13,638.93 802.29,639.45 809.9,643.98 811.57,646.03 812.26,648.06 828.27,652.74 828.76,652.91 835.5,655.93 836.02,656.22 842.16,660.2 848.96,662.44 856.09,662.87 856.25,662.71 855.3,660.33 855.03,658.71 855.29,653.96 855.8,652.26 857.98,648.5 858.42,647.89 862.57,643.21 865.56,638.26 866.63,637.11 872.37,633.06 874.7,632.37 882.07,632.63 883.17,632.84 885.6,633.69 886.13,631.38 893.46,627.59 898.16,630.78 899.57,631.07 900.56,628.06 907.99,627.22 909.78,627.46 910.06,627.57 910.65,625.23 919.57,624.91 923.87,630.84 923.87,630.85 924.5,632.24 924.5,632.24 924.5,632.25 925.37,636.13 925.38,636.13 927.29,638.84 927.29,638.85 927.29,638.85 927.96,640.6 927.96,640.61 928.89,648.63 935.72,654.06 936.47,654.86 944.99,650.32 944.96,646.01 958.45,637.53 958.02,637.3 956.19,635.1 954.96,631.22 951.17,625.94 950.84,625.39 948.5,620.65 946.19,620.21 943.76,618.63 939.24,612.08 938.82,611.31 936.26,604.8 931.6,604.3 930.07,598.56 921.23,590.98 919.98,588.9 919.98,588.89 918.21,580.79 912.29,577.18 911.85,576.85 906.98,572.79 905.83,571.18 903.74,565.51 903.74,565.5 903.74,565.49 903.79,562.78 905.22,559.18 905.11,553.46 906.03,550.9 910.42,545.85 910.18,543.41 909.75,538.94 909.75,538.94 909.75,538.93 910.42,536.38 910.68,536.02 908.69,534 901.62,531.45 901.62,531.44 901.62,531.43 902.89,525.04 899.25,521.45 899.25,521.43 899.25,521.43 901.9,515.86 902.04,514.7 898.35,513.5 896.13,506.15 891.09,500.11 890.26,498.28 888.12,485.15 885.1,477.22 885.11,477.21 885.1,477.2 888.7,472.27 891,470.8 895.95,469.76 897.87,469.85 900.48,470.68 903.88,466.71 904.44,464.41 900.49,462.23 898.85,460.44 895.19,452.21 894.98,451.63 892.2,441.15 892.21,441.15 892.2,441.14 899.97,436.46 899.41,435.93 898.4,434.31 895.89,426.27 895.9,426.27 895.89,426.26 900.7,423.61 898.51,420.61 898.52,420.61 898.51,420.6 899.28,419.88 891.56,411.88 891.56,411.87 891.55,411.87 896.37,402.94 899.51,392.07 899.98,391.03 903.73,385.4 906.03,383.8 922.36,379.91 932.83,367.05 932.96,366.91 937.19,361.72 937.52,362.71 938.94,361.42 940.28,345.77 940.59,344.58 943.07,338.86 933.78,337.08 932.9,336.8 914.03,328.04 912.43,326.62 909.38,321.86 895.72,316.53 894.91,316.08 882.2,307.09 881.8,306.78 870.03,295.82 869.03,294.32 866.13,286.2 849.42,277.61 848.18,266.13 842.46,257.99 831.03,248.02 830.22,247.04 826.96,241.32 814.96,241.03 811.85,245.82 "/>
            <polygon data-name="Guatape" class="fil0 tooltip-target" points="994.17,619.51 993.62,613.28 993.63,613.28 993.63,613.27 999.6,609.31 997.03,605.97 997.04,605.96 999.61,592.6 999.61,592.59 1006.05,589.89 1004.54,586.45 1004.31,585.78 1002.7,578.8 1002.7,578.8 1003,576.27 1003,576.26 1006.3,569.58 1007.21,568.39 1012.73,563.58 1016.63,558.37 1016.53,550.84 1016.53,550.83 1016.53,550.83 1030.39,543.17 1032.16,542.7 1034.34,542.67 1034.25,539.91 1034.25,539.91 1034.25,539.91 1036.28,534.17 1037.48,532.48 1042.69,528.3 1043.96,524.62 1044.65,523.61 1045.07,522.98 1050.63,518.18 1052.81,505.24 1053.03,504.45 1056.21,496.54 1057.17,495.15 1058.63,493.81 1055.2,491.46 1054.67,491.01 1054.66,491.01 1050.6,486.98 1043.24,488.75 1043.24,488.74 1043.23,488.74 1040.88,479.13 1031.68,473.58 1031.68,473.58 1030.38,472.27 1030.38,472.27 1030.38,472.27 1026.76,466.25 1021.41,460.26 1019.52,459.54 1012.3,462.81 1012.3,462.81 1012.3,462.81 1008.23,455.59 1008.22,455.58 1008.22,455.58 1003.81,450.18 1003.81,450.17 1003.8,450.17 1003.29,449.34 1003.28,449.34 1000.92,444.08 1000.59,442.79 1000.59,442.79 999.5,427.91 999.5,427.49 1000.05,414.31 997.81,409.86 997.81,409.86 997.46,407.48 999.11,398.45 998.87,385.4 999.69,382.97 1003.9,377.69 1007.71,372.07 1008.89,370.95 1016.18,366.54 1028.86,360.28 1030.29,359.89 1037.28,359.41 1039.31,359.85 1046.29,363.52 1046.4,363.52 1054.42,363.44 1059.35,362.59 1064.77,357.49 1063.4,347.65 1063.38,346.78 1064.13,338.54 1062.04,334.03 1053.22,326.69 1047.02,323.36 1045.37,321.59 1035.34,299.74 1035.13,299.18 1031.5,286.04 1031.36,285.03 1031.37,278.43 1027.27,273.84 1022.16,278.82 1023.87,291.2 1014.76,290.21 1011.99,300.81 1004.32,299.3 1004.01,302.18 1009.74,311.33 1002.58,331.22 993.35,330.76 992.61,335.22 984.58,338.79 983.66,343.45 988.67,349.42 995.35,352.35 999.08,365.58 992.32,371.51 992.37,375.5 992.32,376.17 991.59,380.51 990.88,382.18 985.1,389.81 970.85,386.92 969.2,386.15 966.06,383.59 960.9,383.09 953.2,393.91 945.19,383.81 935.62,380.85 934.39,377.2 927.43,385.74 925.37,387.05 909.24,390.88 906.64,394.78 903.55,405.48 903.25,406.23 900.89,410.6 901.96,411.7 910.64,409.5 911.24,419.16 908.62,421.59 911.93,426.13 905.01,429.94 905.37,431.1 912.47,437.84 901.02,444.73 902.26,449.42 905.27,456.17 913.22,460.55 911.05,469.41 910.24,470.99 902.98,479.48 896.51,477.43 893.98,477.96 893.69,478.36 895.37,482.77 895.56,483.51 897.59,496.02 902.48,501.88 903.21,503.22 904.5,507.5 910.32,509.39 909.39,517.39 909.05,518.59 908.45,519.84 911.17,522.52 910.37,526.54 912.08,527.15 913.51,528.06 920.57,535.21 917.45,539.63 918.3,548.38 912.73,554.79 912.83,559.81 912.56,561.28 911.39,564.24 912.63,567.62 916.46,570.81 924.96,575.99 927.15,586.04 935.91,593.55 937.12,595.46 937.61,597.29 941.65,597.72 945.76,608.14 949.13,613.03 953.64,613.88 957.51,621.76 961.51,627.31 962.06,628.38 962.87,630.96 970.69,625.54 972.4,624.89 987.95,623.01 988.85,623.94 "/>
            <path data-name="Cocorna" class="fil0 tooltip-target" d="M1155.62 1003.44l2.39 -8.37 -4.79 -1.62 -0.02 -0.01 -1.54 -1 -0 0 -0.02 -0.01 -8.04 -8.6 -4.7 -0.75 -9.85 5.24 -2.45 -9.61 -8.22 -8.12 1.91 -5.07 -2.82 -2.81 -4.04 -1.45 -1.43 -0.91 -3.75 -3.8 -9.73 1.51 -3.83 -8.59 -8.71 -3.61 0.02 -0.02 -0 0 4.16 -5.37 -0.84 -3.7 -1.28 -1.38 -6.11 -0.35 -21.94 3.59 0 -6.26 -2.18 -0.1 -2.13 -0.78 -11.2 -8.53 -9 -4.09c-4.36,-2.53 -8.8,-4.97 -13.19,-7.46l-1.39 -6.35 -0.94 -0.12 -1.62 -0.59 -9.76 -6.5 -1.62 -2.43 -2.01 -9.93 -3.85 -2.28 -6.03 3.06 -4.24 -4.91 -3.4 -0.7 -8.54 0.97 -2.53 -15.39 -4.38 -7 0.02 -0.03 0 0 6.19 -7.81 -0.96 -1.74 -0.34 -2.83 1.61 -5.93 -2.23 -2.26 -0.85 -1.31 -2.63 -6.79 -5.11 -1.11 -0.96 -7.3 -2.69 -2.17 -1.4 -2.52 -0.58 -4.82 -3.84 -8.17 -4.13 -6.86 -2.51 -1.59 -2.38 8.44 -14.92 0.83 -2.16 -4.75 -5.22 0.08 0.71 6.39 -13.62 7.55 -8.62 -11.75 -6.97 -3.32 1.62 -6.57 -3.83 -7.48 -3.57 0.39 -0.79 0 -8.08 -0.83 -6.78 5.52 -12.03 -1.7 -6.73 3.58 -10.33 -13.57 -4.47 -2.37 -1.71 -1.85 -0.72 -1.65 -7.77 -0.76 1.98 -9.23 -3.58 -2.09 -1.52 -1.65 -5.17 -10.93 -0.34 -1.22 -0.2 -1.84 -1.37 1.04 -3.15 4.28 0.38 3.33 4.2 3.18 -1.79 13.53 -7.66 0.47 -4.72 1.13 -1.54 4.39 -1.61 2 -4.83 2.95 -1.28 10.26 -7.78 2.65 -1.58 0.18 -2.94 -0.28 -3.17 5.8 -10.48 0.68 -1.83 -0.35 -2.97 8.03 -8.39 0.24 -2.04 -0.52 -2.03 -1.2 -4.51 2.94 3.56 3.1 -7.58 9.43 0.51 5.56 -7.64 8.17 -5.3 0.04 -2.91 5.11 -0.77 0.95 -3.87 3.47 -0.99 5.41 -0.95 1.91 -2.59 2.78 -1.24 4.64 12.23 1.94 1.71 0.73 7.39 5.65 -7.46 13.5 3.47 8.11 -6.54 5.1 1.51 0.94 7.6 -2.08 2.47 3.3 3.15 -1.49 2.4 -0.28 8.45 1.76 0.91 0.31 8.42 4.15 -0.91 4.51 6.39 -0.05 1.16 -5.52 1.25 -2.11 8.08 -6.95 8.17 2.82 7.81 1.02 1.09 0.31 10.98 5.02 7.27 1.13 2.25 1.2 7.65 8.47 0.27 0.34 6.02 8.48 0.33 0.54 4.11 8.42 0.31 2.35 -2.34 12.78 -0.71 1.62 -2.9 3.78 0.14 7.25 2.34 7.42 2.58 0.79 2 1.41 3.31 4.62 13.11 5.93 -4.22 10.69 5.65 6.31 5.21 7.28 10.95 7.46 6.8 0.95 1.43 0.5 9 5.39 1.37 1.41 1.78 3.2 8.04 -2.86 4.49 10.66 2.67 2.78 6.87 3.31 1.86 1.98 1.27 3.08 6.43 0.33 2.35 0.97 5.28 4.74 6.29 2.62 4.93 -0.45 2.59 0.72 3.62 2.65 5.63 -2.89 9.7 8.65 -3.11 9.19 -0.6 1.12 -8.37 10.88 -1.83 1.3 -5.08 1.67 -2.63 5.39 -1.37 1.55 -7.46 4.73 -1 0.44 -8.79 2.51 -0.8 0.72 1.74 2.08 1.28 4.06 3.46 3.37 1.06 1.86 0.4 1.67 1.99 0.14 4.89 -1.02 0.4 -0.06 7.61 -0.74 1.83 0.28 4.3 1.82 1.99 0.25 3.25 -3.18 5.15 0.1 3.85 -3.83 12.79 5.76 -4.15 5.35 3.71 6.19 -1.94 5.03 1.8 4.96 0.19 0.78 1.44 10.19 1.06 0 1.28 0.24 5.98 2.15 2.06 1.76 3.21 5.89 2.43 0.32 1.89 0.81 3.57 2.89 2.28 -1.85 1.91 -0.82 8.38 -1.1 2.17 0.36 11.65 5.74 -3.23 11.51 -0.95 1.64 -2.44 2.48 -2.04 8.53 2.73 9.81 -5.85 9.51 1 1.63 0.55 2.26 -0.97 12.69 -10.69 2.9 -1.09 0.12 -10.68 -0.29 -6.27 4.35 -2.12 7.18 -1.24 1.86 -2.57 2.12 1.61 5.95 -0.03 2.04 -4 13.85 -0.96 12.15 -0.37 1.37 -5.55 11.41 -5.59 15.89 -2.04 9.68 -0.66 7.49 1.9 10.41 3.71 7.59 2.72 -0.06 4.58 -5.06 0.87 -0.72 5.61 -3.35 2.83 -0.45 4.41 1.05 7.59 -0.25 0.83 -7.39 0.3 -1.1 3.61 -8.26 0.48 -0.8 6.01 -7.78 0.54 -0.57 6.7 -5.72 7.7 -12.39 7.49 5.15 10.63 0.59 3.46 -3.21 2.03 -0.98 15.67 -2.4 2.74 0.66 4.46 3.11 8.31 -0.18 6.56 -5.2 3.89 -7.35 0.74 -0.98 12.91 -12.28 4.41 7.52 7.13 1.65 1.4 0.64 6.19 4.56 5.61 -3.85 2.67 -0.63 10.65 1.51 4.67 -0.35 1.27 -1.35 2.15 -1.15 17.2 -2.92 4.25 -8.06 0.65 -0.89 3.53 -3.59 2.22 -10.64 -0.43 -8.03 0.74 -2.46 4.96 -6.67 2 -1.39 5.7 -1.65 3.09 -4.59 -3.53 1.91 -2.87 0.3 -7.81 -2.28 -4.22 0.69 -4.11 3.77 -2.35 1 -7.66 0.43 -11.13 4.39 -2.62 0.06 -11.38 -3.86 -0.59 -11.85 0.02 -0.64 0.98 -7.82 -2.79 -5.33 -2.58 -6.38 -7.41 -6.45 -11.52 -4.34 -7.58 -0.87 -0.89 -0.22 -10.83 -4.05 -1.01 -0.57 -7.28 -5.7 -6.87 0.21 -7.37 -12.44 6.92 -6.33 -0.65 -5.03 -5 -2.27 -1.98 -2.1 -3.31 -8.5 -0.26 -1.34 -0.07 -6.02 -3.49 -4.34 -0.83 -2.61 0.38 -6.15 -3.58 -0.96 -1.7 -12.99 0.31 -2.07 4.64 -10.11 -1.34 -6.42 9.32 -6.12 4.46 3.48 2.25 -1.39 2.06 -0.57 9.56 0.15 3.23 -4.94 5.74 -0.87 3.31 -4.48 2.06 -1.4 4.12 -1.13 4.68 -7.71 7.57 0.94 50.91 -29.11 -3.06 -4.92 0 -0 -16.56 -14.93 -0 -0 0.65 -2.28z"/>
            <path data-name="San Luis" class="fil0 tooltip-target" d="M1484.08 876.7l0.02 -0.18 -1.44 -2.15 -4.89 0.48 -1.83 -0.27 -9.56 -4.01 -1.58 -1.25 -4.17 -5.59 0 -0 -0.74 -2.32 0 0 0.1 -6.13 -2.92 -4.1 -0.7 -1.92 0 -0 -1.14 -14.86 -3.84 -6.16 -3.05 -2.83 -6.35 -3.08 -0.5 -1.54 -4.04 -12.43 -2.6 -1.2 -6.88 0.52 -0.01 -0 -1.37 -0.16 -0.01 0 -9.29 -2.81 -1.91 -1.31 -3.38 -4.38 -5.4 -0.86 -0.01 0 -2 -0.98 -0.04 -0.04 -0.01 -0 -0.09 -0.09 -12.41 -11.62 0 -0 -13.64 -0.9 0 0 -0.01 0 -1.94 -0.69 -9.74 -6.8 -10.02 -1.72 -0.01 0 -1.67 -0.73 -11.5 -8.75 -7.86 -0.73 0 -0 -0.01 0 -2.78 -7.44 -1.84 0.26c-1.3,0.48 -2.67,0.8 -4.14,0.59l-1 0.14 -7.59 -6.26 -0 0 -15.18 -2.06 -4.58 4.75 -4.44 9.11 -11.42 1.09 -0.01 0 -1.19 -0.07 -0 0 -0 0 -8.82 -1.98 -1.31 -0.58 -7.34 -5.04 -6.41 0.9 -2.69 6.32 -0.87 1.25 -7.63 7.38 -0.01 -0 -0 0 -13.85 -4.53 -3.67 -9.35 -4.48 -6.94 -7.29 -0.61 -0.01 0 -0.07 -6.68 -3.25 -0.66 -0.01 0 -1.01 -0.36 -4.72 -2.46 -3.32 6.13 -0.94 1.12 -4.85 3.99 0.24 6.66 -5.9 5.61 -0.67 4.52 -0.55 1.47 -1.91 3.02 4.94 10.77 -8.93 5.55 -1.96 5.07 -0.96 1.42 -5.14 4.79 1.24 3.14 0.18 2.17 -1.68 7.94 -1.02 11.69 4.35 5.14 -0.96 8.92 -0.51 1.54 -3.18 5.35 5.67 1.86 -5.97 9.83 -2.33 7.41 -1.41 1.95 -1.68 1.21 5.81 7.46 -6.05 2.94 2.31 3.54 -3.56 7.5 2.23 8.35 4.25 -1.7 -2.82 7.05 0.55 2.05 -12.86 5.13 -3.84 -3.08 -0.18 1.57 -0.71 1.81 -5.44 7.46 -0.86 7.28 2.72 4.18 0.61 2.29 0 0.01 0 0 -1.03 17.43 0 0.01 -6.46 -1.23 2.45 2.61 0.94 1.77 2.65 11.72 0.09 0.65 0 0.02 0.42 8.62 0 0 0 0.01 -0.54 2.13 -1.26 2.1 6.31 6.75 10.8 3.65 -3.72 13.06 13.43 12.11 0.69 0.82 5.44 8.73 0.24 0.45 4.88 10.75 -4.81 0.77 -4.33 12 0.99 11.65 6.81 3.19 7.72 0.24 3.78 5.09 0.64 1.35 1.21 4.9 4.22 1.98 1.8 1.74 3.7 7.43 6.5 -0.62 5.17 6.79 7.62 -0.04 12.94 15.6 -2.05 9.53 2.67 7.43 4.96 6.51 6.08 4.87 0.51 0.49 8.63 10.11 9.22 1.5 1.13 0.37 14.81 7.59 9.98 2.57 0.77 7.15 10.97 6.21 1.79 13.34 2.86 5.07 4.89 0.78 10.53 -2.01 1.48 6.66 9.22 -0.1 3.25 6.75 20.61 12.58 7.96 2.2 4.88 -4.21 0.95 -0.61 10.94 -4.81 11.87 -17.56 9.1 -11.8 0.94 -0.87 8.34 -5.39 -0.05 -10.19 0.52 -1.95 8.4 -14.11 7.14 -18.27 1.85 -2.02 22.8 -11.36 11.15 -13.65 2.67 -8.2 0.31 -0.7 4.3 -7.54 1.37 -13.11 12.04 10.3 -0.05 0.59 2.61 -1.52 5.28 9.58 0.46 2.03 -0.18 3.49 5.39 1.8 0.05 8.76 -0.15 1.09 -1.02 3.46 6.76 4.31 -4 8.13 3.69 4.58 78.41 28.32 0 -0.01 88.84 30.63 -0.37 -1.27 -2.63 -7.46 -1.39 -2.74 7.46 -5.45 0.9 -2.32 1.98 -2.1 7.39 -3.33 6.09 -11.98 16.52 -0.11 2.18 -2.24 0.39 -10.47 7.37 -1.73 1.33 -6.62 0.65 -1.49 5.63 -7.72 4.83 0.73 2.19 -3.89 6.46 -1.67 1.91 -4.2 0.72 -8.2 -2.39 -10.77 11.2 -0.41 2.71 1 2.15 1.98 3.98 -0.59 4.8 -7.37 0.17 -7.73 0.73 -2.18 2.96 -4.04 2.02 -9.5 1.62 -2.38 8.96 -5.92 0.76 -0.39 14.09 -5.33 4.32 2.68 4.11 -2.03 4 2.2 6.33 -3.84 9.09 4.19 13.19 1.08 1.25 -0.86 1.25 -8.15 1.39 -2.4 0.96 -0.78 -1.74 -0.85 -0.93 -16.5 -4.09 -3.82 1.89 -12.52 -1.5 -11.39 0.18 -1.77 2.01 -5.64 -9.37 -19.03 9.85 -2.03 0.67 -15.23 0.64 -1.96 4.43 -6.57 1.27 -8.23 1.3 -2.31 3.54 -3.02 -4.06 -7.84 5.48 -3.78 0.16 -3.66 -5.62 -6.69 -0.88 -2.22 -0.36 -5.94 -6.73 1.89 -1.91 0.05 -0.01 -0 0 0 -7.88 -1.87 -2.34 -1.67 -0.75 -1.17 -7.44 5.99 0 -0.01 -0.01 0.01 -0.24 -13.66 -3.07 -2.53 -2.09 -0.28 -5.06 -0.67 0 0 -0.01 0c-2.21,-5.39 -4.56,-10.83 -6.64,-16.25l-2.21 -7.22 -6.03 0.46 -11.93 3.41 -2.04 0 -0 0 -0.01 0 -8.84 -2.43 -1.97 -1.28 -6.86 -8.57 -0.57 -0.98 -3.81 -9.6 -3.02 -1.23 -9.37 5.24 -0 -0.01 -0.01 0.01 -5.37 -9.35 -4.13 -0.9 -6.09 9.09 -1.91 1.47 -5.16 1.8 -3.89 5.98 -0.65 0.78 -11.88 10.59 -1.22 0.73 -10.78 3.97 -7.74 8.46 -0.93 0.74 -15 8.49 -0.01 -0 0 0 -11.44 -3.83 0 -0 -12.03 0.81 -6.98 2.66 -0.01 0 -2.3 0.12 0 0 -0.01 0 -8.83 -2.33 -11.83 7.24 -1.57 0.54 -0.01 0 -9.17 1.02 -0 0 -0 0 -1.89 -0.28 -12.09 -5.09 -1.21 -0.81 -5.86 -5.82 -0.84 0.24 -0.02 6.41 -0.66 2.11 -13.87 20.49 -0.01 0 -12.75 0.35 -0.01 0 -0.75 -0.04 -0.01 0 -6.04 -1.07 -9.92 7.65 -0.74 0.44 -15.18 6.96 -12.25 8.92 -0 -0 -0 0 -8.86 -7.11 1.07 -6.99 -3.08 -6.01 -0.37 -2.31 0.64 -4.11 -3.86 -2.57 -0.23 -14.6 -2.21 -5.34 -2.39 1.19 -2.34 0.36 -0 -0 -0 0 -3.54 -0.61 0 3.09 -5.34 -4 -2.54 -0.44 0.26 -3.37 0 -4.31 0.32 0.06 0.19 -2.55z"/>
            <path data-name="Granada" class="fil0 tooltip-target" d="M1164.41 902.73l-2.83 -10.58 0.24 -2.61 2.34 -4.93 -4.7 -7.2 5.37 -2.61 -4.88 -6.27 7.04 -5.08 2.09 -6.65 0.39 -0.85 1.23 -2.03 -5.58 -1.83 7.61 -12.8 0.52 -4.85 -4.31 -5.09 1.3 -14.99 0.07 -0.45 1.5 -7.11 -2.73 -6.91 8.32 -7.74 2.11 -5.45 1.54 -1.86 4.32 -2.69 -3.86 -8.43 3.67 -5.8 0.75 -5.02 1.15 -2.2 4.38 -4.17 -0.18 -5.1 0.03 -0.6 -0 -0 2.33 -18.3c-0.07,-5.94 -0.11,-11.53 0.04,-17.45l-2.4 -5.6 -0.15 0.15 -2.32 1.04 -7.9 0.65 -2.55 -0.73 -6.07 -4.46 -3.51 0.83 -1.76 -0.02 -7.27 -1.76 -0.82 -0.33 -0.17 -0.06 -15.12 -8.69 0 0 0 0 3.53 -6.33 -5.78 -6.33 0.01 -0.01 0 0 7.13 -4.46 0.25 -4.13 0.43 -1.55 3.1 -5.89 0 0 0 -0.01 1.47 -0.12 -6.09 -5.8 -0.6 -0.73 -4.6 -7.3 0.26 -0.76 -2.88 -0.39 -0.09 -6.1 -6.63 -5.89 -0.64 -0.73 -9.74 -14.59 -0.58 -1.44 -0.93 -5.19 -4.09 -3.37 -1.06 -1.4 -4.08 -9.18 -4.96 -5.59 -6.06 -0.77 -1.36 -9.52 -11.5 -15.57 -0.69 -1.59 -1.33 -7.28 -0.13 -0.15 -18.2 -20.84 -16.44 -5.19 -0.73 -0.33 -4.32 -2.44 -3.2 2.57 -1.18 3.31 3.83 9 -12.5 0.24 -9.06 5.01 0.06 4.26 -0.76 2.32 -4.96 6.63 -0.54 0.59 -5.22 4.54 -2.35 4.77 1.23 5.32 4.48 10.19 -9.81 4.12 -1.16 6 5.45 7.09 -8.99 5.96 0.5 5.68 -6.37 5.3 -0.79 12.94 -9.8 -10 -10.93 1.32 -7.22 5.01 0.53 3.45 -14.95 9.4 0.04 4.66 -9.23 4.92 -0.31 3.56 -7.83 3.12 -4.72 -6.79 -7.61 -6.06 -1.42 -2.54 -1 -8.63 -1.78 -2.52 -0.6 -1.35 -0.87 -3.86 -0.85 -1.17 -1.07 4.23 -7.42 -2.86 -1.65 0.19 -1.59 4.85 -8.83 -1.87 -1.35 -0.56 -1.57 -1.06 -0.17 0.09 -0.59 2.61 -5.43 2.99 -5.49 -1.91 -5.52 -0.2 -4.05 2.85 -2.73 4.53 -0.42 0.55 -4.13 4.67 -1.55 2.68 -0.17 3 2.5 6.26 -6.13 6.11 -11.05 -0.66 -0.97 -0.18 -7.68 -2.54 -0.88 -0.43 -6.33 -4.11 -6.24 -2.8 -12.16 -3.56 5.47 4.41 -0.53 5.75 7.76 4.85 0.76 4.73 5.8 2.29 0.64 5.27 1.63 1.34 1.19 1.71 0.93 2.72 4.25 1.76 0.54 0.27 11.38 6.94 4.51 -1.66 0.7 -0.18 7.48 -1.23 1.79 0.13 3.43 1.13 1.98 1.49 3.73 5.52 -0.65 2.51 2.09 2.93 6.11 3.27 -2.54 11.86 7.68 7.06 -3.37 3.71 1.98 3.2 0.4 0.18 5.09 -2.42 6.3 7.41 0.81 1.88 3.26 0.09 1.31 0.27 3.9 1.56 1.98 -1.04 1.74 -0.43 5.67 -0.06 2.43 0.85 7.39 6 1.26 1.91 1.26 4.44 1.23 0.65 1.59 1.59 1.74 3.28 6.91 5.52 2.63 0.32 1.77 0.72 5.69 4.15 1.33 1.74 2.96 7.93 0.24 1.44 -0.08 2.37c2.62,4.02 4.98,7.91 7.47,12.04l4.42 9.39 0.34 1.16 0.47 3.87 2.67 2.15 1.39 2.47 0.45 3.49 3.88 0.83 3.83 9.88 4.78 4.83 -2.36 8.67 2.65 4.82 -6.02 7.59 1.93 3.08 0.54 1.4 1.48 9 1.94 -0.22 1.19 0.06 5.27 1.09 2.11 1.24 1.19 1.39 4.45 -2.26 10.34 6.11 2.37 11.73 7.73 5.15 5.38 0.68 1.82 8.29 9.63 5.44 9.36 4.26 0.73 0.44 10.63 8.1 8.26 0.39 0 4.56 13.5 -2.21 0.82 -0.05 8.05 0.46 2.58 1.21 3.02 3.24 0.92 1.76 1.86 8.2 -0.27 0.35 0.89 0.37 2.03 1.96 2.08 4.68 7.84 -1.22 5.89 5.96 4.02 1.44 1.4 0.88 6.9 6.88 -1.9 5.04 5.46 5.4 1.03 1.77 0.31 1.2 2.39 -1.27 2.4 -0.39 4.72 0.77 0.81 -1.34 -0.35 -7.15 -2.35 -10.38 -3.16 -3.36 -0.91 -1.65 -3.09 -11.9 10.34 1.97 0.44 -7.55 -2.79 -4.3 -0.59 -2.52 1.14 -9.61 0.71 -1.79 5.43 -7.45 1.59 -14.33 11.18 8.96 2.45 -0.98z"/>
            <path data-name="San Rafael" class="fil0 tooltip-target" d="M1717.45 263.96l-3.93 -3.28 -7.59 -4.56 -11.17 -3.43 -0.49 -0.19 -17.84 -8.35 -0.83 -0.52 -12.46 -10.46 -14.64 -7.98 -0.7 -0.48 -9.65 -8.5 -1.12 -1.76 -1.86 -6.11 -6.82 -2.93 -14.51 -8.04 -1.24 -1.1 -4.6 -6.4c-14.76,-9.06 -27.31,-17.65 -41.7,-27.58l-0.79 -0.73 -8.73 -10.77 -6.5 0 -7.42 -11.73 -18.87 -17.37 -5.8 -0.96 -1.67 -0.71 -5.53 -4.16 -7.36 1.22 -9.13 0.82 -8.56 7.65 -2.41 0.97 -13.12 0.42 -0.63 -0.03 -17.7 -2.43 -4.93 5.42 3.2 6.22 -25.04 6.2 -3.2 -4.25 -1.87 0.19 -0.9 7.96 -7.24 -2.98 -4.25 6.37 -2.23 1.58 -7.16 1.84 -5.62 4.38 -0.09 4.06 -6.63 5.2 -1.77 0.78 -7.91 1.2 -7.27 16.7 -18.61 -0.52 -8.46 0.34 -6.39 6.3 -2.29 1.07 -13.77 1.39 -2.41 2.93 -1.34 1.04 -4.8 2.23 -1.65 4.04 -1.24 1.59 -5.25 3.97 -5.33 3.11 -0.88 0.37 -6.51 1.87 -4.87 1.61 -2.06 0.1 -6.76 -1.57 -9.31 1.76 -2.83 -0.58c-2.65,-1.78 -5.25,-3.5 -7.81,-5.38l-2.08 1.49 -0.73 0.4 -5.42 2.29 -3.34 7.35 -10.06 1.05 -1.57 -1.96 -0.99 1.53 0.83 7.03 2.67 11.11 -6.28 4.12 -1.59 0.58 -8.22 1.07 -3.3 -9.9 -9.95 -4.01 -3.58 3.96 -3.76 10.03 -14.04 3.17 0.44 8.09 9.83 2.1 -9.44 11.09 -2.38 1.31 -12.56 1.7 -0.63 0.03 -10.11 -0.34 -8.13 5.39 -5.07 7.26 -8.06 1.39 -9.54 8.06 -2.22 0.89 -15.78 0.99 -0.67 -0.02 -7.24 -0.83 -4.91 3.09 -3.92 -2.02 -9.83 8.78 1.48 14.32 -14.8 17.78 -0.69 7.63 1.85 13.33 -9.11 8.58 -1.97 0.98 -6.3 1.09 -0.61 0.04 -9.47 0.09 -1.8 -0.43 -6.87 -3.61 -5.17 0.35 -11.93 5.89 -6.08 3.69 -3.66 5.39 -3.39 4.25 0.22 12.05 -0.06 0.73 -1.48 8.14 2.11 4.19 0.4 1.86 -0.57 13.9 1.02 14.05 1.89 4.2 4.32 5.29 0.37 0.54 0.78 1.39 3.76 -1.71 5.7 2.17 1.48 1.03 6.23 6.98 0.43 0.58 3.3 5.49 11.11 6.69 1.31 5.37 4.13 -0.99 6.8 6.75 6.59 4.52 5.33 1.36 5.85 0.45 9.56 -2.71 9.33 -5.44 3.37 9.71 3.18 7.3 5.43 3.47 1.59 15.61 3.24 2.28 1.39 1.83 3.54 9.86 4.45 8.01 7.6 0.26 2.23 0.82 3.14 2.48 5.53 -0.41 1.73 0.28 7.59 3.18 14.39 -5.36 1.21 -0.24 8.87 -0.29 8.22 -6.48 15.6 1.91 8.72 -1.19 1.7 0.15 5.11 1.69 1.24 -1.82 2.09 -1.5 8.46 -2.48 2.95 -5.21 1.52 -1.48 11.18 -5.98 -0.28 -9.28 0 -0.01 0.55 -2.06 0 -0.01 5.08 -8.37c0.59,-9.93 1.2,-18.91 2.21,-28.76l0 -0 0 0 0.94 -2.14 0 -0.01 2.65 -2.98 3.43 -11.96 0 -0 0 -0 0.53 -1.09 0 -0.01 6.65 -9.69 -1.73 -4.75 0 -0 -0 -0 15.27 -11.71 4.38 11.02 4.2 5.07 4.33 1.65 1.88 1.55 3.51 5.62 4.26 1.17 1.83 1.13 6.06 6.78 8.16 -5.63 13.17 2.89 14.79 0.89 5.99 -3.08 0.89 -3.33 -16.06 -4.32 -4.44 -11.7 0 -0 0 -0 9.22 -4.07 11.15 -6.1 1.39 -0.45 9.08 -1.05 6.11 -12.31 -1.93 -3.22 -0.54 -2.19 1 -15.88 0 0 0 -0.01 10.26 -3.59 7.46 -4.78 1.86 -0.59 14.84 -0.8 0.66 0.02 14.95 1.85 10.62 -2.79 1.19 -0.12 7.98 0.49 0.88 0.16 13.37 4.09 7.69 0.93 1.09 0.3 5.59 2.48 13.18 3.27 15.91 -0.11 4.88 -1.76 2.17 -0.12 3.7 0.9 1.09 -7.6 0 0 0 -0.01 12.84 -1.58 1.92 4.81 2.16 0.25 6.38 -3.22 5.59 2.71 1.24 -4.06 0 0 -9.15 -5.92 0.01 -0.01 -0 -0 5.3 -8.92 -0.35 -0.4 -13.38 -1.27 0 -0.01 -0.08 -0.01 1.62 -4.81 6.22 -19.45 0.02 -0.09 1.39 -16.62 0 0 0 -0.02 9.75 1.42 8.74 -3.43 4.76 4.63 2.13 0.16 5.25 -6.98 1 -0.94 8.24 -5.23 6.47 1.48 12.52 -5.21 9.23 9.3 3.79 -3.46 1.59 -4.89 0 -0.01 0.97 -1.55 1.37 -1.33 -3.65 -7.37 -0.39 -1.98 0.96 -11.8 0 0 0 -0.02 9.96 0.85 2.28 1.01 7.04 6.55 12.63 -1.11 13.63 -4.42 6.71 5.69 1.04 1.63 6.07 -4.2 0.55 -0.31 9.74 -4.56 0.69 -0.25 5.14 -1.3 1.67 -0.03 3.81 0.78 5.89 -7.38 1.15 -0.96 11.67 -6.4 1.03 -0.39 8 -1.74 2.49 -3.24 1.22 -1.04 5.76 -3.09z"/>
            <path data-name="San Carlos" class="fil0 tooltip-target" d="M1444.36 805l3.87 11.9 3.93 1.91 0.94 0.64 3.84 3.56 0.64 0.78 4.6 7.38 0.56 1.72 1.14 14.74 3.02 4.24 0.7 2.26 -0.1 6.09 2.76 3.71 7.76 3.25 8.43 -0.82 4.7 7.02 0.64 2.4 -0.36 4.75 3.37 0.57 8.56 -4.28 5.61 13.56 0.28 1.39 0.18 11.33 4.58 3.05 -1.2 7.69 3.09 6.02 0.39 2.3 -0.59 3.87 0.9 0.72 7.87 -5.73 0.65 -0.39 15.1 -6.93 12.28 -9.46 9 1.6 8.42 -0.23 11.04 -16.31 0.04 -11.01 10.63 -2.98 8.5 8.44 10.48 4.42 7.37 -0.82 13.87 -8.49 10.8 2.85 6.38 -2.43 1.09 -0.24 13.33 -0.9 1.46 0.2 8.95 3 11.54 -6.54 7.96 -8.71 1.49 -1.01 10.94 -4.03 10.98 -9.8 4.31 -6.62 1.94 -1.52 5.18 -1.8 6.28 -9.39 0.92 -9.62 -1.02 -9.19 0.1 -1.39 3.2 -12.16 5.37 -23.88 1.81 -21.46 -0.97 -11.19 -3.99 -10.93 -0.22 -1.1 -0.56 -10.2 0.97 -2.72 6.28 -7.02 1.88 -4.89 0.33 -0.67 3.67 -5.82 -0.1 -5.39 0.22 -1.35 3.08 -8.46 0.63 -1.1 6.22 -7.64 2.5 -1.39 6.86 -0.83 8.68 -10.36 1.17 -0.92 5.51 -2.89 3.59 -8.78 -0.35 -9.15 0.13 -1.15 3.23 -11.73 0.5 -1.1 10.02 -14.95 6.23 -8.26 3.37 -7.65 0.28 -0.52 4.04 -6.26 0.49 -0.61 9.05 -9.19 0.31 -0.28 11.26 -9.19 1.26 -0.69 14.66 -4.58 0.93 -0.16 11.8 -0.69 8.84 -5.1 1.03 -0.42 12.63 -2.96 0 0 2.47 0.27 0 0 0 0 10.2 4.78 7.09 -1.37 8.04 -2.97 7.59 -9.61 1.46 -1.13 20.7 -9.09 3.16 -6.43 0.64 -0.94 9.88 -10.48 5.41 -12.24 7.52 -13.92 1.32 -7.24 -6.02 -1.7 -13.41 -0.13 -0.46 -0.03 -18.14 -2.39 -15.5 7.67 -2.47 0.31 -14.23 -3.05 -2.09 -1.24 -6.87 -7.97 -0.59 -0.94 -7.09 -15.91 -0.24 -0.67 -3.44 -14.54 -0.07 -0.54 -1.09 -11.77 -7.28 -0.98 -11.71 8.02 -0.03 -0.09 -0.57 0.39 -4.26 -11.11 -5.63 -1.97 -5.71 -14.61 -0.12 -0.34 -5 -17.52 -8.52 -14.14 3.29 -9.34 -1.87 -10.26 -5.71 -10 -6.8 -8.52 0 0 -5.61 -5.41 -13.52 -5.64 -0.83 -0.49 -9.58 -7.28 -0.01 -0 -4.48 -3.4 1.8 -1.08 -0.27 -0.55 -14.42 -5.62 -1.22 -0.76 -6.07 -5.65 -5.94 -1.39 -2.22 -1.48 -7.1 -9.81 -9.58 -10.21 -4.5 -0.53 -2.04 -0.89 -14.91 -12.83 -7.7 4.14 -2.85 3.7 -2.22 1.41 -8.83 1.92 -10.51 5.76 -8.31 10.41 -7.5 -1.52 -4.02 1.02 -9.06 4.24 -14.61 10.12 -2.41 -8.93 -2.57 -2.18 -10.06 3.26 -0.83 0.18 -16.36 1.44 -8.56 -7.96 -1.06 -0.09 -0.26 3.13 5.64 11.39 -4.68 4.53 -1.6 4.94 -1.06 1.62 -9.93 9.08 -10.76 -10.84 -8.93 3.72 -2.31 0.19 -4.55 -1.04 -5 3.18 -7.33 9.75 -7.63 -0.58 -2.37 -1.07 -2.23 -2.17 -5.13 2.01 -1.92 0.22 -2.74 -0.4 -0.74 8.93 -0.18 0.83 -5.07 15.86 5.48 0.52 2.49 1.26 5.03 5.7 -4.4 7.4 7.82 5.06 -5.54 18.05 -10.19 -4.94 -4.04 2.04 -2.15 0.39 -7.78 -0.91 -1.43 -3.57 -1.26 0.16 -1.45 10.11 -10.74 -2.6 -4.41 1.59 -1.26 0.22 -17.06 0.12 -0.93 -0.1 -13.96 -3.46 -0.62 -0.21 -5.35 -2.37 -7.4 -0.89 -0.65 -0.15 -13.29 -4.07 -6.94 -0.43 -10.75 2.82 -1.43 0.1 -15.37 -1.9 -13.45 0.73 -6.98 4.48 -0.8 0.39 -5.93 2.07 -0.61 9.68 3.45 5.78 -9.8 19.74 -12.48 1.44 -11 6.02 -2.67 1.18 0.49 1.3 19.66 5.29 -3.74 13.93 -9.93 5.11 -1.96 0.42 -16.15 -0.97 -0.58 -0.07 -10.24 -2.25 -10.94 7.54 -9.78 -10.94 -4.62 -1.27 -2.24 -1.65 -3.61 -5.78 -4.08 -1.56 -1.58 -1.13 -5.2 -6.28 -0.59 -1.03 -0.9 -2.25 -2.87 2.2 1.16 3.17 -8.51 12.38 -3.52 12.25 -0.82 1.49 -2.41 2.71 -1.05 10.25 -1.06 17.88 -0.55 1.74 -5 8.22 0.38 12.86 -14.36 7.69 -3.17 5.59 -2.25 1.77 -8.63 2.53 -3.72 5.45 -9.73 -3.21 -8.35 1.14 -0.97 0.02 -12.91 -1.58 -6.69 5.28 -2.23 0.81 -9.51 0.31 -15.22 5.67 -2.78 -0.04 -8.13 -3.41 -6.08 0.45 -2.62 -0.82 -3.33 -2.63 -10.67 -0.37 -6.68 -12.02 -0.26 -0.57 -3.24 -9.03 -5.09 -3.59 -1.57 -15.42 -3.3 -2.11 -1.44 -1.69 -3.66 -8.41 -0.52 -1.47 -1.78 1.04 -0.88 0.37 -10.69 3.02 -1.31 0.13 -6.79 -0.52 -0.65 -0.12 -4.39 -1.13 -2.84 2.6 -2.7 6.72 -2.34 13.89 -1.27 2.25 -5.83 5.04 -0.26 0.76 3.43 1.94 17.08 5.39 1.68 1.1c6.76,7.58 13.24,14.95 19.82,22.68l0.85 1.8 1.35 7.42 11.56 15.65 0.72 1.73 0.68 4.72 1.72 0.22 2.37 1.24 6.26 7.05 0.63 1 3.97 8.93 4.48 3.7 1.32 2.26 1.04 5.78 9.04 13.54 8.77 7.78 0.04 2.91 5.53 0.74 -2.04 6.06 2.42 3.84 18.05 17.2 -14.24 1.17 -0.77 1.45 -0.43 7.24 -2.73 1.7 3.31 3.63 -2.55 4.57 8.11 4.66 5.85 1.41 6.04 -1.43 7.75 5.7 5.16 -0.42 7.11 -6.74 7.03 16.41 0.3 1.58 -0.19 7.03 0.13 11.26 -0.03 0.51 -0.87 6.82 4.59 -8.46 10.9 5.7 8.77 1.77 0.06 5.89 4.13 0.35 6.73 10.43 0.34 0.67 2.49 6.36 6.08 1.99 3.78 -3.66 4.08 -9.57 12.13 -1.7 2.67 0.64 7.95 5.46 7.55 1.7 6.54 -0.62 2.83 -5.81 0.69 -0.97 7.7 -7.98 20.07 2.73 1.91 0.83 5.84 4.81 9.73 -1.38 3.24 8.71 4.2 0.39 1.97 0.76 11.61 8.83 9.93 1.71 1.53 0.64 9.57 6.69 13.94 0.92 2.35 1.03 12.7 11.9 5.76 0.92 2.41 1.43 3.57 4.61 7.41 2.25 7.17 -0.54 1.86 0.34 4.77 2.19 1.68 0.46 0.12 0.37 0.69 0.32 0 1.82z"/>
            <path data-name="Guarne" class="fil0 tooltip-target" d="M452.07 298.94l0.48 -5.22 -2.35 -1.57 10.34 -8.67 -5.48 -3.04 -1.58 -1.62 -2.93 -5.89 -9.89 0.85 -2.43 -0.64 -6.66 -4.47 -1.52 -2.04 -2.17 -7 -0.16 -0.98 -0.13 -3.46 -2.79 -0.44 -2.34 -1.31 -8.19 -9.78 -6.88 -1.92 -5.55 2.52 -2.2 0.12 1.48 4.87 -2.22 2.48 0.55 1.77 3.25 1.8 -0.54 7.18 -0.57 1.73 -3.36 5.39 -2.36 0.36 -2.36 7.43 -9.45 1.71 -0.76 4.41 1.1 3.83 3.42 2.34 1.46 8.52 -2.57 3.06 0.09 1.67 -0.91 2.67 -3.36 3.92 -0.91 4.74 -0.46 1.2 -3.39 5.78 -15.29 -4.44 -5.4 2.68 -3.9 -9.87 -1.21 -0.36 -1.91 -1.3 -1.98 -2.5 -2.84 0.21 -2.41 -0.64 -2.83 -1.92 -9.93 -1.52 -7.54 -12 -5.04 -4.74 -1.13 -2.1 -0.26 -1.4 -0.65 1.61 -0.61 1.01 -7.29 8.69 -1.24 0.97 -10.19 5.03 -1.12 0.36 -5.99 0.9 -0.93 3.82 -1.59 2.28 -7.89 5.22 -1.79 0.63 -8.75 0.73 -7.56 3.5 -11.68 -4.32 0.73 -4.28 -0.61 -0.05 -2.18 5.72 -0.47 15.65 -14.42 8.75 2.03 4.55 0.19 2.55 -0.35 1.3 5.33 1.05 -1.91 12.14 -1.1 2.15 -7.06 6.89 -10.79 -2.66 -1.26 -6.26 -3.64 -0.82 -7.89 1.09 -1.57 0.65 4.93 3.18 -2.42 6.64 0.59 2.04 4.24 0.09 2.95 10.21 4.94 2.64 1.83 9.41 -1.17 1.39 6.31 7.36 -4.05 7.54 -1.37 1.44 -3.5 2.14 0.04 0.61 3.55 1.71 1.8 1.85 4.59 10.05 0.33 1.94 -0.28 2.96 2.48 4.17 3.33 1.48 1.46 1.15 6.02 7.78 -0.93 6.4 6.13 3.77 1.7 2.26 0.21 0.78 5.89 1.71 0.99 5.01 3.57 5.05 0.65 2.68 -0.72 5.57 2.33 3.74 5.06 1.72 3.11 8.49 -11.82 4.74 -0.93 5.43 -10.78 6.17 -6.58 -2.53 -9.2 3.94 0.54 0.96 0.48 1.96 -0.27 8.31 -3.2 2.22 2.28 3.25 0.69 2.02 0.22 5.61 5.62 4.32 1 1.16 5.6 10.08c4.02,2.86 7.78,5.61 11.7,8.59l4.17 -0.04 2.14 0.64 5.56 3.74 1.48 1.89 2.35 6.63 2.09 2.06 5.58 -2.4 2.69 -0.11 8.21 2.72 2.26 -3.34 2.34 -1.58 6.06 -1.34 0.39 -0.07 12.41 -1.44 9.23 -4.37 0.66 -4.96 11.09 -3.03 0.51 -0.11 6.14 -0.82 28.31 -13.03 -3.52 14.7 2.28 3.01 0.76 2.25 0.06 4.24 2.86 -1.78 7.26 4.23 5.58 0.74 1.15 -6.87 4.85 -0.83 6.4 -6.83 6.07 3.76 1.31 -1.91 -1.27 -7.55 6.63 -5.96 8.35 -12.03 6.65 5.72 2.43 -2.53 14.3 1.55 7.26 -3.24 5.98 2.66 1.44 1.1 2.45 3.07 3.17 -1.33 1.15 -0.3 5.08 -0.44 1.54 -7.63 9.59 -0.13 1.42 -1.54 -0.48 -3.91 -1.6 -7.35 -1.96 -4.24 -0.28 -2.31 1.78 -9.23 -4.27 -8.26 -0.39 -2.28 0.33 -2.26 -3.99 -8.56 -3.67 -2.05 -0.06 -4.81 -4.09 -6.82 3.05 -3.67 -2.91 -12.61 -6.8 -11.89 -0.33 -0.78 -1.94 -6.3 -1.01 -0.08 -2.37 -1.1 -8.19 -8.15 12.69 -10.31 1.25 -0.67 1.9 -0.61 -3.43 -3.29 -6.5 -0.59 1.15 -14.53 3.22 -1.93 0.16 -0.97 -8.62 -7.09 1.08 -6.07 0.54 -1.37 6.28 -9.94 3.97 -7.97 1.43 -7.12 3.15 -2.07 2.41 -4.52 0.74 -15.29 -2.34 -6.61 -3.11 -1.83 1.3 -12.39 -3.94 -5.11 -0.78 -2.67z"/>
            <polygon data-name="Argelia" class="fil0 tooltip-target" points="1180.56,1777.13 1180.64,1777.19 1180.64,1779.03 1181.51,1779.02 1191.21,1772.39 1193.51,1771.74 1218.09,1772.76 1221.9,1781.89 1226.03,1783.02 1240.28,1770.71 1241.7,1769.94 1253.44,1766.48 1266.74,1758.5 1274.55,1748.35 1290.22,1747.6 1325.55,1721.1 1333.81,1692.19 1335.05,1690.31 1339.35,1686.72 1342.09,1685.85 1348.43,1686.37 1350.5,1683.11 1342.65,1675.92 1345.83,1660 1358.29,1660 1364.76,1657.42 1365.71,1657.17 1377.19,1655.73 1378.37,1655.78 1392.72,1658.56 1394.83,1659.74 1398.05,1663.32 1407.55,1663.32 1418.08,1654.54 1420.41,1653.66 1432.29,1653.24 1443.44,1646.96 1444.17,1638.57 1455.8,1633.67 1458.71,1637.82 1468.96,1636.5 1486.04,1621.1 1487.91,1620.19 1503.99,1617.31 1509.87,1625.4 1514.28,1625.4 1522.33,1615.95 1552.19,1615.24 1557.83,1610.2 1560.54,1609.23 1581.83,1610.24 1587.17,1607.95 1589.55,1603.33 1588.24,1597.37 1584.09,1593.71 1580.35,1595.76 1570.6,1590.67 1557.44,1595.31 1544.12,1587.89 1544.13,1587.87 1544.12,1587.87 1545.24,1577.3 1545.24,1577.3 1544.28,1575.99 1541.83,1579.15 1530.96,1575.93 1517.82,1579.07 1514.14,1584.22 1497.93,1585.8 1491.6,1580.02 1485.16,1580.48 1479.52,1587.33 1478.07,1588.42 1465.24,1593.88 1454.59,1604.56 1443.08,1604.24 1435.98,1608.3 1425.1,1621.11 1424.03,1621.99 1412.33,1628.45 1411.32,1628.82 1401.27,1631.04 1392.22,1635.81 1390.63,1636.24 1379.57,1636.8 1378.98,1636.79 1364.28,1635.12 1357.9,1622.82 1352.02,1616.23 1341.73,1616.79 1336.22,1606.56 1329.81,1603.35 1322.63,1609.46 1321.52,1610.14 1308.62,1615.01 1307.07,1615.25 1289.79,1614.3 1287.68,1613.51 1282.05,1609.18 1276.15,1610.41 1274.2,1610.31 1260.43,1605.81 1234.66,1610.48 1232.96,1610.41 1222.81,1607.54 1211.38,1606.69 1208.97,1605.57 1200.67,1597.22 1192.06,1600.17 1190.03,1600.28 1176.56,1597.35 1152.47,1599.8 1150.34,1599.39 1133.19,1590.41 1120.8,1589.4 1117.13,1577.7 1111.48,1570.23 1101.78,1575.69 1100.83,1576.06 1088.96,1579.02 1079.72,1572.07 1053.19,1566.35 1042,1564.28 1039.58,1562.73 1037.11,1559.24 1033.54,1566.9 1033.14,1567.57 1024.98,1578.58 1020.21,1589.94 1019.3,1591.24 1008.74,1601.22 1006.43,1602.25 994.59,1603.2 992.83,1602.91 983.73,1599.11 972.38,1606.83 971.45,1607.29 946.07,1615.77 945.16,1615.96 936.75,1616.65 931.37,1619.2 929.81,1619.56 917.56,1619.79 905.85,1618.87 894.98,1621.76 894.19,1621.88 863.69,1623.41 847.59,1627.84 845.06,1627.66 835.3,1623.34 818.6,1622.93 797.28,1628.63 801.18,1633.55 806.33,1633.27 808.76,1633.98 821.99,1643.49 822.56,1643.98 826.4,1648.11 834.38,1648.06 836.74,1656.76 843.12,1661.09 844.46,1662.67 847.71,1669.83 861.43,1672.89 864.54,1680.01 877.15,1683.34 882.58,1677.64 886.32,1664.52 901.49,1662.57 903.68,1662.94 925.11,1673.77 931.34,1676.51 825.15,1743.74 825.15,1740.69 823.54,1740.72 824.77,1744.2 829.93,1747.22 830.75,1747.87 840.09,1757.53 849.14,1759.59 852.07,1767.56 859.77,1767.31 861.33,1767.59 870.21,1771.27 871.76,1772.44 880.38,1783.51 887.07,1787.51 905.47,1785.19 905.47,1785.19 904.96,1792.02 910.29,1791.44 912.93,1792.14 922.2,1798.86 932.33,1801.19 932.33,1801.19 934.32,1810.47 942.04,1809.58 950.91,1806.11 952.31,1805.86 965.15,1805.96 967.31,1806.63 971.75,1809.72 978.54,1796.29 992.38,1796.29 997.76,1788.33 1007.09,1787.88 1007.88,1787.92 1019.62,1789.83 1020.16,1789.97 1026.37,1791.94 1026.07,1788.33 1026.07,1788.32 1026.07,1788.32 1026.5,1786.23 1032.28,1775.24 1032.96,1774.31 1040.52,1766.81 1042.65,1765.73 1056.54,1763.7 1065.59,1771.46 1083.63,1771.89 1086.03,1772.82 1089.14,1775.51 1101.68,1768.75 1105.63,1771.37 1107.08,1762.07 1107.08,1762.06 1119.36,1757.09 1119.87,1756.93 1129.81,1754.46 1130.67,1754.36 1139.21,1754.24 1141.74,1755.16 1157.61,1768.94 1166.14,1767.9 1168.82,1768.6 1180.56,1777.12 "/>
            <path data-name="Sonson" class="fil0 tooltip-target" d="M696.77 2200.58l-2.77 -18.63 -0.17 -1.09 -2.61 -11.94 0 0 0 -0.01 0.18 -2.19 3.45 -8.79 1.1 -1.52 7.24 -6.1 7.54 -19.81 0.82 -1.28 14.87 -15.4 5.75 -11.84 1.94 -1.85 11.54 -4.96 8.6 -6.52 3.92 -7.69 -3.17 -4.45 0 -0.01 0 -0 2.15 -11.33 0.37 -1.06 3.25 -6.21 -3.25 -8.56 0 -0.01 0 -0 0.04 -2.79 3.46 -8.42 0.83 -16.94 0.19 -1.06 3.17 -9.2 -2.94 -17.69 -0 -0.01 0.49 -2.58 3.78 -6.34 1.31 -8.46 0.52 -1.43 2.67 -4.27 0.7 -4.63 -12.91 -14.77 -23.87 -16.96 -1.01 -1.07 -8.78 -13.87 -0.36 -0.71 -2.96 -8.07 -0.22 -1.58 0 -0.01 0 -0 1.63 -22.97 0 -0.01 1.27 -2.57 8.13 -7.26 3.59 -11.72 0.67 -1.27 2.38 -2.97 -2.11 -15.55 0 0 0 -0.01 8.05 -3.11 1.98 -6.6 -2.41 -5.17 -4.9 -5.12 -1.06 -2.38 0 -0.01 -0.7 -10.95 0 -0 0 -0.01 0.3 -1.72 3.83 -8.96 2.86 -12.19 0 0 -0.93 -10.33c-2.81,-11.69 -5.26,-22.96 -7.73,-34.76l0 0 -0 -0 7.28 -10.69 6.93 -13.01 14 1.26 1.55 0.48 10 5.72 0.95 0.77 8.9 9.99 10.02 2.36 0.66 0.22 8.06 3.52 11.41 -0.33 -3.69 -10.12 15.31 0 87.7 -55.52 -14.29 -7.22 -9.01 1.16 -2.63 9.2 -0.91 1.58 -9.19 9.65 -20.5 -5.41 -3.06 -6.96 -13.66 -3.05 -4.38 -9.65 -6.67 -4.52 -1.55 -2.14 -1.2 -4.41 -5.46 0.03 -5.86 -6.3 -11.81 -8.48 -7.76 0.43 -13.55 -17.1 33.03 -8.84 1.07 -0.12 18.05 0.45 1.44 0.31 9.2 4.07 15.19 -4.19 0.83 -0.13 30.48 -1.52 11.14 -2.96 1.25 -0.12 12.26 0.96 10.78 -0.21 5.3 -2.51 1.32 -0.36 8.67 -0.7 24.43 -8.16 14.32 -9.74 12.03 5.03 9.59 -0.77 8.98 -8.5 4.63 -11.02 0.46 -0.79 8.22 -11.09 8.95 -19.24 9.17 12.96c12.52,2.31 24.74,5.02 37.2,7.7l1.49 0.69 7.03 5.28 7.87 -1.96 15.04 -8.47 10.07 13.3 0.59 1.16 2.33 7.43 8 0.65 1.46 0.43 16.85 8.82 23.58 -2.41 1.18 0.06 13.02 2.83 12.08 -4.13 10.65 10.7 10.39 0.78 0.74 0.13 9.71 2.74 25.85 -4.69 1.85 0.12 13.7 4.48 8.32 -1.74 7.47 5.76 15.3 0.83 11.56 -4.37 10.49 -8.93 11.97 6 1.65 1.59 3.79 7.02 9.13 -0.5 8.61 9.67 0.54 0.79 4.74 9.13 10.37 1.17 9.88 -0.5 8.74 -4.61 0.95 -0.34 10.01 -2.21 10.64 -5.87 10.86 -12.8 1.01 -0.85 8.59 -4.91 1.99 -0.49 9.31 0.26 8.85 -8.89 1.21 -0.82 12.67 -5.39 7.13 -8.67 12.94 -0.92 6.25 5.71 9.36 -0.91 2.51 -3.5 2.22 -1.48 15.53 -3.72 1.95 0.05 6.87 2.03 5.42 -6.98 7.8 10.57 0.73 2.65 -0.75 7.09 5.92 3.3 13.04 -4.6 9.09 4.75 4.87 -2.66 9.07 7.99 1.19 2.04 1.26 5.63 2.81 0.16 2.59 -5.18 14.83 -3.3 1.03 -0.09 26.1 1.45 2.39 1.01 5.39 5.01 9.62 -1.61 20.49 14.84 20.24 2.89 7.42 13.78 -6.19 3.86 0.52 2.07 7.54 9.8 -2.19 8 7.07 14.15 24.22 13.32 8.7 -7.36 15.48 6.19 -2.41 10.41 7.99 10.65 2.72 -0.25 2.17 -9.38 18.75 0.99 2.64 7.04 5.39 5.39 26.15 2.99 0 9.58 15.48 4.98 6.22 -1.91 9.51 -19.76 9.52 1.9 9.84 0.21 2.46 0.95 2.97 2.64 13.61 -2.41 5.49 -4.65 2.33 -0.89 12.34 -0.44 3.66 -2.74 1.18 -6.3 1.04 -1.98 7.7 -7.71 6.81 5.31 1.07 0.58 1.7 -4.76 -1.72 -1.08 -7.06 -9.72 5.85 -1.67 0 -5.35 1.04 -2.61 6.59 -7.01 -0.37 -5.12 0.85 -2.68 3.41 -4.17 -0.65 -9.82 5.18 0 0.7 -1.29 -5.43 -3.76 1.37 -9.59 -0.7 -0.3 -1.94 -1.88 -6.33 -13.39 7.12 -1.78 4.99 -6.24 1.7 -1.22 4.04 -1.44 -0.94 -12.7 3.85 -1.93 2.38 -6.34 1.44 -1.83 10.28 -6.86 0 10.74 3.67 3.24 -2.45 -8.76 0.25 -2.71 2.5 -5 0 -2.29 -10.03 -6.03 1.71 -10.26 11.69 -5.85 6.16 5.05 9.58 0 0.37 -5.64 4.32 -2.7 2.34 -7.63 9.93 0 4.35 13.55 0.65 0 4.15 -3.64 4.75 0.87 2.18 -3.06 -2.32 -5.22 8.89 -6.24 17.01 5.05 1.13 5.68 3.35 2.52 10.28 -1.47 7.1 5.93 1.34 2.53 0.63 6.05 6.56 0.54 -0.65 5.9 1.09 0.7 2.61 -1.96 4.83 -19.35 5.2 0.58 1.42 -2.44 -1.99 -10.47 9.47 -12.01 3.63 0 2.39 -3.72 -1.6 -8 8.11 -6.59 0 -10.3 0.36 -1.58 7.25 -15.88 -7.33 -48.02 5.46 -3.97 -1.28 -15.31 0.18 -1.49 12.36 -38.02 -15.9 -3.16 -2.26 -0.45 -0.52 -0.15 -434.58 -151.92 -2.51 2.93 -0.87 0.74 -7.18 4.54 -8.25 18.37 0.38 1.41 6.53 -0.51 -0.61 12.63 -6.98 1.74 -3.65 3.69 0.03 10.7 -0.89 2.46 -3.13 3.68 8.04 7.08 -3.5 6.83 0.85 1.85 6.27 1.33 -3.11 9.94 3.31 6.23 -10.55 10.63 -7.55 9.83 -10.01 -0.37 -0.44 -1.4 -1.52 3.85 -4.05 0.83 -0.73 14.58 -0.13 0.85 -0.85 3.04 2.85 0.83 3.4 8.19 0.26 2.01 -1.8 12.06 -10.98 4.73 -1.37 0.3 -4.98 0.19 -6.34 6.74 -1.96 1.12 -13.63 2.96 -3.74 9.44 -0.21 0.42 -4.31 7.87 -1.68 14.51 -11.39 3.43 -6.7 7.75 -11.37 -10.17 -8.31 -4.92 -11.87 -3.21 -3.81 -6.8 -7.26 -4.3 -0.76 -0.6 -4.4 -4.44 -5.79 3.98 -0.87 0.45 -2.57 0.92 0.46 3.63 -0.73 2.77 -5.58 7.37 -9.16 -1.33 -1.94 1.49 1.09 3.59 -5.72 9.45 3.61 1.54 -4.99 16.47 -2.57 0.11 1.45 3.09 -4.46 2.91 1.39 3.9 -0.07 2.72 -1.83 4.43 4.67 1.7 -4.2 12.33 -4.78 -0.06 -1.59 3.41 -2.84 9.09 1.2 11.45 -7.15 -1.74 -3.69 6.55 -1.84 8.26 -0.58 1.34 -5.71 8.23 -5.41 0.17 -9.21 12.45 -3.96 -5.16 -4.61 2.64 -1.59 0.49 -10.04 0.8 -4.16 3.96 -0.69 0.52 -6.13 3.63 -2.22 0.52 -7.64 -0.57 -5.9 4.48 2.32 10.89 -9.56 -0.11 -5.85 4.17 -2.64 0.69 -0.92 -0.11 -0.9 3.76 -14.56 3.85 -2.99 -4.94 -1.02 -0.08 -1.01 4.3 -12.6 5.04 -2.5 0.12 -4.49 -1.34 -3.6 3.81 -1.74 1.06 -19.28 5.44 -1.83 0.06 -12.91 -2.81 -4.98 4.51 -2.61 0.98 -11.56 -0.2 -0.64 -0.06 -10.45 -1.98 -4.63 2.62 -4.24 5.86 -0.91 0.89 -10.7 7.46 -0.76 0.4 -12.87 5.17 -2.4 0.15 -11.45 -3.07 -9.13 3.24 -6.56 -7.4 1.94 -19.28 0.58 -1.68 3.14 -4.9 0.45 -12.81 1.91 -17.94 0.09 -0.52 5.47 -21.75 -1.37 -10.32 12.47 -5.26 -0.28 -6.92 -2 -1.27 -1.64 -2.25 -2.47 -9.52 0.31 -2.73 2.07 -3.94 -2.16 -9.03 0.43 -2.84 0.81 -1.34 -2.44 -1.74 -1.64 -14.34 0 -0.81 0.82 -8.21 -6.02 -3.47 -1.22 -1.1 -14.28 -20.26 -9.04 -6.11 -1.21 -8.01 0.07 -1.46 2.43 -10.1 -0.31 -8.53 -6.07 0.14 -1.59 -0.31 -9.43 -4.1 -1.87 -1.79 -4.73 -9.44 -7.2 -0.6 -2.44 -20.95 10.19 -1.81 8.4 -6.3 7.01 -10.25 2.54 -9.23 8.64 -3.52 2.35 -7.81 0.61 -1.2 3.5 -4.63 3.95 -13.91 0.95 -1.64 9.1 -9.28 0.74 -12.49 -0.83 -7.24 -5.13 -7.27 -0.44 -0.83 -1.83 -4.78 -6.41 -5.94 -0.65 -1.24 -2.39 3.55 -2.1 1.53 -5.8 1.68 -3.38 4.54 0.38 7.16 -0.07 0.97 -2.54 12.21 -1.02 1.89 -3.91 3.99 -5.75 10.9 -19.67 3.33 -1.42 1.5 -2.48 1.19 -6.52 0.49 -0.8 -0.03 -9.61 -1.36 -8.85 6.07 -9.9 -7.3 -9.55 -2.22 -1.22 -2.08 -5.51 5.24 -3.98 7.51 -1 1.2 -8.17 6.48 -2.29 0.82 -10.84 0.24 -2.25 -0.69 -4.21 -2.94 -13.03 1.99 -4.97 4.61 -14.92 -0.83 -1.95 -0.67 -1.8 -1.24 -3.8 6.12 -0.76 0.88 -6.87 5.86 -5.48 7.09 -3.19 7.29 -1.51 13.35 -14.72 0.49 -1 -0.09 -3.37 -0.8 -3.79 2.26 -6.39 7.06 -10.83 0.23 -6.08 -12.43 -0.33 -0.98 -2.09 -11.46 -0.06 -1.02 0.23 -2.64 -0.73 0.53 -7.92 2.15 -1.11 0.12 -10.85 -0.37 -3.94 1.93 -1.5 3.13 -0.87 1.16 -7.55 6.91 -13.9 -1.46 -1.12 -0.3 -12.42 -5.37 -9.13 0.75 -2.44 -0.65 -4.72 -3.23 -12.51 -1.34 -1.74 4.07 0.84 11.34 -0.51 2.18 -9.39 16.18 -1.5 1.44 -10.04 5.35 -5.06 4.18 -1.31 0.7 -8.06 2.48 -1.09 0.16 -10.3 0.09 -5.81 2.52 -1.72 7.92 -1.02 9.37 -0.81 1.95 -5.19 6.57 -4.5 7.75 2.13 4.61 -5.06 12.27 -0.89 1.31 -5.61 5.32 -2.98 10.85 -4.57 2.25 -3.07 4.16 -15.06 0.24 -9.65 2.21 -10.87 4.06 -14.47 5.46 -6.65 -15.16 5.42 -6.16 1.75 -5.75 -0.43 -10.62 -8.35 -7.12 -1.28 -2.25 -2.17 -12.52 8.81 -5.47 2.49 -3.78 -1.07 -2.21 -0.37 -1.49 -0.37 -8.39 0.04 -0.82 2.26 -12.66 -2.18 -1.31 -1.56 -1.85 -0.78 -1.93 -3.76 5.19 -3.69 2.74 -23.23 8.01 -8.99 12.04 1.48 12.45 -9.85 9.71 -2.2 1.52 -7.63 3.44 -3.27 15.78 -12.09 6.31 -7.72 14.37 2.64 12.16 -5.91 6.02 1.85 8.06 -8.56 5.14 2.33 9.5 -12.26 12.05 -9.56 21.47 -24.85 6.38 -6.76 5 -2.89 1.31 -6.35 1.41 -13.2 9.65 -4.5 1.46 -13.29 -0.04 -2.66 4.48 -3.01 2.86 -10.13 5.37 -3.54 0.86 -7.93 0 -9.73 7.27 -1.64 0.93 -17.35 7.23 -1.94 0.51 -8.7 1.14 -8.73 5.17 -4.79 5.69 -2.39 1.91 -15.55 7.86 -4.35 0.78 -16.96 -2.08 -9.4 6.81 -13.35 18.09 -4.74 13.84 -9.59 4.4 -1.3 17.56 2.74 4.48 0.98 5.36 -3.19 16.75 -0.5 19.42 12.3 3.94 4.87 15.38 7.58 12 17.37 4.46 1.58 0.83 15.11 13.35 27.84 -3.98 7.6 12.75 7.95 1.06 3.98 14.94 9.73 3.07 0.74 17.11 -4.42 0.8 5.33 4.52 -1.52 32.09 -4.04 2.89 -7.08 16.37 -6.08 -1.22 -15.03 12.39 -2.41 0.88 -1.5 0 0 5.43 3.94 2.96 -0.42 8.89 3.71 0.74 4.91 13.29 7.84 2.35 1.54 0.89 8.89 8.43 12.93 8.09c15.67,-2.45 30.76,-4.58 46.48,-6.64l9.1 14.84 -11.72 18.17 10.68 35.59 6.39 3.6 1.73 2.06 7.57 21.32 8.15 12.24 -10.63 11.71 0.4 14.08 10.78 13.04 0.87 2.55 -0.45 13.58 9.72 20.08 20.11 13.85 1.16 1.27 8.2 14.61 0.46 2.25 -1.81 17.19 -0.54 1.59 -9.85 16.16 -1.44 1.37 -2.43 1.31 4.17 5.67 0.72 1.91 3.87 42.59 -0.03 0.98 -2.46 14.36 3.8 2.24 20.61 -14.94 1.82 -0.7 15.08 -1.7 3.59 -7.3 21.51 -7.28 2.19 -0.07 6.24 1.67z"/>
            <path data-name="Nariño" class="fil0 tooltip-target" d="M777.83 2236.25l4.51 -18.05 0.54 -1.19 44.08 -66.03 1.1 -1.09 20.3 -13.07 1.31 -0.54 11.06 -2.22 8.17 -7.36 6.17 -17.46 28.04 -3.81 21.32 -15.7 2.19 -0.73 50.2 -0.95 6.39 -3.84 1.95 -0.55 12.54 0 10.98 -10.12 1.65 -0.89 9.95 -2.49 12.02 -22.73 5.2 -22.74 0.42 -1.06 12.08 -20.81 1.77 -1.58 21.84 -9.51 29.07 -21.59 14.76 -22.63 3.71 -13.93 1.67 -2.25 2.44 -1.53 0.33 -1.84 -9.72 -10.89 -7.87 0 1.44 -12.94 0.37 -1.28 4.98 -9.98 1.76 -26.42 -7.8 -6.98 -1.26 -2.53 -1.64 -20.77 6.42 -3.75 6.3 -28.67 1.57 -2.32c7.98,-5.54 15.64,-10.72 23.77,-16.03l2.46 -0.59 25.02 2.59 1.72 -5.11 -0.04 -1.18 -7.53 -5.46 -10.37 1.26 -17.33 -15.05 -6.62 0.09 -9.3 2.31 -8.02 3.24 -2.6 16.74 -10.04 -6.63 -13.14 7.08 -6.06 -5.23 -18.03 -0.44 -2.38 -0.91 -7.44 -6.37 -9.24 1.35 -6.24 6.2 -4.99 9.5 1.15 13.85 -16.74 -5.33 -11.12 -1.81 -5.1 0.25 -5.52 8.17 -13.22 0 -8.62 17.07 -10.68 -7.44 -10.89 -0.08 -8.67 3.39 -0.95 0.24 -15.07 1.73 -2.43 -11.3 -6.16 -1.42 -1.38 -0.63 -8.72 -6.31 -12.94 1.41 0.49 -6.69 -10.48 1.32 -2.41 -0.51 -8.42 -5.02 -1.04 -0.92 -8.44 -10.84 -7.2 -2.98 -12.37 0.41 -3.41 -9.26 -6.11 -1.39 -1.91 -1.07 -9.77 -10.11 -4.96 -2.91 -16.45 0.48 -1.62 -0.31 -8.48 -3.7 -10.89 -2.56 -1.98 -1.18 -9.28 -10.42 -8.77 -5.02 -8.13 -0.74 -4.69 8.81 -0.21 0.35 -5.54 8.13 3.71 17.66 3.36 13.99 0.09 0.55 1.01 11.27 -0.07 1.19 -3.07 13.04 -0.21 0.63 -3.61 8.45 0.56 8.69 4.39 4.59 0.72 1.03 3.26 7.02 0.19 2.68 -3.47 11.56 -5.93 2.29 1.74 12.81 -3.96 4.95 -3.69 12.07 -1.1 1.74 -7.76 6.92 -1.46 20.62 2.55 6.96 8.14 12.86 23.61 16.78 0.66 0.59 15.55 17.8 -1.34 8.87 -0.54 1.44 -2.7 4.31 -1.3 8.4 -0.49 1.37 -3.44 5.77 2.87 17.29 -0.15 1.86 -3.31 9.63 -0.84 17.02 -0.28 1.27 -3.13 7.64 3.92 10.34 -4.57 8.73 -1.44 7.63 3.98 5.58 -6.39 12.54 -1.1 1.3 -9.72 7.37 -0.81 0.48 -10.63 4.56 -5.39 11.11 -0.69 0.98 -14.74 15.27 -7.61 19.99 -1.11 1.55 -7.26 6.11 -2.68 6.83c2.72,12.46 4.39,23.8 6.35,36.54l0.03 0.54 0.47 36.84 4.75 23.22 13.89 5.06 -6.79 17.59 -2.87 11.12 5.04 5.69 21.07 -13.99 15.76 -36.69 0.72 -1.09 5.04 -5.42 0.52 -0.46 14.94 -11.12z"/>
            <path data-name="Abejorral" class="fil0 tooltip-target" d="M80.48 1644.13l2.26 -5.27 -0.68 -17.57 4.3 -9.75 -0.36 -11.26 4.77 -5.63 3.16 -8.29 0.28 -11.02 -5.62 -4.67 -0.55 -6.49 6.39 -4.8 5.92 -7.8 -2.91 -3.38 4.11 -3.57 2.06 -8.93 -4.66 -3.28 3.31 -16.17 -3.7 -5.14 4.23 -4.94 0.3 -13.59 -3.07 -3.59 -0.96 -7.77 0.35 -13.8 -4.74 -11.19 2.24 -9.95 -0.57 -11.64 1.17 -9.57 -4.26 -1.78 4.86 -5.74 6.26 4.2 4.21 -1.59 0.25 -5.75 9.53 -2.03 6.22 -9.15 -3.72 -5.09 2.77 -4.33 -2.95 -7.58 3.81 -5.41 2.27 -7.28 -0.22 -9.01 6.77 -5.96 0.85 -6.31 -2.31 -6.26 -0.3 -9.37 2.79 -6.44 7.59 -4.42 3.97 -8.27 6.89 -3.25 10.27 -1.2 6.56 4.91 5.31 -0.29 13.04 9.71 12.77 2.67 4.35 -7.75 6.54 1.81 6.41 -5.09 13.64 -2.92 3.14 -3.94 7.45 -0.44 7.03 -4.62 2.93 -6.3 1.21 -9.01 -5.72 -3.01 -7.16 -7.15 -3.91 -9.44 2.83 -9.73 1.25 -9.8 -1.4 -13.79 8.82 -4.77 7.03 -7.47 10.88 -5.75 -1.68 -6.52 3.56 -4.02 1.41 -8.22 0.08 -8.36 -3.1 -5.84 -5.65 -2.63 -4.04 -6.98 -8.44 -10.51 2.17 -3.4 2.51 3.13 2.56 -4.02 0.4 -0.82 2.85 -8.41 5.64 -3.4 7.24 -0.22 2.5 -1.04 1.5 -1.41 5.63 0.83 6.55 4.68 2.21 5.35 1.37 1.7 6.11 4.19 1.36 0.58 8.63 1.85 -2.18 4.91 17.96 1.78 -0.69 12.2 5.26 5.02 -0.1 15.25 8.4 -6.49 -1.07 3.98 -15.93 6.13 5.4 9.48 15.98 -3.69 3.41 2.13 1.97 3.59 -2.53 8.48 11.46 4.53 -1.39 6.57 5.26 1.21 0.1 2.92 12.43 4.64 7.87 -6.68 6.12 2.71 3.12 3.56 1.73 1.13 7.51 2.33 3.17 -4.31 2.61 2.57 0.9 -0.06 -1.75 10.93 10.31 -7.07 5.21 0.37 1.34 -4.47 2.42 1.93 1.49 0.73 3.74 0.89 0.14 0.49 1.74 2.23 4.39 2.58 6.44 6.13 4.61 -0.59 2.73 2.08 1.9 6.69 7.17 2.71 6.54 9.66 6.12 1.17 1.06 2.12 1.43 1.55 6.28 3.82 16.26 -4.37 8.7 1.09 2.53 -0.59 3.2 -2.08 9.14 -0.41 1.67 -0.46 3.11 -1.71 6.21 -0.82 1.43 0.9 1.15 7.78 15.76 -3.23 1.24 -5.36 0.98 -0.15 0.13 0.56 0.45 1.1 4.76 7.96 3.87 -1.47 7.94 8.09 5.04 -3.11 7 1.45 2.43 -0.3 4.96 -2.39 7.26 0.03 2.81 3.09 4.26 -0.15 1.85 -0.55 2.22 -1.35 0.43 -0.05 -1.15 8.41 9.89 -1.83 10.29 4.93 1.03 -1.35 0.06 0.12 4.02 5.05 1.15 0.97 2.93 1.61 0.52 6.88 3.2 -1.26 -0.01 0.06 8.35 5.68 8.75 -5.12 4.59 0.22 1.79 -0.35 2.78 -1.3 7.61 0.14 0.03 -8.91 0.97 -0.98 -0.34 3.78 10.09 0.92 2.13 -0.41 3.63 -1.93 3.5 0.43 0.8 0 4.6 -0.43 4.41 2.39 0.01 -0.01 4.32 2.53 0 3.58 0.15 1.07 1.72 5.81 1.15 1.79 3.07 2.68 -1.65 11.75 9.7 2.31 0.7 0.09 1.19 0.06 -3.06 4.23 0 -0 5.72 -7.9 4.53 0.23 -7.89 10.89 -25.45 8.78 -12.22 16.35 1.4 11.79 -7.18 7.08 -11.16 5.04 -3.33 16.07 -10.98 5.73 -10.15 18.89 2.36 10.89 -5.94 6.05 1.54 6.74 -8.63 5.18 2.63 10.75 -10.2 10.02 -8.66 19.45 -22.75 5.84 -7.94 5.87 -7.94 1.76 -14.46 10.57 -17.63 -0.05 -4.87 8.22 -10.13 5.37 -10.49 -0 -11.72 8.76 -17.35 7.23 -10.28 1.35 -11.1 6.58 -5.66 6.73 -15.55 7.86 -19.91 -2.44 -12.76 9.24 -14.79 20.04 -4.06 11.85 -10.71 4.91 -1.81 24.46 4.02 6.56 -3.3 17.29 -0.57 21.9 -3.72 -0.29 0.48 -21.69 -0.46 17.87 -13.94 -1.09 -9 9.34 -16.32 3.54 -5.75 12 -7.4 4.74 -11.5 0.43 -1.82 0.54 -13.32 7.99 -1.52 1.7 -3.18 6.98 -2.83 1.82 -1.41 1.64 -3.02 6.64 -12.89 9.39 -10.95 -0.17 -2.32 0.76 -7.21 5.41 -9 -10.41 -6.58 0.25 -6.67 -17.31 -26.59 -11.76 -6.34 -6.33 -13.01 3.19 0.8 5.7 -2.72 -0.82 -1.35 -3.56 -1 -1.48 -14.91 -13.58 -1.28 -8.35 -9.69 -6.52 -5.77 7.39 -3.69 -1.67 -2.71 -0.17 -9.32 2.96 -2.02 6.15 -3.96 -2.29 1.72 -6.94 -10.54 -8.13 -1.84 -9.34 -0.88 -1.77 -6.99 -8.02 1.72 -6.28 8.56 -2.35 -10.25 -23.96 -13.07 1.97 -5.72 -5.36 -1.82 -0.95 -3.07 -0.66 0.44 -1.03 0.3 -1.62 -0.6 -15.54 0.54 15.24 -0.25 1.52 -1.95 5 -3.8 -0.82zm163.87 -329.23l-0 0 -1.88 0.63 -5.73 0.33 0 -0.01 5.74 -0.33 1.87 -0.63zm-11.88 4.92l-0.01 0 -12.76 2.73 0 -0 12.76 -2.73zm-19.99 8.46l-0.01 0.01 -5.52 -1.53 0.01 -0.01 5.52 1.53zm-9.78 6.05l-0 0.01 -15.5 -3.24 -1.49 -0.67 -11.94 -8.89 -3.95 0.21 -2.47 -0.76 -5.33 -3.98 -8.17 0.95 -5.1 2.41 0 -0 5.11 -2.41 8.17 -0.95 5.33 3.98 2.47 0.76 3.95 -0.21 11.94 8.89 1.49 0.67 15.49 3.24zm-65.61 24.75l0 0.01 -0.43 0.81 0.43 -0.82zm-17.93 57.02l-0.01 0 -6.64 1.42 0 -0.01 6.65 -1.41zm-6.89 6.73l0 0 -8.39 3.17 -2.44 -1.63 0 -0.01 2.44 1.64 8.38 -3.17zm269.42 242.96l-3.25 -5.31 -0.55 -2.25 1.98 -26.71 0 0 -1.97 26.7 0.55 2.25 3.25 5.31 -0 0.01zm246.54 -182.13l-2.78 -11.36 0 0 2.78 11.36 -0 0zm5.88 -16.56l-1.39 -6.07 0 -0 1.39 6.07 -0 0zm4.57 -12.15l-1.93 -8.89 0 -0 1.93 8.89 0 0zm40.6 -63.89l-0.37 -3.14 0.37 3.14 -0 0z"/>
    </svg>`,

    "Magdalena Medio": `<svg xmlns = "http://www.w3.org/2000/svg"  width = "100%" height = "100%" viewBox = "0 0 2215 3276">
   <path class="fil1" d="M319.06 2039.74l-6.53 -2.96 0 -0.01 -0 -0 4.11 -10.12 -4.7 -2.46 0 -0.01 0 0 -3.54 -19.39 0.3 -2.29 3.02 -6.43 -1.87 -15.52 9.72 -9.22 3.2 -6.04 -5.57 -2.66 -8.58 7.19 -0 -0.01 -6.61 -15.1 -8.72 -6.3 -5.36 5.81 -9.21 -2.16 -2.34 -1.65 -2.48 -3.88 -0.16 -0.25 -0.47 -0.04 -8.97 13.42 -11.43 -1.96 0 0 -0 -0 6.09 -22.68 -3.65 -5.61 -0.61 -2.01 -0.3 -17.04 -4.63 -15.74 -0.11 -1.72 2.56 -14.53 13.76 1.09 0 0 0 0 -0.27 4.18 9.56 -11.92 0 0 13.16 5.3 4.89 -12 0.01 0 0 -0 7.7 4.73 3.99 -2.48 2.61 -0.52 0 0 6.62 1.05 14.47 -4.93 0 0 0 0 13.87 6.82 0 0 0.5 0.28 9.72 6.75 7.13 1.11 0 0 0.5 0.1 0 0 13.36 4 0 0 0.46 0.18 0.01 0 13.46 6 0 0 15.71 -1.7 8.39 -16.95 0.01 0 0 0 11.72 10.59 0.79 18.93 -0.63 2.25 -3.67 5.53 5.78 8.86 -2.83 11.24 12.18 3.98 9.54 -3.2 1.81 -0.15 0 0m78.98 -141.71l0.06 -0.39 0.69 -3.05 0 0 0.41 -1.79 0 -0 0.14 -0.59 0 -0 0.14 -0.59 0 0 0.14 -0.59 0 -0 0.14 -0.58 0 0 0.14 -0.58 0 -0 0.13 -0.58 0 0 0.27 -1.16 0 0 0.13 -0.57 0 -0 0.27 -1.14 0 -0 0.13 -0.57 0 -0 0.14 -0.57 0 -0 0.14 -0.57 0 0 0.14 -0.57 0 0 0.14 -0.57 0 0 0.14 -0.56 0 -0 0.14 -0.56 0 -0 0.14 -0.56 0 -0 0.14 -0.56 0 -0 0.14 -0.56 0 -0 0.14 -0.56 0 -0 0.14 -0.56 0 0 0.14 -0.56 0 0 0.14 -0.56 0 0 0.14 -0.56 0 -0 0.14 -0.56 0 0 0.15 -0.56 0 0 0.14 -0.56 0 0 0.14 -0.56 0 0 0.15 -0.56 0 0 0.15 -0.56 0 0 0.15 -0.56 0 -0 0.15 -0.56 0 0 0.15 -0.57 0 0 0.15 -0.57 0 0 0.15 -0.57 0 -0 0.15 -0.57 0 0 0.15 -0.57 0 0 0.15 -0.57 0 -0 0.15 -0.57 0 0 0.16 -0.57 0 0 0.16 -0.58 0 0 0.15 -0.58 0 0 0.16 -0.58 0 -0 0.16 -0.58 0 0 0.16 -0.58 0 0 0.16 -0.59 0 0 0.16 -0.59 0.17 -0.59 0 0 0.17 -0.59 0 0 0.17 -0.6 0.17 -0.6 0 0 0.17 -0.6 0 0 0.17 -0.61 0 0 0.17 -0.61 0 -0 1.43 -2.06 0 0 6.52 -4.72 0 0 2.31 -6.12 0 0 -2.03 -11.15 0 -0 -0.06 -0.84 0 -0 0 0 0.78 -16.59 -11.74 -9.07 -4.54 -3.5 -1.43 -2.35 0 0 -2.26 -12.7 0 0 -3.17 -3.06 -12.98 -12.55 0 -0 0 0 19.66 -4.87 5.48 3.98 13.54 -7.34 1.01 -0.37 0 0 6.2 -1.36 13.15 -8.83 1.76 -0.63 0 0 3.46 -0.33 4.81 -5.95 -0.31 -8.21 9.68 -9.6 5.44 1.17 3.99 -7.89 2.33 -8.98 1.13 -1.86 9.47 -8.56 -0.04 -6.98 0.25 -1.41 5.58 -14.13 1.59 -1.86 8.5 -5.08 8.41 -10.69 0 0.01 0 -0 2.96 7.07 -0.26 -2.67 7.94 -3.92 -7.15 -13.4 0 -0 13.46 1.5 19.28 -5.55 3.07 -10.78 0.88 -1.55 5.26 -5.64 -2.3 -1.41 -11.23 3.98 -2.47 -6.02 -4.5 -2.51 -0.81 17.07 -20.71 -21.13 -12.25 -10.33 -9.89 -3.73 -21.61 -3.04 -5.18 -9.39 -3.53 -0.45 -12.89 5.17 -1.59 0.27 -20.98 -0.99 -0.36 13.47 -0.06 0.63 -3.89 20 -0.31 0.93 -8.85 18.47 -9.41 16.49 -14.04 -0.71 -8.79 9.78 -18.55 0.37 -8.46 -9.69 -20.74 0.85 -2.47 9.49 -10.24 0 -1.68 -0.4 -9.2 -4.55 -5.1 4.94 -14.19 -1.17 -1.94 -0.73 -13.13 -9.65 -0.42 -0.36 -9.96 -9.75 -3.43 0.24 -11.37 13.21 -16.14 -0.73 -10.08 -13.27 -0.49 -0.83 -3.82 -9.16 -12.59 -5.15 -16.95 -2.13 -18.46 14.47 -19.98 -13.25 -6.42 0.69 -2.22 7.64 -9.1 1.35 -13.6 14.77 3.27 10.22 -12.4 1.44 -7.26 5.6 -0.03 5.2 13.51 0.94 -9.07 16.19 -1.93 1.68 -15.27 6 -5.96 -3.52 -11.66 6.82 -14.53 -7.05 -1.21 11.91 -16.74 0.17 -0.91 -16.54 -7.73 -10.08 -7.4 1.28 -8.74 -6.72 -18.42 1.15 -5.17 5.18 11.75 8.38 -14.15 12.32 -3.85 8.94 -3.89 0.88 1.94 3.81 -4.48 7.99 -3.75 0.03 -0.3 6.19 -6 4.57 -2.37 0.77 -1.86 -0.03 -1.81 5.82 -7.95 -0.29 1.59 4.54 -5.77 5.13 -1.85 0.89 -11.66 2.16 -1.33 7.09 -5.95 1.91 -8.33 8.35 -2.24 7.89 -14.24 4.42 -6.57 15.73 -2.2 14.1 -13.07 0 -2.23 -8.61 -5.59 -0.07 -0.93 12.54 8.67 5.13 -6.89 12.95 0.35 8.09 1.64 8.02 15.69 2.35 0.66 0.17 8.8 2.96 1.46 0.89 9.75 9.61 7.74 8.55 6.05 3.46 1.64 1.89c2.55,6.34 4.89,12.53 7.29,18.95l2.9 1.7 0.51 0.36 10.74 8.93 -0.57 10.03 2.65 7.57 7.67 4.7 0.34 0.24 6.64 5.13 0.89 0.97 4.52 7.12 7.63 3.02 2.22 10.27 7.55 9.86 -9.52 6.06 -0.64 3.68 7.61 1.11 -1.93 14.99 6.24 2.69 1.65 1.37 7.27 10.76 1.79 -0.35 0.04 4.02 0.11 0.37 0 8.37 4.58 4.53 10.52 -6.69 2.71 -0.52 11.1 2 1.58 0.67 8.93 6.55 1.34 1.8 5.46 15.48 2.75 10.38 10.07 8.56 0 6.77 6.08 3.54 1.35 14.55 6.82 0.93 13.62 -2.53 9.77 9.04 12.59 -3.18 8.52 18.5 0.34 1.77 -0.33 6.9 6.01 3.17 15.47 -1.21 9.55 -5.03 14.31 10.68 1.42 2.16 2.74 11.28 0.11 0.97 -0.22 10.78 4.7 9.5 12.82 4.5 8.65 -2.87 2.94 -4 -3.67 -10.45 -0.02 -0.1 -0.01 0 -0.01 -0.02 0.02 -0 -0.19 -1.2 0.22 -11.41"/>
   <path class="fil1" d="M342.37 2080.95l-4.29 -8.7 -0 -0.01 -0.39 -1.45 0 -0 0 -0 -0.08 -1.32 -3.99 3.73 -5.84 -4.29 -2.59 3.52 -1.87 1.35 -11.04 3.67 -2.07 0.09 -8.26 -1.98 -0.76 -0.27 -7.24 -3.46 -1.77 -1.74 -5.8 -11.71 -0.39 -1.76 0.24 -11.21 -2.3 -9.46 -9.38 -7 -6 3.15 -1.49 0.43 -17.33 1.35 -2.06 -0.43 -11.28 -5.94 0.52 -10.8 -5.48 -11.92 -10.46 2.64 -10.01 -9.25 -10.47 1.94 -1.19 0.03 -13.41 -1.82 -1.56 -16.66 -6.51 -3.8 0 -7.63 -8.28 -7.04 -1.22 -1.93 -2.92 -11.07 -5.03 -14.25 -7.28 -5.34 -8.75 -1.58 -14.39 9.15 -10.03 -9.91 -1.13 -2.68 -0.04 -5.16 -0.57 0.11 -4.11 4.85 -2.1 1.26 -7.98 1.75 -2.06 11.28 -10 -1.93 -3.29 1.53 -0.41 6.28 -10.32 8.77 -1.3 0.72 -6.56 2.11 -4.85 5.31 -7.02 11.31 6.89 4.7 0.91 10.67 6.09 5.57 1.18 2.11 2 10.81 4.28 12.86 0.02 2.37 -3.19 9.82 6.88 4.91 -4.31 14.89 4 4.96 0.83 2.28 0.2 7 4.52 5.98 0.76 2.02 0.54 7.29 6.7 3.02 0.93 8.66 4.24 5.85 6.39 2.62 -0.61 13.4 2.28 9.76 3.4 6.85 14.81 16.1 -4.09 6.16 4.67 4 1.19 1.88 3.12 11.2 6.72 3.93 -3.98 5.79 8.12 8.08 7.09 1.69 1.68 0.91 4.37 4 10.25 0.48 4.12 9.04 0.34 1.86 -0.78 9.99 -7.04 5.03 1.57 4.14 0.24 1.25 0.21 7.92 9.77 18.83 -14 -1.12 4.37 3.32 13.76 5.74 1.17 0.77 6.33 6.11 0.34 0.37 7.1 8.91 0.22 0.31 6.79 10.54 0.54 1.37 2.18 11.92 -0.15 1.95 -2.43 6.89 6.93 11.5 0.41 0.93 5.09 17.86 4.36 11.17 5.67 1.98 2.06 5.38 5.43 -3.72 2.65 -0.63 14.85 2.01 1.63 17.44 3.34 14.09 6.69 15.01 5.67 6.58 11.7 2.5 15.34 -7.59 2.17 -0.36 19.09 2.51 13.7 0.13 1.16 0.19 6.46 2.15 4.09 -6.07 2.74 -11.33 0.47 -12.47 1.06 -2.5 8.64 -8.99 0.89 -14.42 0.49 -1.67 4.75 -8.28 3.37 -15.72 1.15 -2.01 5.77 -5.29 -0.57 -11.56 0.33 -1.73 5.02 -11.3 1.7 -1.82 8.07 -4.28 1.64 -0.43 10.75 -0.39 0 0 0 0 0.53 7.5 10.22 1.7 0 0 1.9 0.92 0 0 7.51 6.7 1.04 1.54 4.87 13.37 0 0 6.05 5.19 0 0 0 0 0.91 1.15 0 0 7.83 15.13 19.94 20.74 0 0 0.77 1.19 0 0 7.9 19.06 5.59 4.74 0 0 0 0 0.67 0.76 0 0 16.94 24.65 0 0 0.03 0.01 0 0 0 0 5.79 8.57 0 0 0 0 6.39 4 5.94 0.3 1.49 0.37 0 0 1.78 0.86c1.55,-25.45 3.22,-50.62 5.08,-76.05l-0.55 -13.64 -2.32 -6.09 -0.24 -1.46 0.58 -20.94 0.74 -2.17 5.07 -6.8 0.06 -23.62 0.26 -1.39 4.29 -10.98 0.7 -1.13 7.93 -8.94 2.96 0.02 -1.69 -3.96 -5.96 -1.38 0 0 -3.95 -6.79 -3.61 0.52 0 0 -8.71 -10.23 0 0 -9.28 -7.17 0 0 -5.39 0.19 -0.2 -0.04 -1.36 -0.23 -11.61 -4.74 -12.54 0.33 -0 0 -9.39 8.7 0 0 -17.91 -7.25 -1.33 -6.88 -5.28 -3.66 -17.45 -7.4 -0 0 -0.59 -14.17 0 0 -2.8 -1.3 -7.6 4.49 -1.98 -16.21 0.01 -0.93 2.32 -18.02 0.7 -1.76 3.65 -4.99 -6.72 -5.6 -1.34 -2.37 -0 0 -0.7 -4.8 -4.71 -1.68 0 0 -7.51 2.02 -0 0 -3.94 -5.15 -0 0 -12.77 -2.15 0 0 -6.32 -17.92 -0.15 -0.57 -2.69 -14.16 0.24 -2.19 1.98 -4.63 -3.99 -12.61 -7.43 -3.64 -1.47 1.94 -1.88 1.33 -6.85 2.21 0 0 -3.12 1.01 -1.45 -2.94 -0 0z"/>
   <polygon class="fil1" points="1410.26,716.62 1403.39,724.85 1395.56,723.51 1388.32,729.69 1382.19,739.85 1380.66,741.26 1371.37,746.02 1376.76,750.09 1377.76,758.51 1377.4,760.61 1372.24,771.21 1373,782.72 1357.67,784.59 1352.07,792.76 1343.18,791.03 1333.05,794.78 1330.28,794.72 1321.55,791.07 1310.57,795.62 1308.35,795.83 1279.24,789.81 1270.94,797.2 1270.6,802.92 1260.98,807.98 1254.3,804.69 1248.76,805.47 1246.56,812.07 1250.51,824.85 1243.64,824.11 1247.11,832.33 1238.98,837.11 1239.01,842.41 1244.67,848.64 1239,853.8 1240.73,858.33 1240.94,860.19 1239.54,870.44 1238.45,872.63 1226.64,884.41 1223.13,893.94 1210.44,892.37 1210.17,883.05 1203.65,883.17 1200.58,876.15 1198.64,878.88 1190.95,876.25 1189.79,875.61 1187.13,873.48 1186.11,877.14 1174.78,879.01 1171.15,873.54 1166.17,876.56 1167.84,883.63 1161.2,890.64 1156.26,889.07 1156.89,902.54 1147.1,898.63 1144.83,904.26 1130.93,906.11 1129.74,906.07 1112.93,902.89 1110.71,901.58 1105.7,895.57 1094.04,902.52 1088.84,916.18 1093.18,931.85 1080.74,943.75 1078.19,944.81 1070.57,944.98 1059.94,953.06 1059.4,965.63 1067.05,979.34 1072.8,985.96 1069.58,1005.46 1069.07,1006.82 1059.84,1022 1057.79,1023.64 1040.88,1029.26 1038.28,1035.62 1041.02,1039.02 1056.78,1040.82 1042.49,1067.49 1029.54,1070.4 1023.63,1076.19 1022.05,1093.58 1021.51,1095.2 1013.89,1107.76 1009.97,1125.46 1009.58,1126.49 1004.49,1135.63 1005.47,1144.69 996.48,1148.63 986.47,1164.88 984.49,1166.48 969.59,1171.66 966.4,1179.91 965.63,1181.15 958.19,1189.04 951.84,1206.28 941.55,1208.98 940.08,1217.07 939.3,1226.66 939.16,1227.4 932.41,1250.97 931.06,1258 937.68,1264.54 938.65,1266.12 942.24,1277.64 949.79,1288.13 958.39,1293.2 967.86,1294.54 972.61,1290.35 975.18,1289.42 984.66,1289.54 985.94,1289.77 998.65,1294.52 1000.28,1295.67 1009.97,1307.52 1010.55,1308.5 1021.44,1335.22 1025.53,1336.11 1027.85,1337.64 1032.75,1344.59 1033.28,1345.68 1036.87,1357.56 1048.03,1368.01 1048.83,1369.11 1059.98,1391.86 1069.36,1405.14 1069.36,1405.15 1069.36,1405.16 1063.88,1416.08 1062.56,1416.12 1069.6,1423.06 1069.59,1423.07 1069.59,1423.07 1052.29,1443.12 1054.76,1444.99 1072.78,1443.5 1072.78,1443.51 1072.78,1443.51 1064.74,1461.56 1066.93,1473.51 1066.93,1473.52 1066.71,1475.65 1066.7,1475.69 1064.9,1479.99 1072.73,1478.29 1076.44,1484.47 1076.43,1484.48 1076.44,1484.49 1066.47,1496.25 1067.96,1497.99 1083.8,1486.56 1091.67,1507.52 1105.47,1511.31 1111.5,1522.54 1119.02,1528.33 1120.89,1527.96 1135.54,1524.54 1135.31,1525.57 1163.01,1522.67 1164.28,1522.75 1186.55,1528.05 1188.71,1529.48 1193.84,1536.33 1206.25,1535.59 1206.25,1527.52 1206.5,1526.19 1210.32,1516 1220.28,1512.69 1224.28,1506.28 1224.28,1498.88 1225.09,1496.54 1239.93,1477.45 1241.94,1476.13 1253.61,1472.94 1255.18,1472.84 1268.68,1474.91 1280.22,1474.91 1286.5,1465.95 1288.83,1464.4 1308.98,1460.16 1310.07,1460.08 1321.52,1461.04 1341.63,1447.96 1342.78,1447.46 1358.38,1443.56 1382.76,1409.02 1394.26,1380.79 1395.23,1379.4 1430.23,1347.58 1431.59,1346.8 1485.69,1328.76 1486.88,1328.56 1499.61,1328.56 1501.3,1328.97 1508.26,1332.45 1522.58,1326.72 1523.61,1326.46 1542.24,1324.5 1553.98,1310.81 1555.01,1309.96 1571.98,1300.41 1573.17,1300 1583.52,1298.11 1603.29,1275.38 1607.74,1259.78 1624.59,1250.8 1642.02,1233.67 1642.88,1233.03 1668.7,1219.17 1683.53,1208.73 1703.3,1180.64 1704.59,1179.49 1726.35,1167.62 1729.19,1153.45 1730.17,1151.57 1751.9,1128.81 1764.53,1093.57 1767.65,1073.78 1768.57,1071.81 1777.55,1061.85 1792.11,1013.68 1792.81,1012.38 1800.77,1002.57 1802.76,1001.29 1823.16,996 1824.29,995.88 1848.62,997.08 1881.05,971.66 1902.36,935.12 1909.15,917.86 1910,916.55 1927.24,899.32 1927.69,898.94 1939.61,890.22 1940.1,889.93 1964,877.46 1991.19,851.31 1991.91,850.78 2069.33,805.17 2071.71,804.67 2087.09,806.59 2113.7,784.9 2118.64,773.05 2120,771.38 2150.75,750.17 2152.91,749.48 2158.67,749.48 2164.16,733.01 2165.07,731.51 2182.04,714.54 2182.87,713.91 2198.61,705.06 2212.74,666.72 2212.74,647.08 2198.32,619.28 2197.92,618 2192.61,575.58 2190.52,540.98 2179.72,515.46 2163.14,508.63 2162.5,508.31 2133.41,489.29 2130.37,460.2 2126.38,443.25 2114.26,429.11 2113.34,426.64 2113.34,394.82 2113.83,392.97 2118.76,384.11 2121.8,355.75 2116.59,328.72 2116.66,327.04 2122.07,306.43 2120.14,290.04 2098.71,259.47 2114.01,225.59 2110.95,199.05 2111.72,196.3 2121.74,183.26 2124.4,168.22 2113.82,158.69 2117.15,138.69 2112.32,128.06 2111.98,126.5 2111.98,85.13 2112.62,83.02 2128.87,58.65 2127.91,45.1 2128.61,42.63 2133.33,36.01 2135.31,17.18 2134.43,1.93 2129.28,8.17 2129,8.48 1410.12,711.56 1412.61,713.8 "/>
   <path class="fil1" d="M722.84 2344.45l14.7 -0.63 1.82 -2.74 1.56 -1.34 9.35 -4.37 1.16 -0.34 19 -2.26 3.89 -3.89 0.54 -0.44 20.5 -14.2 27.73 -29.2 0.85 -0.67 52.43 -30.48 28.26 -23.78c11.89,-25.61 21.37,-44.37 34.95,-69.13l4.24 -23.09 0.34 -1.03 26.1 -51.78 0.85 -1.12 23.68 -21.29 1.4 -0.79 19.81 -6.29 0.94 -0.18 19.34 -1.07 4.42 5.41 38.62 -0.45 17.57 -11.16 6.21 -29.33 -8.98 -25.64 -36.98 -33.24 -0.83 -1.07 -24.65 -47.43 -0.42 -2.07 2.42 -28.55 0.64 -1.81 10.88 -16.1 8.61 -23.84 5.17 -2.15 0.7 -10.12 -2.34 -2.68 -0.94 -2.28 -1.9 -31.39 -7.15 -19.22 -15.56 -11.92 -1.33 -1.92 -7.76 -25.59 -8.2 -4.38 2.69 -19.55 1.46 -2.52 6.97 -5.34 4 -28.17 -8.29 -29.91c14.3,-14.43 27.83,-27.8 42.57,-41.74l1.36 -0.83 13.59 -4.76 5.61 -19.24 2.09 -9.42 1.02 -1.87 8.4 -8.4 3.92 5.22 11.21 -5.61 13.83 -17.78 0.62 -2.78 -8.19 1.91 -11.1 -8.54 -1.03 -1.22 -4.87 -9.08 -14.39 -3.96 -5.74 -15.28 -13.46 9.71 -10.25 -11.97 6.91 -8.16 -11.17 2.43 7.04 -16.79 -2.2 -11.99 0.27 -2.24 3.29 -7.38 -6.65 0.55 -2.61 -0.77 -10.1 -7.67 17.95 -20.79 -0.09 -0.09 -13.3 2.06 3.09 -16.53 10.22 -0.32 1.4 -2.79 -6.91 -9.78 -0.3 -0.52 -11 -22.43 -11.42 -10.7 -1.04 -1.67 -3.71 -12.27 -3.67 -5.22 -6.58 -1.42 -12.2 -29.91 -8.7 -10.64 -11.11 -4.15 -7.34 -0.09 -6.28 5.54 -13.7 -1.94 -1.42 -0.49 -9.92 -5.85 -1.15 -1.06 -8.4 -11.67 -0.55 -1.09 -3.49 -11.19 -4.63 -4.58 -4.69 4.93 -0.87 10.48 -9.4 5.36 -23.11 27.56 -3.57 11.68 -8.61 2.23 -15.51 18.6 -1.22 0.96 -4.45 2.23 0.23 12.11 -22.56 20.91 -8.33 11.49 -1.34 1.15 -5.07 2.62 -5.43 7.8 -0.46 0.55 -10.81 10.57 -3.62 8.24 -0.77 1.15 -19.89 20.32 -5.58 11.65 -8.83 2.16 -9.85 8.82 -4.12 7.07 -1.09 1.19 -12.39 8.86 -2.41 0.7 -9.75 -0.56 -3.96 7.1 -0.71 0.93 -11.43 10.74 -5.06 8.82 -5.54 1.16 0.27 0.22 -4.78 11.5 -7.06 -3.33 -5.91 6.34 -3.98 13.97 -24.07 6.93 -1.36 0.11 4.07 7.61 -10.27 5.08 0.78 8.01 -10.99 4.14 -2.59 -6.18 -0.82 1.05 -1.04 0.91 -8 4.78 -4.85 12.29 0.06 9.6 -11.15 10.07 -2.15 8.3 -0.28 0.76 -6.82 13.48 -7.16 -1.53 -4.39 4.35 0.24 6.32 -0.83 2.53 -7.7 9.51 -5.72 0.54 -12.97 8.72 -1.31 0.56 -6.35 1.4 -17.29 9.37 -6.51 -4.72 -2.89 0.72 7.16 6.92 1.12 2.09 2.21 12.47 18.24 14.09 -0.95 20.13 2.14 11.75 -0.18 2.01 -3.08 8.17 -1.33 1.74 -6.37 4.62 -4.9 17.41 -3.99 17.77 -0.89 9.42 -0.94 2.16 -6.81 7.68 -1.72 6.17 -0.76 1.43 -7.48 8.9 -1.26 30.61 -0.16 0.97 -3.89 12.68 -0.27 0.64 -9.66 18.52 0.7 5.85 -0.18 1.64 -8.53 25.57 -1.93 24.19 -28.48 1.15 -13.29 8.51 1.93 -17.25 -3.19 -0.52 -9.84 3.31 -2.38 0.02 -20.13 -6.58 3.75 -14.91 -6.69 -10.25 5.74 -8.67 -0.61 -14.52 -1.9 -1.71 -5.79 11.69 -20.88 2.26 -1.95 -0.31 -14.14 -6.3 -13 -3.89 -7.7 -1.2 -1.59 -0.63 -10.25 -7.12 -10.71 -5.27 -12.4 4.23 -1.81 0.15 -6.16 -0.98 -6.8 4.24 -4.06 -2.5 -4.36 10.7 -14.96 -6.03 -8.4 10.46 -2.34 1.37 -9.34 1.58 4.24 14.38 0.15 1.01 0.3 16.48 4.91 7.56 -3.56 13.22 5.76 -8.62 8.68 0.6 3.87 6.04 3.39 0.8 6.91 -7.5 15.04 10.87 1.27 1.56 2.95 6.74 4.56 -3.81 17.14 8.19 -7.19 13.6 -0.74 0.98 -7.4 7.02 1.54 12.8 -0.34 2.05 -2.98 6.33 2.66 14.56 7.54 3.95 -3.95 9.74 4.42 2 -0.31 15.75 3.71 10.59 2.88 2.11 3.08 -2.87 8.67 1.53 0.46 7.6 2.5 5.07 2.57 -0.83 4.54 -5.99 16.01 7.85 5.4 17.02 -0.14 2.64 -2.09 4.87 2.42 12.72 4.74 13.44 9.82 1.65 2.4 1.44 1.74 2.28 3.74 -1.01 2.25 0.09 10.17 3.62 1.16 7.91 11.07 9.22 -7.26 9.95 -2.13 16.55 0.52 4.22 1.02 -0.6 10.64 4.93 0.59 14.01 13.39 5.67 0.69 0.37 6.87 4.77 1.58 2.41 0.83 4.32 9.63 3.9 6.89 -6.38 2.49 -1.01 14.78 -0.39 1.52 0.28 11.56 4.72 5.96 -0.21 2.46 0.79 10.64 8.23 0.57 0.55 6.25 7.34 4.56 -0.66 4.88 8.39 6.53 1.51 7.75 18.17 -11.09 -0.06 -5.18 5.84 -3.8 9.73 -0.06 24.16 -0.74 2.28 -5.1 6.84 -0.53 18.93 0.98 2.57 2.82 -0.93 2.81 0.18 4.77 2.26 1.22 -3.01 0 0 0 -0 12.21 -4.63 7.07 5.05 14.61 -2.57 10.79 10.89 0.67 0.91 3.37 6.39 0.4 2.32 -1.36 9.28 -0.78 1.8 -0 0 -5.1 6.49 -0 0 -0.49 0.49 4.16 0.6 0.82 0.21 10.13 3.89 -0 0 -3.36 7.28 1.24 1.89 16.19 -1.2 5.11 -3.15 0 -0 1.44 -0.54 3.64 -0.53 3.8 -4.05 0 -0 2.19 -1.15 21.97 -3.47 0.92 -0.03 5.11 0.46 15.02 -2.96 1.48 0 6.96 1.39 7.8 -5.36 0 -0 8.46 2.65 13.79 -0.76 8.89 -7.52 0 -0 4.14 -7.08 1.57 -1.47 5.63 -2.87 1.58 -0.4zm-465.52 -451.1l0.13 0.43 0.11 -1.78 -0.24 1.35z"/>
   <path class="fil1" d="M657.63 2850.85l0.76 -13.62 0.3 -1.3 13.53 -31.45 1.22 -1.54 4.39 -3.3 0.73 -11.7 -16.65 -12.5 -30.13 0.46 -2.23 -0.69 -24.42 -17.26 -23.51 -12.49 -1.68 -1.8 -5.71 -12.69 -0.34 -1.56 0 -28.08 7.27 -6.3 2.33 -56.34 0.25 -1.25 9.11 -23 1.69 -1.92 25.23 -14.22 4.98 -11.61 0.92 -16.57 0.35 -1.42 8.63 -18.21 2 -1.89 7.02 -2.89 4.57 -7.24 2.35 -45.49 0.24 -1.15 16.77 -44.57 1.63 -1.94 17.37 -10.33c1.16,-1.1 5.2,-4.98 5.2,-5.56 0,-3.37 0.49,-14.93 0.49,-14.96l0.54 -1.85 23 -38.34 1.56 -1.44 8.2 -4.1 4.29 -12 0.25 -0.55 2.52 -4.56 -8.62 0.36 -3.93 2 -3.89 6.65 -0.82 0.98 -10.37 8.78 -2.25 0.89 -15.76 0.87 -1.34 -0.17 -5.59 -1.75 -7.41 5.09 -9.35 -1.87 -14.77 2.91 -1.07 0.04 -5.22 -0.47 -20.21 3.19 -3.83 4.08 -2.22 1.16 -4.19 0.61 -5.23 3.22 -1.73 0.56 -21.52 1.6 -6.05 -9.17 1.72 -3.72 -2.14 -0.82 -20.63 -3 12.72 -10.56 4.26 -5.42 1.04 -7.06 -2.53 -4.8 -7.57 -7.65 -13.83 2.43 -6.37 -4.55 -5.3 2.01 -3.02 7.4 -10.66 -5.06 -2.11 0.7 0.47 11.69 0 0.42 -2.7 36.78 -3.09 50.73 -11.34 -5.54 -6.11 -0.3 -1.83 -0.58 -7.96 -4.98 -1.15 -1.09 -6.22 -9.21 0.02 -0.01 -16.62 -24.18 -5.93 -5.04 -1.06 -1.46 -7.97 -19.24 -19.83 -20.63 -0.64 -0.89 -7.74 -14.96 -6.25 -5.35 -1.1 -1.59 -4.89 -13.43 -5.96 -5.32 -15.07 -2.52 -0.43 -6.15 -2.52 0.09 -6.16 3.26 -4.12 9.26 0.7 14.22 -7.5 6.88 -3.25 15.13 -0.42 1.1 -4.6 8.03 -0.93 14.91 -1.06 2.41 -8.6 8.96 -0.43 11.41 -0.11 0.76 -3 12.38 -0.54 1.24 -5.63 8.36 -1.91 10.45 -0.39 1.13 -7.58 14 -5.62 12.72 -0.72 1.07 -9.96 10.57 -3.51 7.14 -1.89 1.82 -21.11 9.27 -7.67 9.72 -1.67 1.22 -9.31 3.44 -0.59 0.16 -8.61 1.66 -2.32 -0.3 -10.13 -4.74 -10.85 2.54 -9.11 5.26 -1.68 0.51 -12.2 0.71 -13.54 4.22 -10.52 8.58 -8.63 8.76 -3.67 5.68 -3.44 7.78 -0.44 0.76 -6.5 8.61 -9.44 14.09 -2.91 10.57 0.36 9.37 -0.28 1.56 -4.43 10.84 -1.76 1.94 -6.05 3.17 -9.19 10.96 -2.47 1.34 -6.83 0.83 -4.83 5.94 -2.63 7.21 0.11 5.81 -0.58 2.09 -4.09 6.49 -1.98 5.16 -0.72 1.18 -5.69 6.36 0.44 8.07 3.98 10.91 0.22 0.97 1.04 11.97 0 0.64 -1.85 21.98 -0.09 0.52c-2.75,12.2 -5.35,23.89 -8.52,35.94l0.98 8.85 0 0.77 -0.73 7.63 6.64 1.44 3.31 5.77 6 -3.36 9.44 3.86 4.8 12.05 5.76 7.18 6.59 1.81 11.3 -3.23 0.76 -0.13 12.49 -0.94 3.97 12.97 4.75 11.6 3.89 0.52 1.94 0.83 6.58 5.43 0.03 1.67 2 -1.61 4.48 7.06 5.43 1.29 14.88 -4.19 0.84 14.13 5.76 6.86 0.88 2.61 -0.39 8.92 -3.07 2.12 3.75 7.25 -7.04 6.02 -1.19 7.69 -0.61 1.55 -4.32 6.41 -0.89 20.06 -6.02 1.24 6.46 13.11 -2.79 7.81 1.46 11.03 0 1.06 -1.37 9.06 2.26 2.11 1.2 2.58 0.77 13.59 1.24 0.6 7.03 -4.2 1.8 -0.54 12.34 -0.48 18.13 -4.37 2.16 0.12 8.08 2.9 1.39 0.5 7.67 1.19 0.59 0.13 7.72 2.53 1.71 1.16 2.44 2.87 5.84 2.82 0.95 0.65 4.21 3.94 10.5 -0.33 0.95 0.09c5.16,1.19 9.47,2.22 14.49,3.71l2.39 -2.7 0.64 -5.12 -6.69 -5.09 -0 -0.02 -1.78 -13.57 0 0 -0 -0.02 9.88 -2.8 0.94 -0.13 6.08 -0.15 4.16 -5.2 1.06 -8.39 6.91 -1.56 4.85 -8.59 -2.54 -1.06 -1.61 -1.26 -6.6 -8.96 0 -0.01 -0.01 -0.01 4.87 -4.68 -2.36 -4.58 0 -0 0 -0 4.26 -4.56 0.7 -6.63 1.22 -2.4 10.68 -9.78 7 0.68 2.34 1.1 5.34 5.37 3.91 1.52 1.99 -0.52 -1.48 -11.94 16.2 -1.25 1.26 0.12 9.93 2.67 7.09 0.12 3.13 -5.88 0.46 -0.69 2.24 -2.62 -3.69 -3.29 -0 -0 -1.25 -2.48 0 0 0 -0 -0.81 -8.62 15.47 0.95 2.28 0.94 2.42 2.12 4.78 -3.7 1.85 -10.31 0.3 -0.94 8.17 -17.39 0 0 1.69 2.42 7.54 10.75 1.86 1.18 4.83 -4.03 13.09 7.71 0 0 0.02 0.01 -0.39 2.5 2.26 -3.05 11.55 5.33 -0 0 0.01 0 -5.83 7.29 6.66 4.44 8.41 -2.95 0 0.01 5.53 10.44 0 0 -0.49 0.69 8.95 -0.77 0.31 -9.21 11.38 0.08 0 0.01 0 0 2.32 6.49 0.09 2.23 -0.13 0.48 2.74 -0.71 6.59 7.02 3.24 -2.76 0.26 -0.17 0.53 -0.36 9.63 -4.76 1.35 -0.39 4.36 -0.39 5.22 -6.68 10.14 3.92 0 0 0 0 -1.16 2.65 5.5 -5.34 0 0 0.48 3.44 11.15 -1.42 0 0 0 0 0.6 1.53 2.6 -2.73 1.73 -1.04 11.42 -3.21 1.95 2.37 1.05 -1.15 0.69 -3.5 1.13 -2.04 8.94 -8.42 14.2 4.17 0 0 0 0 -0.39 1.32 8.26 5.32 5.63 -0.85 14.39 -6.85z"/>
   <polygon class="fil1" points="671.31,2899.69 669.71,2874.6 659.69,2858.3 645.96,2864.82 644.91,2865.15 637.33,2866.29 634.71,2865.72 631.11,2863.41 628.65,2867.67 616.5,2869.56 620.25,2857.04 617.58,2856.26 612.7,2860.85 612.04,2864.21 611.1,2866.06 603.41,2874.41 599.06,2869.13 593.41,2870.72 592.61,2871.56 593.88,2878.38 584.09,2883.31 582.64,2879.63 582.42,2880.61 576.6,2888.99 569.06,2880.55 568.59,2879.52 567.81,2880.28 555.98,2878.27 556.65,2876.75 551.07,2877.24 542.5,2881.49 534.12,2888.62 525.67,2879.62 514.8,2882.44 515.68,2879.04 506.27,2879.85 500.55,2887.26 488.93,2878.52 494.03,2871.27 493.75,2870.73 487.94,2872.77 484.95,2870.78 483.66,2878.09 470.46,2868.97 472.74,2861.71 465.16,2860.02 466.44,2851.74 462.41,2849.37 457.43,2853.52 450.26,2848.98 449.17,2847.94 447.02,2844.87 444.65,2849.94 442.62,2861.2 441.2,2863.54 430.31,2871.96 424.18,2866.57 420.76,2866.36 426.84,2871.78 420,2879.77 414.89,2889.35 402.66,2889.15 401.73,2889.03 392.02,2886.42 384.43,2887.01 385.75,2897.63 376.1,2900.15 373.78,2900.02 368.66,2898.02 367.77,2898.02 361.7,2891.92 359.42,2891.7 352.31,2898.21 351.62,2904.67 350.61,2906.86 349.13,2908.45 351.64,2913.33 347.5,2917.31 349.52,2920.05 359,2923.98 348.25,2943.02 343.26,2944.14 342.74,2948.31 341.94,2950.2 334.92,2959 325.78,2959.23 322.67,2960.11 323.18,2964.02 330.85,2969.87 329.52,2980.49 328.59,2982.54 322.22,2989.77 312.29,2986.83 303.98,2984.91 292.42,2985.27 289.71,2984.24 284.78,2979.63 278.76,2976.72 277.53,2975.75 275.26,2973.08 268.79,2970.96 261.12,2969.76 260.42,2969.59 251.67,2966.45 234.26,2970.64 233.52,2970.74 221.8,2971.2 214.09,2975.81 209.83,2979.26 208.3,2989.2 203.21,2992.71 200.75,2993.38 185.55,2992.14 184.26,2991.8 178.2,2989 171.56,2993.03 167.19,2990.63 162.87,2992.76 158.16,2989.84 147.96,2993.7 140.65,2998.53 138.78,3007.3 138.13,3008.76 135.39,3012.5 135.22,3020.11 134.61,3022.11 127.35,3033.29 116.4,3034.9 112.72,3031.52 112.21,3031.53 112.76,3034.01 112.85,3035.15 112.02,3044.52 111.7,3045.76 108.02,3053.87 101.18,3055.64 97.99,3061.3 92.5,3060.48 90.11,3063.76 87.97,3074.38 81.5,3075.9 81.26,3082.02 80.19,3084.53 74.8,3090.1 59.72,3090.2 55.12,3099.26 53.29,3101.02 46.1,3104.25 45.36,3106.15 44.06,3107.85 40.94,3110.14 43.24,3114.66 43.59,3115.78 44.68,3122.42 479.28,3274.34 498.14,3278.08 503.08,3262.86 504.5,3246.35 505.17,3244.5 523.99,3217.38 524.87,3216.47 532.11,3211.15 533.16,3210.61 539.69,3208.43 547.76,3201.43 555.7,3202.92 559.68,3200.02 562.17,3199.29 589.39,3201.17 601.77,3196.63 605.43,3189.7 605.89,3189.03 617.88,3174.77 619.51,3167.93 613.18,3163.41 613.69,3147.44 604.79,3131.82 596.49,3129.45 597.61,3115.97 587.17,3099.14 586.6,3097.34 585.76,3082.74 578.08,3075.04 577.05,3073.14 573.68,3057.1 568.88,3055.94 566.54,3054.26 555.67,3036.87 565.19,3017.49 565.84,3016.54 580.94,3000.63 583.02,2999.51 592.18,2997.84 598.1,2989.94 605.1,2989.3 607.86,2990.13 612.16,2993.66 645.61,2994.13 647.01,2994.41 655.22,2997.8 657.25,2999.78 658.5,3002.59 659.18,3002.82 668.28,2994.8 667.78,2981.97 672.88,2978.4 675.52,2951.56 664.29,2924.87 664.16,2922.25 "/>
   <path class="fil1" d="M77.63 1641.87l1.59 4.54 -5.77 5.13 -1.85 0.89 -11.66 2.16 -1.33 7.09 -5.95 1.91 -8.33 8.35 -2.24 7.89 -14.24 4.42 -6.57 15.73 -2.2 14.1 -13.07 0 -2.23 -8.61 -5.59 -0.07 -0.93 12.54 8.67 5.13 -6.89 12.95 0.35 8.09 1.64 8.02 15.69 2.35 0.66 0.17 8.8 2.96 1.46 0.89 9.75 9.61 7.74 8.55 3.3 1.89c0.67,0.35 1.34,0.71 1.98,1.13l0.77 0.44 0.34 0.39c0.51,0.44 0.95,0.94 1.3,1.5 2.55,6.34 4.89,12.53 7.29,18.95l2.9 1.7 0.51 0.36 10.74 8.93 -0.57 10.03 2.65 7.57 7.67 4.7 0.34 0.24 6.64 5.13 0.89 0.97 4.52 7.12 7.63 3.02 2.22 10.27 7.55 9.86 -9.52 6.06 -0.64 3.68 7.61 1.11 -1.93 14.99 6.24 2.69 1.65 1.37 7.27 10.76 1.79 -0.35 0.05 4.02 0 0.04 0.1 0.33 0 8.37 4.58 4.53 10.52 -6.69 2.71 -0.52 11.1 2 1.58 0.67 8.93 6.55 1.34 1.8 5.46 15.48 0 0.02 2.75 10.36 10.07 8.56 0 0.02 0 6.76 6.08 3.54 0 0.02 1.35 14.53 6.82 0.93 13.62 -2.53 9.77 9.04 12.59 -3.18 8.52 18.5 0 0.02 0.34 1.76 0 0.02 -0.33 6.88 6.01 3.17 15.47 -1.21 9.55 -5.03 14.31 10.68 1.42 2.16 0 0.02 2.73 11.26 0 0.02 0.1 0.95 0 0.02 -0.22 10.76 4.7 9.5 12.82 4.5 8.65 -2.87 2.94 -4 -0.04 -0.1 -3.63 -10.35 -0.03 -0.1 -0.01 -0.02 0.02 -0 -0.19 -1.2 0.22 -11.42 -6.53 -2.96 4.11 -10.13 -4.7 -2.46 -3.54 -19.39c-0.02,-0.54 0.07,-1.11 0.22,-1.7l0.07 -0.59 0.4 -0.85c0.35,-0.88 0.78,-1.76 1.2,-2.56l1.42 -3.02 -1.87 -15.52 9.72 -9.22 3.2 -6.04 -5.57 -2.66 -8.57 7.18 -6.61 -15.11 -8.72 -6.3 -5.36 5.82 -9.2 -2.16 -2.34 -1.65 -2.48 -3.88 -0.16 -0.25 -0.47 -0.03 -8.97 13.42 -11.43 -1.96 6.09 -22.68 -3.65 -5.61 -0.61 -2.01 -0.3 -17.04 -2.17 -7.37c-0.78,-2.47 -1.59,-5.08 -2.09,-7.11l-0.37 -1.27 -0.05 -0.82c-0.05,-0.36 -0.07,-0.67 -0.06,-0.91l2.56 -14.53 13.76 1.09 -0.27 4.19 9.56 -11.92 13.16 5.31 4.89 -12 7.7 4.73c0.89,-0.55 1.95,-1.3 3.07,-1.91l0.92 -0.57 0.52 -0.1c0.7,-0.27 1.41,-0.43 2.09,-0.42l6.62 1.05 14.47 -4.93 13.88 6.82 0.49 0.28 0.02 0.01 9.72 6.75 0.05 0.01 7.09 1.1 0.51 0.11 0.07 0.02 13.28 3.98 0.46 0.18 13.47 6 15.72 -1.7 8.39 -16.95 11.72 10.59 0.79 18.94c-0.07,0.57 -0.24,1.17 -0.5,1.78l-0.13 0.47 -0.33 0.49c-0.96,1.81 -2.4,3.63 -3.34,5.04l5.78 8.86 -2.83 11.24 12.18 3.98 9.54 -3.2 1.81 -0.15 11.26 1.85 -0.96 8.57 0.71 -0.45 1.91 -0.59 22.76 -0.92 1.43 -17.88 0.19 -0.89 8.41 -25.22 -0.74 -6.19 0.42 -2.2 10.04 -19.24 3.65 -11.91 1.29 -31.39 0.89 -2.3 7.78 -9.26 1.74 -6.23 0.82 -1.5 6.57 -7.41 0.8 -8.45 0.01 -0.09 0.06 -0.39 0.69 -3.05c2.25,-9.83 4.44,-18.52 7.05,-28.06 0.54,-1.94 1.09,-3.93 1.66,-5.96l1.43 -2.06 6.52 -4.72 2.31 -6.12 -2.03 -11.15 -0.06 -0.85 0.78 -16.59 -11.74 -9.07 -4.54 -3.5 -1.43 -2.35 -2.26 -12.7 -3.17 -3.06 -12.98 -12.55 19.66 -4.87 5.48 3.98 13.54 -7.34 1.01 -0.37 6.2 -1.36 13.15 -8.83 1.76 -0.63 3.46 -0.33 4.81 -5.95 -0.31 -8.21 9.68 -9.6 5.44 1.17 3.99 -7.89 1.07 -4.15c0.31,-1.42 0.63,-2.88 1.08,-4.16l0.17 -0.67 0.27 -0.45c0.25,-0.54 0.53,-1.02 0.86,-1.41l9.47 -8.56 -0.04 -6.98 0.25 -1.41 5.58 -14.13c0.28,-0.46 0.67,-0.91 1.15,-1.34l0.45 -0.52 0.91 -0.54c1.06,-0.73 2.27,-1.42 3.44,-2.06l4.16 -2.48 8.41 -10.69 2.96 7.08 -0.26 -2.67 7.94 -3.92 -7.15 -13.41 13.46 1.5 19.28 -5.55 3.07 -10.78 0.88 -1.55 5.26 -5.64 -2.3 -1.41 -11.23 3.98 -2.47 -6.02 -4.5 -2.51 -0.81 17.07 -20.71 -21.13 -12.25 -10.33 -9.89 -3.73 -21.61 -3.04 -5.18 -9.39 -3.53 -0.45 -12.89 5.17 -1.59 0.27 -20.98 -0.99 -0.36 13.47 -0.06 0.63 -3.89 20 -0.31 0.93 -8.85 18.47 -9.41 16.49 -14.04 -0.71 -8.79 9.78 -18.55 0.37 -8.46 -9.69 -20.74 0.85 -2.47 9.49c-5.22,0 -7.76,0.16 -9.59,0l-0.65 0 -1.68 -0.4 -0.52 -0.25c-1.73,-0.67 -3.93,-1.94 -8.69,-4.3l-5.1 4.94 -14.19 -1.17 -1.94 -0.73 -13.13 -9.65 -0.42 -0.36 -9.96 -9.75 -3.43 0.24 -11.37 13.21 -16.14 -0.73 -10.08 -13.27 -0.49 -0.83 -3.82 -9.16 -12.59 -5.15 -16.95 -2.13 -18.46 14.47 -19.98 -13.25 -6.42 0.69 -2.22 7.64 -9.1 1.35 -13.6 14.77 3.27 10.22 -12.4 1.44 -7.26 5.6 -0.03 5.2 13.51 0.94 -9.07 16.19 -1.93 1.68 -15.27 6 -5.96 -3.52 -11.66 6.82 -14.53 -7.05 -1.21 11.91 -16.74 0.17 -0.91 -16.54 -7.73 -10.08 -7.4 1.28 -8.74 -6.72 -18.42 1.15 -5.17 5.18 11.75 8.38 -14.15 12.32 -3.85 8.94 -3.89 0.88 1.94 3.81 -4.48 7.99 -3.75 0.03 -0.3 6.19c-1.46,1.12 -3.44,2.92 -5.41,4.13l-0.58 0.44 -0.57 0.19c-0.61,0.29 -1.22,0.5 -1.8,0.59l-1.86 -0.03 -1.81 5.82 -7.95 -0.29z"/>
</svg >`,

    "Suroeste": `<svg xmlns="http://www.w3.org/2000/svg"  width = "100%" height="100%" viewBox="0 0 2493 2501">
    <path class="fil1" d="M1999.48 922.05l-2.04 17.63 -0.22 0.89 -3.01 8.06 2.82 8.48 -4.09 5.56 0.34 7.67 -0.02 0.01 0 0 -8.33 5.17 -3.92 8.02 0.51 7.12 -8.59 9.11 0 -0 -0.02 0.02 -3.55 -0.86 -0 0 -1.31 1.33 -0.02 0.02 -2.46 1.13 -4.74 0.33 -1.93 5.96 -0.01 0 -0 0.01 -5.77 -1.5 -4.02 4.81 -0 0 -0.01 0.02 -5.21 -2.59 -10.07 3.59 -2.78 -6.1 -4.06 -0.81 -1.72 -5.46 -7.68 -2.63 -2.14 -1.86 -1.6 -3.1 -4.52 -0.33 -1.98 5.66 -0.88 1.41 -0.01 0.01 -0 0.01 -7.4 7.51 -0.99 5.69 -0.01 0 -0 0.02 -9.24 2.31 -0.1 3.56 -0.01 0 0 0.02 -10.15 3.8 -2.3 -3.65 -0.3 0.26 -2.13 0.91 -5.79 0.55 -0.78 0 -5.2 -0.59 -1.66 2.37 -1.89 1.43 -4.3 1.46 -3.78 6.31 -4.57 -0.39 -2.84 1.94 -0.89 2.52 -0.88 1.41 -3.63 3.68 0 3.61 0 0 -0.13 1.03 0 0 -2.56 9.04 0 0 0.04 1.09 6.12 -0.93 2.38 11.47 2.77 3.28 0 0 -1.11 10.33 0 0 0 0 1.52 6.78 0 0 0.02 1.59 0 0 -1.5 7.26 0 0 0 0 1.86 5.71 0 0 0.16 1.52 0 0 0 0 -0.93 10.1 1.3 1.65 6.34 3.52 0.48 0.31 6.38 4.95 0.61 0.58 5.94 7.16 0.49 0.77 0 0 1.5 3.1 3.95 8.17 0 0 0.37 1.72 0 0 -0.15 7.61 4.61 7.02 0 0 0.59 1.71 0 0 1.12 10.95 0 0 0 0 -0.55 2.37 0 0 -2.87 4.64 -0.24 2.39 -0.15 1.64 0.84 1.04 8.61 -5.53 0.02 -0.01 0 -0 1.45 -0.54 0.02 -0.01 4.74 -0.75 0 0 6.85 -2.89 0 0 0.02 -0.01 1.4 -0.3 8.49 -0.19 1.91 -1.96 1.55 -0.97 0.02 -0 0.01 -0 5.03 -1.63 7.62 -5.31 5.8 -9.26 0.01 0.01 0.01 -0.02c3.13,2.25 6.31,4.69 9.5,6.81l6.96 5.48 0.52 0.51 4.04 4.67 5.53 3.22 3.68 -0.81 2.7 0.46 0.8 -1.21 3.83 -3.35 1.95 -6.5 0.54 -1.1 5.1 -7.24 0.3 -0.37 6.61 -7.24 0.02 0 0.01 -0.01 7.68 0.55 10.06 -1.37 0.86 -0.02 9.4 0.89 0.46 0.07 7.99 1.78 4.91 -4.26 0.45 -0.33 6.76 -4.32 5.01 1.32 3.62 -7.82 -4.81 -15.3 -2.78 -4.14 -0.41 -0.8 -5.24 -14.15 5.43 -5.98 1.46 -15.38 7.8 -4.13 -0.94 -2.6 -0.19 -0.75 -2.04 -13.81 -2.04 -7.75 -8.19 -7.52 2.95 -11.92 -3.68 -2.22 -1.52 -6.84 4.06 -5.97 -0.73 -7.9 -3.43 -6.41 -0.44 -2 1.26 -22.96 -3.69 -5.2 -0.7 -1.98 -0.76 -12.99 0.16 -1.36 2.46 -7.83 -4.12 -5.31 -0.6 -1.13 -3.93 -11.85 -0.12 -1.95 0.64 -3.1 -10.65 -13 -3.82 -0.09 -0.94 -0.13 -1.68 -0.47 -0.48 0.39 -0.58 7.61 1.68 3.2 -0.01 0 0 0 0.41 2.19 0.02 0.01z"/>
    <path class="fil1" d="M2172.81 1616l3.35 10.74 -4.16 -0.83 -3.09 3.48 -0.72 0.63 -7.33 4.99 0.85 24.56 5.03 5.33 0.82 1.37 3.03 8.77 0.19 1.61 -0.76 7.59 4.67 4.91 0.72 1.06 6.51 14.46 3.49 9.66 0.04 2.44 -2.29 7.06 -1.42 13.54 -6.46 4.22 -5.9 8.43 -4.99 10.52 1.9 8.75 3.38 4.72 2.45 -3.3 -0.3 -8.19 8.01 -0.07 2.56 -1.2 -1.15 -5.39 0.02 0 0 -0 14.56 1.29 1.5 0.51 0.14 0.05 0.01 0 0.02 0 3.73 2.3 3.61 -1.77 2.43 -0.31 6.95 1.42 0.01 0 0.02 0 2.4 1.61 6.64 9.94 5.71 1.3 0 0 0.02 0 2.36 12.17 2.91 4.09 0.25 0.11 4.57 2 0 0 0.03 0.01 1.7 5.14 8.63 4.93 0.76 0.58 13.7 13.39 -4.82 4.01 0.56 3.33 -0.33 2.28 -1.46 3.03 3.47 6.24 0.4 1.06 2.34 10.93 -0.24 2.32 -1.43 3.23 3.86 4.8 0.55 0.94 4.48 10.83 0.16 0.48 3.39 12.87 0.07 0.37 1.58 9.91 3.33 4.36 0.76 2.76 -0.64 5.3 4.24 5.08 6.38 3.28 0.88 14.55 -4.45 3.47 0.07 6.86 5.37 23.81 7.83 -2.93 2.09 -0.17 3.21 0.67 0.63 -1.48 -0.61 -15.86 0.62 -3.33 3.62 -8.21 -0.3 -9.5 1.79 -5.15 3.92 -4.62 2.26 -5.94 0.15 -5.98 -5.25 -4.37 -1.18 -13.8 8.94 -6.72 1.54 -2.03 -3.85 -4.46 7.95 -6.91 0.36 -1.55 -4.54 -3.2 3.64 -17.8 -5.26 -7.3 6.37 -7.42 0.18 -7.95 -1.19 -1.39 -1.79 -4.02 -0.96 -7.76 -0.03 -1.1 0.31 -12.18 -4.11 -9.68 -0.42 -4.62 2.02 -8.94 -0.52 -10.63 0.03 -1.28 0.47 -3.85 -8.52 -3.56 15.97 -18.87 4.69 3.15 0.1 -2.4 12.3 -2.62 1.48 -2.18 -3.62 -4.95 3.49 -5.46 -3.04 -7.8 5.48 -7.76 1.55 -4.98 -0.27 -11.29 7.3 -6.42 0.21 -1.57 -1.67 -4.53 -0.44 -2.41 -0.3 -9.37 0.63 -3.22 2.79 -6.44 0.37 -0.42 -4.66 -4.57 -1.01 -1.76 -3.04 -11.62 -3.62 -0.67 -0 0 -2.29 -1.37 -3.84 -4.82 -0.67 -1.28 -4.02 -13.44 -5.32 -10.04 -0.41 -1.43 -0.61 -6.7 -6.35 -9.47 5.59 -9.75 -6.1 -8.19 5.4 -7.57 -0.07 -4.17 -4.93 -2.83 -1.71 -2.08 -2.73 -8.07 0.12 -2.74 1.54 -3.54 -3.99 -8.11 -7.01 -5.75 0 -0.01 0 0 2.21 -12.34 -0.85 -6.15 -2.08 -0.77 -2.94 -0.99 0.01 -0.1 -0.03 -0.01 0.31 -2.3 0.56 -4.65 -3.81 -3.22 -0.05 -0.04 -0.01 -0.01 -0.09 -0.07 -0.65 -0.73 -0.07 -0.08 -7.35 -11.06 -9.26 -5.81 2.32 -4.04 -6.66 -4.06 -1.48 -1.65 -8.43 -18.22 -8.36 -2.01 -5.8 -11.6 -4.72 -3.21 -1.24 -1.39 -3.02 -5.74 -10.69 -7.23 -0.78 -0.72 -3.94 -4.67 -9.1 -3.92 2.77 -6.39 -7.83 -9.88 -8.77 -10.45 -6.19 8.4 -4.48 0.48 -0.5 2.12 -1.42 2.18 -5.7 4.3 -0.79 4 -8.42 4.4 -10.14 9.13 -1.62 5.49 -0.66 1.27 -6.83 8.76 -0 0 -1.26 1.04 -0 0 -5.95 3.06 -0 0 -0.71 0.28 -0 0 -5.44 1.52 -2.11 3.28 1.54 14.93 -0.69 2.59 -4.67 6.54 -1.25 1.12 -5.92 3.28 0.24 3.61 5.25 4.11 -1.83 7.85 4.43 10.1 0.31 1.31 0.21 3.66 2.5 3.03 6.98 1.8 0.83 10.09 7.44 3.26 -3.05 6.65 4.74 7.84 -0 0 -7.13 3.75 0 0 0.48 4.35 3.81 2.09 2.13 10.36 -2.27 2.7 0.76 6.12 3.81 3.88 -0.49 2.78c-0.72,4.59 -1.46,9.02 -2.39,13.65l4.78 6.13 0.81 2.37 -0.11 9.24 1.4 3.91 0.15 2.03 -0.74 3.65 3.33 2.48 0.31 12.43z"/>
    <polygon class="fil1" points="1881.7,1478.59 1881.06,1478.72 1877.73,1485.98 1868.06,1489.27 1858.89,1499.8 1856.12,1510.01 1848.66,1508.52 1835.58,1514.29 1822.8,1521.43 1814.51,1534.47 1818.11,1545 1828.23,1550.91 1838.89,1553.43 1838.89,1553.43 1838.89,1553.43 1842.99,1561.31 1840.07,1570.32 1839.4,1571.54 1833.53,1578.74 1832.83,1586.1 1832.31,1587.69 1823.6,1602.22 1857.88,1616.92 1872.76,1619.34 1872.76,1619.35 1871.39,1634.01 1876.69,1638.38 1884.39,1641.57 1884.4,1641.58 1886.26,1643.24 1886.26,1643.25 1886.26,1643.25 1890.14,1650.25 1895.96,1656.69 1895.96,1656.69 1904.72,1661.83 1904.72,1661.83 1906.38,1663.79 1906.38,1663.8 1906.38,1663.8 1911.72,1678.36 1911.95,1679.5 1912.21,1685.01 1915.93,1689.08 1915.94,1689.09 1916.71,1690.37 1918.98,1696.74 1918.98,1696.74 1924.72,1700.11 1924.72,1700.11 1925.45,1700.66 1930.94,1705.98 1931.11,1706.15 1937.72,1706.05 1938.75,1706.17 1938.75,1706.17 1948.02,1708.65 1948.02,1708.65 1955.17,1709.73 1955.18,1709.74 1956.07,1709.99 1956.07,1709.99 1956.07,1709.99 1963.04,1712.89 1971.02,1712.99 1972.03,1713.14 1979.13,1715.22 1992.4,1716.18 1992.41,1716.19 1996.94,1723.68 2002.8,1724.34 2002.8,1724.35 2004.96,1725.33 2004.96,1725.33 2007.93,1728.06 2007.93,1728.06 2015.22,1729.5 2015.22,1729.5 2015.22,1729.5 2021.31,1739.17 2031.54,1743.16 2038.35,1743.83 2038.35,1743.83 2040.82,1745.09 2040.82,1745.1 2047.83,1753.03 2048.54,1754.17 2050.92,1760.35 2050.92,1760.35 2055.32,1761.78 2065.98,1763.32 2065.98,1763.33 2065.99,1763.33 2068.18,1772.16 2068.28,1772.77 2068.8,1779.11 2070.44,1781.26 2073.98,1782.74 2094.56,1781.96 2094.57,1781.97 2094.57,1781.97 2101.62,1790.97 2101.62,1790.97 2102.43,1793.37 2102.24,1802.89 2109.43,1807.22 2109.43,1807.22 2110.01,1807.65 2110.01,1807.65 2121.16,1817.71 2121.17,1817.71 2116.86,1830.54 2114.99,1843.44 2116.31,1852.35 2119.25,1859.03 2123.4,1863.35 2128.97,1868.33 2128.98,1868.33 2136.52,1873.46 2136.52,1873.46 2136.52,1873.47 2137,1873.86 2137.02,1873.87 2143.9,1880.46 2144.61,1881.4 2148.71,1889 2151.81,1888.4 2155.27,1882.76 2156.63,1871.82 2157.99,1869.35 2162.45,1865.66 2165.18,1859.44 2166.57,1853.07 2165.15,1845.81 2162.38,1838.15 2162.18,1836.53 2162.73,1830.54 2160.12,1821.63 2163.49,1816.66 2162.72,1812.59 2162.84,1810.7 2164.72,1805.03 2164.78,1792.98 2165.72,1781.54 2159.65,1773.07 2159.03,1771.66 2156.69,1760.87 2156.97,1758.44 2162.64,1746.5 2162.97,1745.95 2169.5,1736.61 2170.54,1735.6 2174.57,1732.97 2175.65,1722.65 2175.81,1721.87 2177.83,1715.66 2174.98,1707.76 2168.74,1693.91 2162.12,1686.94 2163.15,1676.71 2160.67,1669.53 2155.21,1663.74 2154.19,1661.25 2153.13,1631.08 2163.54,1624 2166.35,1620.83 2165.4,1617.78 2165.23,1616.74 2165,1607.48 2160.78,1604.32 2162.26,1596.98 2160.99,1593.42 2160.76,1592.11 2160.86,1583.52 2154.75,1575.69 2156.55,1566.78 2157.63,1559.91 2155.62,1557.86 2154.54,1555.66 2153.22,1544.99 2155.27,1542.55 2154.59,1539.27 2150.39,1536.96 2148.91,1523.52 2153.47,1521.12 2150.84,1516.76 2152.35,1513.46 2142.87,1509.31 2147.23,1504.4 2147.06,1502.25 2144.13,1501.49 2142.15,1500.22 2138.07,1495.28 2137.21,1493.07 2136.96,1488.86 2132.3,1478.22 2132.08,1475.84 2133.09,1471.48 2128.99,1468.27 2128.21,1456.48 2137.59,1451.27 2140.93,1446.6 2139.4,1431.77 2139.98,1429.33 2143.59,1423.72 2145.78,1422.11 2152.28,1420.3 2157.13,1417.81 2162.99,1410.29 2164.72,1404.44 2165.82,1402.68 2173.11,1396.12 2170,1394.4 2163.77,1394.67 2162.57,1394.54 2157.39,1393.06 2155.27,1391.49 2153.36,1388.63 2146.7,1386.29 2144.3,1381.03 2140.84,1378.58 2134.69,1377.72 2128.63,1368.35 2118.43,1363.57 2117,1358.57 2115.51,1357.14 2109.78,1356.94 2105.22,1359.06 2102.37,1359.19 2101.39,1358.85 2101.05,1363.44 2094.94,1366.87 2093.46,1367.33 2086.01,1368.07 2083.93,1367.69 2074.2,1362.79 2072.79,1361.56 2069.65,1357 2061.39,1349.81 2056.77,1348.88 2052.02,1349.86 2051.63,1350.37 2049.66,1350.22 2049.57,1350.23 2042.36,1349.69 2037.04,1351.22 2031.93,1354.3 2028.3,1360.88 2026.57,1362.49 2019.76,1365.67 2016.89,1369.94 2014.56,1377.78 2014.56,1377.78 2014.56,1377.78 2000.62,1378.93 1995.51,1381.52 1994.56,1383.05 1996.19,1383.69 1998.28,1385.68 1999.19,1387.71 2004.27,1384.88 2004.27,1384.88 2004.43,1392.18 2008.11,1388.99 2008.11,1388.99 2009.37,1388.26 2009.37,1388.26 2009.38,1388.26 2016.89,1385.7 2016.9,1385.7 2023.96,1390.88 2025.45,1393.26 2026.64,1399.75 2028.61,1407.32 2017.09,1421.66 2015.72,1422.73 2015.72,1422.74 2010.05,1425.35 2008.04,1444.76 2007.04,1446.96 2001.01,1453.42 1997.97,1460.48 1995.34,1475.8 1993.87,1478.19 1988.67,1482.09 1988.67,1482.09 1988.67,1482.1 1985.99,1482.84 1985.99,1482.84 1979.8,1482.16 1969.45,1490.43 1969.45,1490.43 1967.43,1491.23 1967.43,1491.23 1967.42,1491.24 1954.83,1492.39 1949.52,1495.4 1949.52,1495.4 1949.52,1495.4 1946.84,1495.82 1946.84,1495.82 1942.31,1494.83 1939.29,1499.79 1939.28,1499.79 1939.28,1499.8 1927.24,1500.27 1927.24,1500.27 1926.27,1500.18 1915.24,1497.74 1913.06,1496.35 1910.34,1492.83 1893.24,1486.46 1892.39,1486.02 "/>
    <path class="fil1" d="M1740.51 1344.22l0 0 0 0 -3.45 -0.33 0 0 -6.05 2.72 -12.91 -5.5 -5.63 1.6 -2.71 -0.25 -4.69 -2.32 -1.31 -1.07 -0 -0.01 -0 0 -4.54 -5.81 -0.01 -0.01 -0.37 -0.57 -4.8 -9.04 -3.13 -3.32 -5.66 0.33 -5.78 1.68 -1.21 0.35 2.52 1.23 0.02 0.01 1.18 0.91 0.02 0.01 6.37 7.26 0.88 1.83 2.46 13.74 -0.26 2.2 -2.47 5.6 -0.33 19.52 -0.11 0.87 -1.98 7.9 -1.02 1.78 -3.91 3.88 -7.59 12.51 -3.74 12.16 -1 1.62 -9.23 8.9 -12.21 18.85 -5.46 11.8 -1.93 10.87 0.47 2.82 3.58 1.67 12.32 2.78 1.03 0.39 13.59 7.65 10.99 3.92 1.73 1.25 0 0 0 0 5.67 7.24 9.99 5.99 0 0 0.01 0 -0.41 10.22 0.93 2.78 9.77 1.32 1.19 0.36 11.45 5.7 0 0 0 0 1.38 1.19 0.01 0 8.27 11.52 8.07 3.08 0 0.01 0 0 2.09 1.98 0.01 0 7.98 17.5 9.01 2.22 1.4 0.67 4.85 3.7 1.26 0.96 8.01 1.46 0.73 0.21 12.64 5.04 1.8 1.47 0 0 0 0 7.22 11.23 0 0 8.06 7.17 0.01 0 11.43 8.74 8.31 -13.86 0.72 -7.65 0.83 -2.04 6.14 -7.53 1.72 -5.3 -1.03 -1.97 -7.78 -1.84 -1.04 -0.42 -11.86 -6.92 -1.7 -2.07 -5.23 -15.33 10.75 -16.91 1.37 -1.28 14.17 -7.9 14.28 -6.31 2.28 -0.25 1.65 0.33 1.13 -4.15 0.82 -1.5 10.44 -11.98 1.64 -1.1 7.54 -2.57 3.57 -7.76 7.6 -1.61 13.02 9.06 17.64 6.57 1.68 1.24 2.54 3.29 9.19 2.04 7.48 -0.3 3.74 -6.14 8.4 1.85 4.74 -2.69 1.53 -0.48 12.27 -1.12 10.69 -8.54 2.77 -0.81 6.27 0.69 2.76 -2.08 2.45 -14.29 0.25 -0.86 3.47 -8.06 0.72 -1.09 5.63 -6.02 2.33 -22.45 8.8 -4.06 8.57 -10.66c-0.88,-3.39 -1.41,-5.94 -2.05,-9.41l-2.65 -1.94 -3.08 1.05 -4.54 3.93 -2.34 0.93 -8.64 0.37 -0.06 -2.78 -1.31 0.73 -3.65 -8.2 -3.73 -1.45 -7.78 0.28 -3.76 -4.48 -3.46 -0.5 -8.91 2.74 -5.57 -5.27 -5.07 0.59 -8.86 2.91 -4.3 -5.22 -4.94 1.28 -1.23 -4.8 -4.93 -2.09 -1.18 -4.68 -1.49 -1.21 -4.93 0.74 0 -0 0 0 -3.99 -7.76 -0.15 -0.38 -0.15 -0.37 -1.35 -5.05 -2.48 -3.18 -3.89 0.7 -5.41 -5.79 -5.22 -0.41 0 -0 -0.46 -4.08 -1.17 -0.23 -1.83 -0.94 -7.97 -7.29 0 -0 0.19 -1.69 -0.94 -0.18 -7.57 7.39 -9.93 -1 -1.36 -1.74 -2.59 1.87 -9.73 -1.77 -5.07 0.86 -5.16 4.18 -1.54 0.76 -9.97 2.32 0 -0 -0.57 -6.25 -2.77 4.74 -5.06 0.31 -5.96 4.65 -2.06 0.8 -5.91 0.45 -0 0 -1.28 -0.13 0 0 -12.85 -3.54 -5.04 1.88 -2.35 0.11 0 0 -7.22 -2.04 0 0 0 0 -2.11 -1.54 -0 0 -2.3 -3.4 -0.63 -0.92 -0 0 -5.17 -4.48 -2.62 -0.39 0 0 -2.17 -1.13 0 0 -2.7 -2.82 0 0 -3.53 1.14 -0 0 -4.17 2.54 -0 0 -7.19 5.46 0 0 -0.94 0.52 0 0 -7.28 2.8 -0 0 -1.71 0.24z"/>
    <path class="fil1" d="M1826.23 1336.39l2.13 -3.65 1.27 -3.56 1.12 -1.63 2.38 -2.04 0.9 -2.44 0.81 -1.3 2.43 -2.59 -1.16 -5.2 3.81 -1.01 0.01 -1.61 0.44 -1.76 3.59 -6.74 -1.34 -4.27 8.55 -4.03 3.33 -3.3 1.64 -12.07 0.17 -1.48 0.03 -0.01 4.41 -1.27 2.58 -5.14 2.76 -4.42 0.79 -0.89 5.18 -4.36 1.2 -0.69 5.83 -2.02 0.02 -0 0.62 -0.16 0 -0 0.02 -0 6.33 -1.01 2.03 0.24 0.31 0.13 3 -4.63 0.59 -0.72 6.64 -6.17 2.21 -3.19 -2.33 -1.1 0.2 -9.81 -1.74 -1.9 -0.98 -2.26 -0.41 -5.11 -4.01 -7.68 -0.43 -1.74 -0.04 -10.71 -6.45 -0.9 -1.76 -0.72 -2.37 -1.77 -6.14 -0.11 -2.01 -9.7 -3.41 -4.21 -0.82 -2.74 0.63 -6.41 0.55 -1.64 2.68 -4.33 -0.89 -8.73 -4.74 -7.23 -0.61 -2.16 0.16 -7.89 -4.85 -10.03 -5.41 -6.51 -5.8 -4.5 -6.72 -3.74 -1.13 -0.97 -2.72 -3.44 -0.8 -2.7 0.99 -10.81 -1.94 -5.94 -0.1 -1.94 1.54 -7.45 -1.48 -6.61 -0.07 -1.24 0.83 -7.72 -1.29 -1.53 -0.82 -1.68 -1.11 -5.35 -7.43 1.13 -0.37 -10.25 0.13 -1.16 2.59 -9.12 -0 -0.28 -6.83 4.59 -2.4 0.64 -2.45 -0.19 -4.87 5.44 -1.34 0.97 -3.41 1.46 -2.49 1.89 -1.49 0.69 -2.77 0.6 -2.75 2.88 -1.54 0.98 -7.14 2.43 -5.47 5.91 -5.31 -1.72 -4.17 4.42 -0.91 0.72 -1.78 1 0.4 2.96 -0.01 0.01 0 0.01 -3.7 2.82 -0.96 5.81 -0.01 0.02 0 0.01 -0.33 1.05 -0.01 0.02 -3.11 6.27 -0.46 0.56 -0.55 0.69 -0.05 0.04 -0.05 0.06 -0.39 0.3c-3.04,2.47 -5.58,4.45 -8.81,6.77l-1.39 6.36 -0.26 1.18 -10.4 0.17 -0.97 -0.1 -5.9 -1.46 -11.05 2.47 -1.8 -0.03 -10.48 -2.83 -6.12 4.7 -1.39 0.69 -6.76 1.72 -3.95 3.83 -8.11 -0.15 -2.41 -0.91 -4.22 -3.61 -4.33 -0.49 -1.89 1.55 -1.19 0.67 -7.53 2.57 -4.15 3.63 -9.91 -2.02 -2.64 1.53 -2.22 0.5 -5.66 -0.48 1.15 3.56 0.13 1.76 -1.58 9.76 -0.1 0.49c-3.86,12.92 -7.51,22.8 -12.78,35.19l-0.11 4.35 2.08 5.66 0.22 1.54 -0.24 3.99 -1.16 2.52 -2.69 2.59 -6.74 10.69 -2.02 7.96 0.28 6.27 1.86 6.12 0.12 0.48 1.51 9 3.13 7.71c4.43,3.54 8.49,6.91 12.8,10.61l5.27 2.84 0.59 0.4 0.01 0.01 6.35 5.17 0.01 0 0.91 1.09 6.69 11.83 0.46 1.31 2.07 14.1 3.43 11.3 6.56 7.29 0.93 1.91 1.14 6.57 0.81 1.03 1.28 -0.93 11.04 -3.2 0.85 -0.15 9.59 -0.56 5.93 6.29 0.6 0.83 4.89 9.23 3.78 4.84 2.6 1.29 5.52 -1.57 2.52 0.17 11.1 4.72 3.93 -1.76 1.91 -0.31 3.57 0.35 5.93 -2.28 6.97 -5.3 0.31 -0.22 4.65 -2.83 0.82 -0.37 8.5 -2.74 5.08 5.31 2.43 0.37 1.92 0.89 6.38 5.53 0.66 0.74 2.44 3.59 4.7 1.33 5.01 -1.87 2.32 -0.1 13.37 3.68 4.15 -0.31 5.97 -4.67 2.11 -0.81 2.15 -0.13z"/>
    <polygon class="fil1" points="2010.25,1366.2 2014.04,1360.56 2015.67,1359.35 2015.61,1359.22 2022.22,1356.14 2025.75,1349.73 2027.12,1348.3 2033.56,1344.42 2034.48,1344.02 2040.94,1342.16 2042.27,1342.03 2048.13,1342.47 2050.58,1339.31 2052.73,1331.63 2053.16,1330.63 2056.07,1325.98 2056.42,1320.28 2056.87,1318.72 2060.46,1311.97 2061.37,1310.85 2065.79,1307.15 2068.02,1306.25 2069.26,1306.18 2069.37,1304.1 2064.8,1300.37 2063.68,1298.89 2059.68,1289.26 2059.4,1287.55 2059.76,1282.31 2056.27,1280.21 2055.13,1279.14 2049.98,1271.85 2051.71,1267.75 2051.22,1264.97 2048.41,1263.13 2047.83,1260.35 2041.33,1257.42 2040.52,1253.37 2031.72,1251.56 2030.22,1250.89 2015.99,1240.29 2016.54,1231.39 2022.01,1229.43 2025.24,1225.04 2026.3,1224.07 2029.75,1221.91 2030.67,1216.29 2041.04,1219.19 2043.47,1218.08 2040.78,1206.76 2045.72,1204.46 2049.19,1197.99 2049.43,1190.38 2046.57,1187.32 2045.7,1185.82 2043.99,1180.2 2043.83,1179.04 2044.01,1168.96 2040.35,1160.64 2033.19,1149.26 2033.26,1149.03 2031.91,1148.83 2028.51,1150.74 2021.02,1157.24 2009.52,1154.69 2000.8,1153.86 1990.74,1155.23 1989.97,1155.26 1985.59,1154.95 1981.64,1159.29 1977.04,1165.81 1974.95,1172.77 1973.8,1174.54 1969.93,1177.92 1967.4,1185.67 1960.7,1181.41 1957.11,1182.2 1954.39,1181.79 1947.04,1177.51 1946.07,1176.71 1941.86,1171.85 1935.17,1166.57 1932.51,1164.66 1930.57,1167.75 1929.53,1168.87 1920.85,1174.91 1919.85,1175.4 1915.14,1176.93 1912.8,1179.34 1910.15,1180.48 1900.81,1180.7 1894.18,1183.49 1893.28,1183.74 1888.89,1184.44 1880.24,1189.99 1880.68,1192.09 1881.98,1192.11 1884.2,1192.86 1886.76,1194.77 1898.76,1196.44 1898.82,1212.83 1902.78,1220.41 1903.21,1221.87 1903.57,1226.41 1905.44,1228.46 1906.42,1231.1 1906.29,1237.5 1912.28,1240.33 1904.71,1251.25 1904.18,1251.88 1897.59,1258 1891.42,1267.51 1886.26,1265.4 1881.28,1266.2 1876.45,1267.87 1872.3,1271.36 1869.87,1275.24 1866.1,1282.79 1863.3,1283.6 1862.83,1287.63 1861.88,1293.63 1860.81,1295.74 1856.09,1300.41 1855.04,1301.16 1851.9,1302.64 1852.2,1303.6 1847.54,1312.35 1847.49,1318.83 1845.14,1319.45 1845.59,1321.46 1840.94,1326.42 1839.96,1329.06 1838.86,1330.63 1837.69,1331.64 1840.55,1332.25 1840.88,1335.85 1841.52,1335.7 1846.76,1331.44 1848.54,1330.64 1855.22,1329.51 1856.52,1329.52 1863.72,1330.84 1869.63,1326.56 1873.51,1331.52 1876.67,1331.84 1884.56,1324.15 1896.3,1326.39 1895.76,1331.26 1900.06,1335.19 1905.69,1336.3 1906.06,1339.68 1906.47,1339.71 1908.97,1340.92 1912.58,1344.78 1916.94,1344 1922.69,1351.39 1923.36,1352.75 1924.82,1358.17 1926.11,1360.68 1928.95,1360.25 1934.05,1364.41 1935.35,1366.43 1935.91,1368.66 1940.79,1370.74 1941.07,1371.81 1943.33,1371.22 1947.39,1376.17 1951.7,1374.76 1952.44,1374.59 1961.38,1373.54 1966.32,1378.22 1971.85,1376.52 1973.5,1376.39 1979.24,1377.22 1981.62,1378.55 1983.92,1381.3 1986.74,1381.2 1989.64,1376.57 1991.13,1375.2 1997.83,1371.79 1999.26,1371.39 2008.76,1370.61 2009.76,1367.24 "/>
    <path class="fil1" d="M2237.48 1397.65l4.16 4.94 11.08 7.48 1.24 1.4 3.03 5.77 4.78 3.24 1.28 1.44 4.65 9.32 8.48 2.04 9.49 20.5 11.99 7.31 -2.37 4.12 3.77 2.37 1.15 1.12 7.5 11.29 6.78 5.73 -0.67 5.04 3.61 1.34 1.56 11.23 -0.03 1.19 -1.53 8.55 4.19 3.43 1 1.28 5.93 12.04 -2.35 5.4 1.81 5.34 7.41 4.26 0.17 9.75 -0.7 2.26 -2.91 4.08 5.78 7.76 -5.72 9.98 4.26 6.34 0.63 1.78 0.63 6.9 5.15 9.72 0.28 0.69 3.91 13.09 2.49 3.13 6.98 1.28 3.99 15.29 4.27 4.19 0.12 0.15 2.56 -1.48 2.94 -6.13 3.61 -3.61 6.89 -3.25 2.39 -0.69 10.27 -1.2 5.42 1.49 4.33 3.24 2.59 -0.14 4.91 1.49 11.69 8.71 5.67 1.19 4.54 -8.09 8.55 2.38 3.38 -2.69 3.15 -1.49 10.96 -2.35 3.55 -4.45 8.84 -0.52 3.47 -2.28 1.56 -3.35 0.34 -2.57 -1.02 -0.54 -1.82 -1.34 -7.16 -7.15 -1.67 -2.5 -3.91 -9.44 -0.27 -5 2.68 -9.18 1.06 -8.3 -1.83 -18.01 12.21 -6.6 6.18 -6.57 2 -1.52 5.57 -2.94 -1.19 -4.61 4.78 -5.39 0.97 -5.63 0.06 -5.67 -1.01 -1.9 -3.32 -1.54 -3.39 -3.1 -3.75 -6.49 -8.94 -11.13 -1.62 -0.03 -2.63 -4.51 -8.54 -2.55 -1.63 -0.98 -5.73 -5.81 -7.11 1.61 -2.19 -0.15 -6.63 -2.52 -4.4 -15.73 -1.94 -3.24 -5.3 -0.48 -2.67 -10.85 -4.91 -4.41 0.17 -8.48 -2.44 -2.51 -5.67 3.28 -2.32 0.49 -8.42 -0.94 -1.54 -4.83 -1.88 5.7 -6.93 -2.39 -15.23 2.44 -11.63 -8.54 -0.67 -15.96 -0.78 -0.44 -5.05 3.99 -1.43 0.7 -10.25 2.58 -3.2 -8.7 -2.05 1.18 -2.4 0.48 -6.81 -0.93 -1.93 4.11 -10.89 2.41 -11.11 -10.69 -12.18 -2.6 -0.53 -8.37 -5.02 -3.71 -1.13 -1.35 -2.26 -4.5 -4.09 -0.67 -8.78 4.07 -7.32 -9.45 -0.79 -2.52 0.24 -4.55 -3.9 -2.72 -8.81 -1.65 -9.96 -1.37 -7.7 0.58 -2.49 -0.7 -6.95 -4.93 0.51 -13.71 0.34 -1.46 2.96 -6.37 0.6 -6.57 -3.19 -0.56 -5.13 2.46 -3.34 3.78 -2.26 16.63 -1.44 2.5 -2.13 1.64 2.46 6.42 11.5 13.7c2.82,4.26 7.43,9.4 10.77,13.61l-1.54 3.55 2.91 1.25 -1.42 3.43 2.81 -2.37z"/>
    <polygon class="fil1" points="1201.96,1233.79 1194.31,1227.65 1184.22,1225.7 1175.91,1228.53 1175.07,1237.36 1184.78,1255.4 1184.77,1255.41 1184.77,1255.41 1166.23,1264.93 1160.52,1273.51 1160.52,1273.51 1160.52,1273.52 1145.06,1275.06 1137.44,1268.09 1134.86,1268.33 1130.34,1276.65 1129.4,1277.79 1129.4,1277.8 1129.39,1277.8 1118.61,1286.52 1121.96,1299.74 1121.95,1299.74 1105.02,1321.57 1105.02,1321.57 1105.01,1321.57 1102.85,1322.96 1094.03,1325 1092.16,1329.54 1095.66,1332.81 1096.25,1333.52 1113.19,1359.52 1125.5,1360.06 1127.29,1360.59 1135.95,1365.77 1156.46,1363.2 1164.27,1377.52 1157.01,1389.39 1158.15,1396.95 1157.99,1398.74 1154.42,1409.26 1154.3,1421.73 1156.34,1423.42 1165.11,1425.02 1167.06,1426.02 1172.17,1430.91 1181.76,1432.33 1185.75,1443.44 1195.56,1451.83 1182.82,1458.69 1179.94,1465.4 1182.47,1470.24 1182.89,1471.85 1183.25,1480.64 1185.26,1487.24 1192.59,1489.81 1193.37,1490.18 1202.95,1496.22 1216.2,1494.56 1218.87,1495.24 1218.87,1495.24 1233.55,1505.65 1233.56,1505.65 1233.56,1505.65 1234.89,1507.36 1234.89,1507.36 1238.81,1517.32 1255.51,1518.96 1255.51,1518.97 1255.52,1518.97 1260.89,1528.32 1260.89,1528.32 1260.89,1528.32 1261.26,1529.2 1261.26,1529.2 1264.8,1541.92 1264.8,1541.92 1268.26,1543.33 1269.52,1544.17 1273.49,1548.15 1276.76,1547.73 1281.56,1541.8 1281.94,1541.39 1289.31,1534.57 1304.91,1535.34 1311.83,1527.67 1324.95,1531.45 1326.68,1532.49 1326.69,1532.5 1332.48,1538.67 1339.9,1540.53 1341.45,1541.33 1349.75,1548.43 1358.35,1550.24 1360.06,1551.09 1366.56,1556.74 1370.04,1557.91 1370.72,1555.15 1380.43,1553.82 1389.02,1546.01 1393.8,1539.93 1396.12,1538.54 1407.11,1536.56 1420,1523.26 1441.51,1524.8 1441.51,1524.81 1441.51,1524.81 1441.67,1550.28 1441.64,1550.86 1439.62,1564.08 1439.62,1564.09 1443.3,1572.61 1443.3,1572.61 1443.3,1572.61 1443.59,1574.15 1443.59,1574.16 1443.49,1582.56 1443.44,1583.13 1441.93,1592.37 1444.35,1594.9 1445.29,1596.55 1447.48,1604.67 1447.48,1604.68 1447.56,1606.27 1447.56,1606.27 1447.56,1606.29 1446.04,1615.43 1449.86,1619.36 1450.91,1621.65 1451.33,1625.95 1458.26,1632.67 1469.07,1639.05 1470.32,1640.26 1472.28,1643.27 1478.88,1644.26 1484.86,1641.34 1487.06,1641 1493.26,1641.89 1493.14,1641.53 1493.19,1639 1498.66,1624.55 1498.81,1624.19 1503.3,1615.18 1503.93,1614.29 1508.25,1609.65 1508.77,1603.17 1509.29,1601.55 1516.02,1590.12 1517.07,1584.69 1518.25,1582.58 1522.73,1578.52 1526.34,1569.95 1541.74,1564.51 1541.75,1564.51 1542.81,1564.3 1542.81,1564.3 1542.82,1564.3 1547.49,1564.06 1547.49,1564.06 1547.96,1559.76 1539.41,1552.18 1547.54,1546 1551.48,1534.54 1551.48,1534.55 1551.49,1534.54 1561.22,1544.53 1563.78,1543.93 1567.11,1531.07 1573.7,1528.09 1578.72,1519.35 1598.59,1519.02 1606.48,1515.59 1607.63,1510.95 1606.1,1500.07 1606.53,1497.72 1610.26,1490.96 1611.88,1489.39 1619.2,1485.69 1629.37,1473.05 1629.38,1473.05 1630.04,1472.39 1630.05,1472.39 1633.37,1469.87 1632.85,1466.7 1632.85,1465.42 1634.97,1453.45 1635.27,1452.51 1640.15,1441.96 1639.34,1440.78 1638.8,1440.65 1634.48,1440.92 1632.3,1443.36 1628.64,1443.13 1628,1442.83 1624.4,1444.96 1622.04,1445.46 1618.76,1445.08 1614.84,1446.44 1611.6,1448.69 1607.53,1455.05 1594.32,1453.91 1594.31,1453.9 1592.13,1452.95 1592.13,1452.95 1592.13,1452.95 1588.03,1449.32 1570.19,1445.84 1570.19,1445.84 1568.79,1445.26 1568.79,1445.26 1568.78,1445.26 1558.65,1438.49 1558.65,1438.49 1549.05,1437.09 1535.21,1437.5 1535.2,1437.49 1535.2,1437.49 1530.83,1430.2 1527,1430.72 1527,1430.72 1526.99,1430.72 1522.23,1421.76 1518.3,1421.54 1518.3,1421.54 1518.3,1421.54 1509.96,1412.04 1509.96,1412.03 1509.59,1411.54 1509.59,1411.54 1505.59,1405.15 1502.11,1405.27 1497.11,1409.93 1495.59,1410.8 1484.24,1414.15 1483.05,1414.3 1471.94,1413.92 1471.94,1413.92 1470.35,1413.52 1470.35,1413.52 1454.11,1405.31 1454.11,1405.31 1438.02,1398.11 1438.02,1398.11 1438.01,1398.11 1437.41,1393.01 1437.41,1393.01 1431.24,1389.41 1431.24,1389.41 1431.24,1389.41 1429.52,1371.43 1427.44,1360.74 1422.18,1353.42 1428.52,1346.31 1430.7,1345.09 1436.59,1344.03 1439.59,1342.07 1438.14,1340.55 1438.13,1340.55 1437.14,1338.57 1435.9,1331.3 1435.87,1330.26 1437.46,1315.77 1434.35,1305.64 1435.91,1302.81 1434.02,1290.19 1434.45,1287.82 1437.35,1282.5 1437.93,1276.06 1438.34,1274.61 1442.03,1267.65 1439.8,1257.69 1437.06,1253.82 1436.38,1251.63 1436.38,1247 1432.83,1242.08 1421.05,1239.29 1409.55,1243.51 1409.54,1243.5 1401.59,1238.48 1388.81,1239.6 1388.8,1239.6 1388.8,1239.6 1383.64,1230.39 1376.57,1233.08 1376.57,1233.07 1376.57,1233.07 1373.07,1226.17 1360.06,1234.07 1360.05,1234.06 1350.29,1227.48 1350.29,1227.48 1349.44,1226.67 1339.69,1214.33 1332.55,1212.49 1332.54,1212.49 1332.54,1212.49 1326.39,1198.39 1326.39,1198.39 1312.36,1189.95 1312.36,1189.95 1312.35,1189.95 1311.46,1189.22 1311.46,1189.22 1307.87,1185.19 1292.7,1187.67 1279.44,1202.03 1278.67,1214.31 1278.67,1214.31 1278.66,1214.32 1258.06,1220.3 1243.81,1234.76 1217.5,1230.83 1203.53,1235.05 "/>
    <path class="fil1" d="M1705.28 1868.52l-6.92 -7.61 3.08 -1.76 2.24 -4.87 0.69 -10.94 0.15 -0.82 2.78 -9.54 0.49 -1.06 6.36 -9.46 -8.3 -18.23 7.26 -8.81 0.01 -0 0.45 -0.47 0.01 -0 2.75 -2.37 -0.52 -4.3 -8.4 -8.32 -1.04 -1.92 -1.39 -6.59 -4.6 -6.85 3.96 -12.12 -0.76 -3.67 -0.07 -0.88 0.15 -4.16 -3.57 -0.8 -0.46 -0.13 -7.2 -2.59 -6.85 0.85 -7.42 1.63 -4.96 5.43 -0.01 0 -0 0 -8.47 -0.23 0 0 -6.74 2.72 0 0 -0.01 0 -2.7 0.06 -8.21 -2.93 -0.4 -0.18 -6.31 -3.1 -0.88 -0.61 -5.34 -4.9 -1.21 -2.31 -0.74 -5.72 -3.42 -5.96 -5.13 -3.76 -1.42 -2.04 -5.45 -19.48 -4.2 -3.31 -1.31 -1.98 -1.09 -3.94 -4.6 -0.88 -8.86 7.82 -0 -0 -0.01 0.01 -8.06 -12.31 -0.4 -0.8 -4.59 -12.86 -8.81 -6.22 6.83 -6.12 -0.42 -2.39 -7.12 -4.7 -1.13 -1.18 -3.04 -4.9 -10.23 -7.66 0.52 -5.35 -2.13 -6.34 0.09 -2.67 2.74 -6.6 0.18 -8.7 0.87 -10.64 0.4 -1.41 2.01 -4 -1.94 -1.55 -1.13 -1.47 -4.44 -10.34 -0.13 -0.77 -0.15 -0.83 0 -0.05 -0.01 -0.06 0.03 -0.46c0.24,-7.88 0.53,-14.32 1.25,-22.1l0.02 -0.31 0.02 -0.04 0.01 -0.09 0.46 -1.3 0.15 -0.47 0.04 -0.06 -3.9 -4 -0.29 0.83 -1.31 1.79 -1.7 1.29 4.59 4.07 -1.6 14.63 -10.58 0.55 -11.73 4.15 -2.63 6.24 -0.94 1.34 -4.15 3.76 -0.94 4.81 -0.46 1.2 -6.62 11.24 -0.56 6.94 -1.01 2.29 -4.85 5.2 -4.2 8.42 -4.91 12.95 0.89 2.68 4.6 0.66 -3.17 3.64 -4.12 4.73 0.11 4.87 4.65 5.57 -3.85 6.79 0.07 7.16 3.11 -4.23 0 0 0 -0 5.09 2.2 1.9 -0.48 6.55 -1.65 -0.23 8.16 7.74 2.93 -7.49 11.41 0.44 0.44 3.63 0.48 3.78 -4.42 0 0 0 -0 10.46 3.68 10.29 -1.34 0.74 -0.03 13.26 0.9 1.89 0.65 9.83 6.73 1.09 1.13 6.89 11.02 -0.96 0.63 10.07 1.27 2.09 8.22 4.57 2.74 1.51 1.67 4.07 8.78 0.13 2.86 -4.59 13 -0.16 0.39 -7.47 15.47 2.15 14.79 -0.13 1.64 -4.11 13.54 -1.39 6.48 3.73 8.68 0.06 0.41 0.23 1.38 -1.43 19.02 2.74 8.23 4.23 6.15 0.64 1.62 1.78 12.49 3.73 7.38 0.3 0.8 4.46 18.17 0.11 0.64 0.19 2.64 11.87 2.13 1.75 9.9 5.93 -0.55 1.68 0.22 15.59 5.87 1.97 1.68 2.87 5.04 9.3 8.37 0.88 1.19 4.04 8.41 6.09 5.17 3.67 0.02 1.02 -3.84 -3.7 -4.71 -0 0 -0.77 -1.83 -0 0 -2.33 -16.57 9.09 -5.53 1.35 -0.51 3.79 -0.63 2.67 -3.16 1.82 -1.19 3.56 -1.06 0 0 1.98 -3.41 0 0 1.65 -1.52 0 0 4.91 -2.35 0 0 0.5 -7.71 0.17 -0.89 2.45 -7.86 0.46 -0.97 5.56 -8.36z"/>
    <polygon class="fil1" points="1534.37,1883.12 1535.89,1883.68 1535.9,1883.68 1536.37,1883.89 1536.38,1883.89 1539.64,1885.61 1539.64,1885.61 1542.3,1885.15 1542.31,1885.12 1540.65,1876.59 1540.66,1876.6 1540.66,1876.59 1547.25,1877.89 1550.09,1874.87 1550.09,1874.87 1550.1,1874.86 1553.43,1875.56 1554.09,1875.19 1554.09,1875.19 1554.04,1874.89 1554.52,1872.25 1560.79,1861.78 1560.8,1861.79 1560.81,1861.78 1565.83,1864.46 1570.24,1863.96 1573.83,1859.61 1573.83,1859.61 1573.85,1859.6 1580.04,1864.76 1586.64,1862.26 1587.15,1862.11 1588.74,1861.76 1587.49,1853 1583.48,1847.17 1583,1846.2 1579.85,1836.71 1579.65,1835.23 1581.07,1816.4 1577.23,1807.46 1577.01,1805.17 1578.67,1797.43 1582.69,1784.17 1580.49,1769.05 1580.83,1766.86 1588.72,1750.54 1592.73,1739.19 1589.8,1732.88 1584.89,1729.94 1583.14,1727.61 1581.94,1722.89 1566.79,1720.98 1565.18,1714.02 1568.54,1711.82 1566.02,1707.79 1557.71,1702.1 1545.83,1701.29 1535.04,1702.7 1533.3,1702.52 1526.89,1700.27 1523.81,1703.86 1514.82,1702.68 1512.65,1701.62 1506.85,1695.89 1512.55,1687.21 1508.65,1685.73 1508.74,1682.19 1506.34,1682 1505.63,1681.69 1504.33,1683.46 1507.49,1685.04 1507.48,1685.04 1507.49,1685.04 1503.78,1698.93 1507.28,1708.69 1507.28,1708.69 1507.5,1709.89 1507.5,1709.89 1507.93,1728.28 1507.93,1728.28 1500.14,1732.53 1500.55,1743.91 1500.55,1743.92 1495.32,1747.89 1493.19,1748.67 1489.31,1748.85 1487.81,1758.77 1487.81,1758.78 1467.33,1765.71 1467.33,1765.7 1466.54,1762.6 1456.38,1768.19 1454.34,1768.65 1442.03,1767.93 1433.07,1770.65 1419.28,1777.28 1413.11,1781.46 1410.57,1790.25 1410.59,1790.26 1409.63,1794.08 1411.85,1800.21 1413.66,1799.46 1415.75,1801.41 1419.61,1798.86 1425.96,1802.92 1427.49,1804.87 1427.49,1804.88 1427.49,1804.88 1431.53,1816.37 1431.53,1816.38 1435.31,1824.25 1435.31,1824.25 1435.31,1824.26 1435.47,1827.15 1433.66,1832.31 1435.22,1836.27 1435.22,1836.27 1445.33,1844.76 1445.33,1844.77 1445.73,1845.13 1445.73,1845.14 1452.84,1853.1 1452.84,1853.11 1452.84,1853.11 1453.45,1854.06 1453.45,1854.06 1456.08,1859.82 1456.09,1859.82 1465.09,1868.85 1473.6,1869.05 1473.6,1869.06 1473.61,1869.06 1473.65,1877.88 1475.71,1879.57 1475.71,1879.57 1475.71,1879.57 1477,1881.66 1477.01,1881.66 1477.7,1884.66 1483.82,1887 1488.26,1886.53 1497.85,1879.57 1499.13,1878.97 1502.45,1878.11 1502.19,1875.15 1507.38,1873.25 1508.37,1858.37 1514.83,1860.41 1520.43,1857.84 1520.43,1857.84 1520.43,1857.84 1524.56,1862.7 1525.24,1863.5 1525.25,1863.5 1523.26,1867.27 1525.26,1867.69 1525.26,1867.69 1525.26,1867.69 1528.11,1874.23 1530.1,1875.3 1530.1,1875.3 1530.11,1875.3 1531.8,1877.15 "/>
    <polygon class="fil1" points="1623.36,1492.11 1616.36,1495.65 1613.81,1500.28 1615.26,1510.63 1615.19,1512.06 1612.96,1521.06 1600.94,1526.29 1599.48,1526.6 1583.15,1526.87 1579.66,1532.96 1577.93,1534.54 1573.55,1536.52 1570.56,1548.06 1570.04,1549.22 1565.43,1556.13 1564.24,1577.08 1567.96,1585.74 1573.96,1590.54 1569.52,1599.35 1568.71,1609.26 1568.51,1618.26 1568.23,1619.64 1565.76,1625.57 1567.69,1631.32 1567.87,1632.88 1567.69,1634.8 1575.07,1640.33 1576.02,1641.37 1578.99,1646.16 1588.17,1652.22 1589.87,1661.96 1587,1664.54 1589,1665.96 1590.41,1667.79 1595.24,1681.36 1598.25,1685.94 1603.33,1681.45 1616.21,1683.92 1618.24,1691.21 1622.44,1694.52 1623.75,1696.48 1629.19,1715.89 1633.92,1719.36 1634.98,1720.54 1639.15,1727.83 1639.61,1729.23 1640.28,1734.35 1644.18,1737.92 1649.77,1740.67 1656.48,1743.07 1662.61,1740.59 1664.11,1740.33 1669.9,1740.48 1673.34,1736.71 1675.34,1735.55 1684.1,1733.62 1684.46,1733.56 1692.36,1732.59 1693.91,1732.72 1705.62,1736.22 1707.48,1732.6 1711.63,1731.6 1712.99,1724.57 1713.17,1723.94 1716.72,1714.5 1724.44,1712.32 1724.44,1712.32 1724.44,1712.32 1729.97,1719.06 1732.89,1720.57 1737.78,1718.7 1737.79,1718.7 1739.2,1718.46 1739.2,1718.46 1739.2,1718.46 1746.89,1718.61 1747.79,1717.44 1750.3,1716 1757.63,1715.05 1757.63,1715.05 1757.63,1715.05 1759.24,1715.19 1759.24,1715.19 1764.39,1716.77 1769.38,1713.35 1769.04,1711.7 1769.22,1709.56 1771.42,1703.97 1771.72,1695.26 1771.76,1694.75 1774.89,1676.24 1774.9,1676.24 1784.31,1675.37 1784.31,1675.37 1786.25,1677.34 1794.28,1675.05 1794.28,1675.05 1794.76,1674.94 1794.76,1674.94 1804.15,1673.5 1806.24,1670.09 1808.02,1668.57 1813.46,1666.29 1816.62,1664.2 1828.73,1649.72 1828.74,1649.72 1828.74,1649.72 1833.8,1653.64 1834.6,1652.8 1835.6,1647.25 1836.45,1645.45 1839.62,1641.73 1840.04,1637.85 1845.72,1634.11 1847.14,1630.82 1841.78,1622.88 1847.13,1620.59 1816.61,1607.5 1815.79,1607.02 1800.6,1595.39 1792.09,1587.82 1791.42,1587.03 1784.55,1576.35 1773.41,1571.92 1764.86,1570.36 1763.22,1569.65 1757.02,1564.93 1745.21,1562.02 1736.36,1542.59 1728.69,1539.65 1726.96,1538.31 1718.57,1526.63 1708.49,1521.61 1694.67,1519.74 1692.01,1511.8 1691.81,1510.44 1692.07,1504.03 1685.35,1500 1684.3,1499.08 1678.88,1492.15 1668.6,1488.49 1668.01,1488.22 1654.61,1480.69 1642.47,1477.94 1641.7,1477.67 1637.98,1475.94 1635,1478.19 1624.61,1491.1 1621.82,1489.06 "/>
    <path class="fil1" d="M2040.32 1788.74l2.48 0.93 0.65 -0.54 0 -0.41 1.91 -1.11 15.75 -9.16 -0.39 -4.8 -0.87 -3.53 -5.91 -0.85 -0.64 -0.15 -8.15 -2.66 -3.45 -8.92 -5.57 -6.29 -5.86 -0.58 -1.01 -0.24 -11.87 -4.63 -1.83 -1.52 -5.01 -7.94 -5.12 -1.02 -1.85 -0.94 -2.85 -2.62 -8.32 -0.94 -4.44 -7.33 -9.73 -0.71 -0.79 -0.15 -7.03 -2.06 -8.22 -0.11 -1.41 -0.28 -7.18 -2.98 -6.9 -1.05 -0.42 -0.09 -9.02 -2.42 -9.19 0.15 -7.6 -7.37 -6.54 -3.84 -1.67 -2 -2.48 -6.94 -4.12 -4.52 -0.98 -2.38 -0.3 -6.29 -4.69 -12.77 -8.07 -4.74 -0.89 -0.73 -6.52 -7.21 -0.51 -0.7 -3.44 -6.21 -6.98 -2.9 -0.96 -0.58 -8.87 -7.31 1.09 -11.6 -7.25 -1.18 -4.04 1.72 2.53 3.75 -3.5 8.14 -1.41 1.67 -3.65 2.4 -0.16 1.5 -0.89 2.07 -3.27 3.84 -1.03 5.67 -1 1.97 -6.31 6.58 -4.68 -3.61 -7.76 9.28 -0.83 0.73 -4.02 2.65 -0.61 0.34 -4.43 1.86 -3.49 5.43 -12.62 1.94 -12.11 3.46 -2.59 -2.63 -2.12 12.53 -0.31 9.09 -0.25 1.27 -2.02 5.13 1.14 5.49 -12.2 8.33 -7.87 -2.43 -4.94 0.65 -2.27 2.94 -10.74 -0.2 -7.43 2.84 -6.62 -3.45 -1.18 -0.97 -2.41 -2.93 -1.78 4.74 -2.23 11.54 -5.52 1.32 -1.33 2.59 -0.21 5.98 0.87 4.22 -0.1 1.94 -3.13 9.56 2.94 4.38 0.57 1.34 1.3 6.2 8.54 8.46 1.1 2.25 1.16 9.61 -5.63 4.83 -4.02 4.88 8.1 17.78 -8.4 12.49 -2.49 8.54 -0.71 11.24 -0.34 1.34 -2.01 4.37 6.02 6.62 -8.53 12.84 -2.16 6.92 -0.77 11.69 -7.87 3.77 -2.16 3.72 -2.2 1.74 -3.92 1.17 -2.83 3.36 -2.28 1.3 -4.44 0.74 -4.19 2.55 1.49 10.6 5.43 6.89 -2.47 9.27 4.44 7.57 0.52 2.04 -0.29 8.82 4.78 6.39 0.57 1.09 5.79 17.36 5.02 4.96 -0.6 14.79 -0.64 1.98 -3.9 5.76 0.74 4.14 12.2 14.24 0.66 1.09 8.6 21.89 2.37 0.37 3.47 5.08 0.63 1.59 1.09 7.48 4.25 1.17 -1.04 7.53 -0.74 1.79 -2.79 3.67 3.94 8.12 6.88 4.12 0.87 13.13 1.3 3.74 4.08 -5.65 0.7 -0.74 6.67 -5.35 1.61 -5.48 -0.69 -12.12 0.22 -1.49 0.83 -2.3 -3.28 -5.78 -0.42 -1.1 -1.69 -8.08 7.48 -7.89 1.44 -0.95 14.94 -5.52 2.38 -4.69 8.28 -1.05 5.48 -2.84 1.86 0.65 1.59 -2.96 8.65 -0.13 2.12 -2.65 1.5 -1.13 6.7 -2.8 1.22 -0.28 7.91 -0.52 -1.16 -2.73 5.18 -4.41 0.73 -0.49 2.72 -1.39 1.31 -2.31 -2 -8.8 0.01 0 8.07 1.24 -2.31 -5.33 7.16 -0.43 1.53 -3.89 -3.57 -2.71 6.26 -7.67 0 0 2.41 0.91 0.57 -1.74 9.2 -2.22 0.01 -1.38 6.41 -5.48 -0.37 -4.61 0.78 -2.61 1.47 -1.93 0.35 -7.84 0.01 0 0 0 5.78 0.8 1.17 0.16 5.17 -1.71 0 0 0 -0 5.31 3.32 -2.06 -8.01 -0.07 -0.34 -1.09 -6.7 -0.04 -0.85 0.65 -9.41 1.18 -2.5 3.17 -3.01 2.3 -1.04 2.02 -0.18 5.69 -6.22 0 0 5.05 1.9 0 0 3.04 -1.19 0.62 -3.09 5.15 -3.36 1.55 -3.81 0.91 -1.33 6.56 -6.25 0.28 -0.24 7.76 -6.07 6.2 -8.74 0.79 -0.83 9.04 -6.9 4.18 -3.72 2.97 -4.66 1.44 -1.33 3.27 -1.71 0.11 -3.08 1.94 -1.15 -0.14 -0.48 0.06 -2.31 1.17 -3.35 -1.72 -4.3 2.99 -2.52 -0.42 -4.75 10.11 -5.44c4.26,-1.98 8.55,-3.92 12.82,-5.88l0 2.46 0.61 0.06 2.94 -1.96 0.54 -0.3 13.52 -6.17 0 0 2.9 -0.1 0 0 3.28 1.22 3.89 -1.74 0 0 2.24 -0.27 0 0 0 0 2.02 0.39 2.6 -3.8 0.86 -0.89 0 -0 2.91 -2.18 0.75 -4.79 -0.96 -5.64 0 0 4.46 -5.12 2.95 -8.79 0.43 -0.89 10.94 -16.44 1.26 -1.18 0.01 -0.01 1.66 -0.96 3.47 -2.02 0 0 0 0 1.69 0.64z"/>
    <path class="fil1" d="M1425.29 1069.31l-11.26 2.87 -3.31 3.99 -3.27 13.32 -0.41 1 -4.05 7 -2.24 1.74 -11.79 3.44 -5.81 6.33 2.59 7.56 0.18 1.56 -0.78 8.8 2.74 7.3 -9.18 8.16 -0.79 0.54 -5.33 2.75 -5.1 9.35 -1.85 1.69 -15.36 6.57 -0.01 0 0 0 -2.75 0.09 -0.01 0 -6.66 -2.37 -9.37 1.16 -9.11 6.47 -0.01 0 -1.78 0.68 -0 0 -0 0 -5.55 0.63 -1.76 2.22 -0.13 7.52 3.64 4.08 14.56 8.75 1.54 1.74 5.16 11.83 4.78 1.23 2.04 1.33 10.15 12.85 5.29 3.57 15.87 -9.63 4.11 8.13 6.81 -2.59 5.96 10.63 9.16 -0.81 2.35 0.58 5.89 3.72 9.08 -3.33 2.19 -0.13 14.25 3.38 2.2 1.49 5.1 7.08 0.72 2.22 0 4.63 2.48 3.5 0.59 1.37 2.71 12.11 -0.34 2.59 -3.99 7.54 -0.58 6.45 -0.44 1.49 -2.66 4.87 1.89 12.63 -0.43 2.38 -0.63 1.15 2.4 7.8 0.15 1.52 -1.62 14.72 0.95 5.61 6.96 7.3 -11.35 7.4 -1.4 0.57 -5.33 0.95 -1.41 1.58 2.19 3.04 0.66 1.5 2.26 11.6 1.41 14.68 6.1 3.56 0.54 4.6c9.83,4.4 18.3,8.53 27.96,13.42l9.63 0.32 9.91 -2.93 5.37 -5.02 2.47 -1.01 9.3 -0.32 6.18 9.89 6 6.83 5.06 0.29 4.28 8.05 3.54 -0.48 4.66 7.78 9.77 -0.28 0.64 0.03 10.72 1.56 1.58 0.61 10.22 6.82 18.11 3.53 1.8 0.89 3.93 3.48 7.41 0.64 1.99 -3.11 1.04 -1.09 4.28 -2.96 0.92 -0.46 5.27 -1.82 1.67 -0.19 1.34 0.16 -0.68 -1.99 7.68 -3.66 2.67 2.83 0.06 -0.07 2.59 -1.26 6.41 -0.41 1.09 0.09 2.52 0.58 1.82 1.24 9.62 -14.85 0.55 -0.67 8.83 -8.51 3.58 -11.65 0.39 -0.85 8.11 -13.35 0.56 -0.73 3.46 -3.44 1.63 -6.5 0.33 -19.83 0.31 -1.47 2.31 -5.24 -2.07 -11.54 -5.15 -5.87 -7.18 -3.5 -1.31 -1.07 -4.44 -5.61 -0.78 -1.71 -1.11 -6.41 -6.37 -7.09 -0.8 -1.44 -3.79 -12.46 -0.13 -0.55 -2.01 -13.65 -5.96 -10.54 -5.52 -4.49 -5.32 -2.87 -0.67 -0.46 -6.62 -5.68 -7.1 -5.69 -1.15 -1.53 -3.65 -9 -0.22 -0.81 -1.55 -9.24 -1.91 -6.31 -0.17 -0.94 -0.32 -7.33 0.1 -1.1 2.3 -9.02 0.48 -1.09 7.32 -11.62 0.58 -0.72 1.94 -1.87 0.1 -1.71 -2.05 -5.58 -0.22 -1.4 0.15 -5.83 0.3 -1.4 5.06 -11.9 4.22 -11.49 3.43 -11.47 1.39 -8.55 -1.85 -5.76 -0.03 0 -1.5 -4.79 -0.07 -0.24 -0.08 -0.24c-0.5,-1.56 -0.98,-3.11 -1.47,-4.67l0 -0.01 -0 -0.02 3.73 -5.12 -1.01 -10.98 -1.76 -8.76 0 -0.02 0 -0.01 0.12 -1.96 1.94 -5.7 0.44 -0.89 6.75 -10.09 16.56 -26.47 0.18 -5.55 0 -0 -2.44 -11.73 0 -0.02 0 -0.01 0.24 -2.28 4.5 -10.38c0.36,-4.08 0.74,-8.08 1.17,-12.15l-2.32 -2.23 -1.1 -2.03 -0.8 -4.16 0 -0.02 0 -0.01 0.25 -2.25 5.82 -13.19 0.37 -5.49 -0.27 0.21 -0 -0 0 0 -7.76 -6.72 -5.69 -1.26 -25.46 8.93 -0.61 0.17 -12.52 2.19 -0 0 -1.38 -0.03 -0.01 0 -11.84 -2.38 0 0 -0 0 -0.98 -0.34 -0 0 -9.16 -4.69 0 0 -19.91 -1.08 -0.76 -0.12 -9.05 -2.35 -10.56 2.65 -10.08 11.84 -0.63 0.59 -7.57 5.61 0.13 5.29 -0.65 2.22 -6.34 9.3 -2.59 15.35 -1.19 2.17 -13.11 12 -1.18 0.74 -8.67 3.39 -2.58 10.11 -0.35 23.19 -20.28 -1.11 -8.31 5.2 -14.56 15.85 -0 -0 -11.85 -12.7 -10.34 -4.96z"/>
    <path class="fil1" d="M1526.86 810.04l-4.52 10.8 -1.84 0 0 0 -3.36 1.29 0 0 -2.54 3.83 0 0 -1.15 1.12 -4.57 2.89 -3.23 20.32 0 0 -8.52 -0.41 0 0 -0.67 2.81 0 0 -20.91 2.75 0 0 -1.25 -0.05 0 0 -9.88 -2.02 0 0 0 0 -6.37 1.5 0 0 -2.1 -0.12 -0 0 -13.76 -4.76 0 0 -3.29 -7.84 -7.39 -5.64 -12.67 -6.11 -1.11 -0.82 -2.47 -2.61 -11.41 0.07 0 0 -1.76 -0.42 -5.31 -2.76 -1.4 -1.23 -13.04 -19.01 -0.26 -0.42 -0.65 -1.28 -6.7 4.03 -1.21 0.46 -10.12 2.09 -1.31 0.05 -15.02 -2.25 1.57 -16.85 0.17 -7.62 0 0 -8.12 -5 0 0 -1.4 -1.5 0 0 -2.51 -4.94 -7.09 -2.07 0 0 -2.55 -7.55 -3.89 -1.56 -2.67 -6.78 -7.57 -8.01 -7.59 -4.43 0 -0.01 -0 0 5.87 -10.07 0 0 -4.61 -12.08 -3.28 -5.82 -1.81 -0.84 -1.58 -1.4 -4.4 -6.8 -11.41 3.11 -12.12 11.74 -1.49 0.89 -8.85 2.85 -10.4 11.57 -2.47 8.38 0 0 -0 0.01 -21.26 8.74 -8.12 -3.95 -9.76 0.38 -1.06 -0.11 -9.64 -2.44 2.44 7.76 -0.2 2.75 -4.2 8.85 9.37 25.33 -0.01 0.02 -5.27 10.63 2 25.67 9.36 1.24 2.25 1.13 7.22 7.49 1.06 2.37 0.71 9.85 10.34 16.23 -6.72 17.47 -0 0 -0 0.01 -0.83 1.31 -7.87 8 5.62 8.67 13.87 13.51 1.03 1.77 3 11.46 0.12 1.24 -0.83 10.78 7.58 2.64 0.57 0.25 12.92 7.04 1.07 0.85 7.68 8.92 -2.21 20.3 1.1 9.45 -0.41 2.19 -0.01 0.01 -1.69 3.25 5.55 7.31 -6.58 24.96 4.59 10.26 0.27 0.8 4.88 24.46 8.91 4.44 -2.54 31.16 14.39 12.96 0.09 15.24 -0.01 0 0 0.01 -7.41 6.19 1.4 7.4 10.89 11.76 8.55 4.55 1.72 1.89 2.64 6.23 3.34 -0.37 9.1 -6.47 1.74 -0.69 11.2 -1.39 1.73 0.19 6.12 2.18 12.78 -5.47 5.03 -9.21 1.59 -1.56 5.92 -3.05 4.94 -4.4 -1.2 -3.21 -0.22 -1.65 0.79 -8.83 -3.81 -11.11 9.59 -10.45 1.74 -1.07 11.35 -3.32 3.02 -5.22 3.35 -13.65 0.76 -1.52 4.65 -5.61 2 -1.27 13.78 -3.51 2.57 0.27 12.26 5.88 1.15 0.83 6.72 7.2 9.35 -10.18 0.79 -0.66 9.76 -6.11 2.22 -0.56 13.59 0.74 0.24 -15.76 0.11 -0.89 3.64 -14.27 11.69 -4.58 11.59 -10.61 2.52 -14.89 0.61 -1.52 6.13 -8.99 -0.19 -7.98 10.41 -7.72 10.59 -12.43 1.96 -1.24 12.65 -3.17 1.87 0.01 9.63 2.51 20.33 1.1 1.54 0.42 9.43 4.82 10.61 2.13 11.57 -2.02 12.93 -4.53 13.18 -4.65 2.09 -0.12 7.71 1.71 1.67 0.83 3.82 3.31 0.42 -0.32 -0.52 -9.96 -0.19 -0.21c-2.45,-2.63 -4.79,-5.23 -7.17,-7.9l-1.22 -1.34 -0.03 -0.06 0 -0 -0.04 -0.1 -0.91 -2.06 -1.2 -13.77 -5.73 -9.82 -0.5 -1.58 -0.79 -8.9 0.15 -1.4 0 -0.01 0 -0.02 2.39 -8.06 1.62 -5.48 0.01 -0.03 0.01 -0.03 0.09 -0.23 8.82 -23.13 -0.85 -11.08 -0.11 -9.26 -2.55 -2.75 -3.94 -1.29 -8.61 2.82 -2.31 0.02 -5.47 -1.72 -1.92 -1.37 -4 -5.41 -0.7 -1.64 -2.11 -12.54 -0.04 -0.45 -0.76 -16.09 0 -0.02 0 -0.01 0.46 -2.01 4.75 -8.65 0.58 -8.23 -15.51 -9.04 -11.87 0.36 0 0 -6.41 6.86 0 0 -5.27 7.7 0 0 -2.22 1.55 0 0 -16.81 4.26 -5.45 4.54 -4.58 -0.59 -1.83 2.71 -1.03 1.53 -0 0 0 0 -10.13 -1.15 -3.72 2.99 -2.13 0.83 -15.26 1.07z"/>
    <path class="fil1" d="M2252.31 1941.71l15.5 15.53 16.89 3.62 -5.11 -22.69 -0.09 -0.8 -0.11 -11.03 4.24 -3.31 -0.38 -6.26 -3.2 -1.64 -1.19 -0.95 -6.85 -8.22 0.84 -6.98 -2.96 -3.88 -0.73 -1.71 -1.7 -10.64 -3.3 -12.5 -4.16 -10.06 -6.43 -8 2.8 -6.33 -1.97 -9.18 -5.1 -9.19 2.65 -5.48 -1.08 -6.43 1.71 -1.43 -7.31 -7.14 -9.47 -5.42 -1.71 -2.11 -1.1 -3.31 -2.71 -1.19 -1.58 -1.28 -4 -5.62 -0.64 -1.49 -1.57 -8.1 -2.35 -0.54 -2.32 -1.59 -6.62 -9.91 -4.15 -0.85 -6.22 3.04 -6.53 -4.03 -3.42 -0.3 0.26 1.21 -8.76 4.13 -1.59 0.36 -1.05 0.01 0.06 1.73 -0.75 2.4 -5.71 7.69 -0.96 11.74 -0.07 12.13 -0.18 1.18 -1.75 5.28 0.87 4.62 -0.6 2.83 -2.24 3.31 1.81 6.19 0.13 1.4 -0.54 5.86 2.6 7.19 0.16 0.57 1.62 8.26 -0.02 1.53 -1.63 7.48 -0.24 0.72 -3.27 7.43 -1.06 1.41 -3.98 3.3 -1.28 10.24 -0.54 1.52 -5.65 9.22 -4.18 0.81 1.88 1.06 -0.66 2.43 6.96 2.41 2.06 1.69 5.59 9.63 -4.82 3.52 -0.44 4.28 1.22 4.09 0.12 1.59 -0.32 2.37 6.17 2.43 -8.72 6.93 -2.12 4.43 -0.51 5.52 -5.83 2.3 -1.81 1.68 -1.91 7.03 3.11 4.47 8.44 1.98 2.52 8.52 5.02 -0.41 0 0 0.01 0 -0.59 7.46 3.31 5.28 0.49 2.84 -1.44 6.51 11.46 11.31 -2.63 4.18 0.67 1.48 5.19 4.57 -0.38 5.95 4.28 3 -3.84 8.95 -1.33 1.62 -6.4 4.48 -4.41 6.22 -0.81 10.19 -0.16 0.82 -2.64 8.51 4.34 2.13 0.89 7.41 2.13 0.63 3.11 -3.95 1.12 -0.95 13.48 -7.63 2.26 -0.48 0.01 0 0 0 1.6 0.17 1.49 -3.67 7.02 -2 5.33 -2.6 2.43 -5.44 -4.83 -3.23 0 -21.06 0.07 -0.69 3.96 -21.44 4.11 0 -0.35 -16.15 -6.02 -3.25 -4.73 -32.07 5.44 -0.5 -1.7 -14.89 6 -6.01 17.32 2.2 0.97 0.25 16.5 6.76 1.25 0.83zm-119.87 -59.4l3.56 1.11 -4.01 -3.84 -5.24 -3.57 5.69 6.3zm-6.63 -6.92l0.15 0.09 -1.41 -0.96 -0.39 -0.31 -2.79 -2.5 -0.38 2.07 3.76 0.96 1.07 0.65z"/>
    <polygon class="fil1" points="2244.91,2224.13 2246.69,2223.7 2245.24,2222.8 2245.24,2205.54 2242.34,2203.12 2242.34,2191.22 2246.2,2190.12 2246.72,2187.14 2241.72,2184.86 2242.24,2176.05 2232.19,2168.35 2236.06,2164.47 2236.06,2164.41 2230.74,2161.5 2230.74,2146.84 2235.09,2145.39 2235.09,2121.98 2242,2120.39 2243.42,2114.03 2244.55,2112.06 2252.31,2104.88 2259.19,2106.47 2266.35,2102.71 2267.41,2095.26 2272.43,2094.14 2272.51,2093.94 2265.98,2093.31 2259.41,2085.32 2245.99,2085.82 2242.96,2080.77 2227.32,2079.76 2225.93,2075.11 2222.96,2075.11 2220.44,2074.14 2210.96,2065.76 2210.96,2065.3 2209.53,2066 2208.91,2066.25 2205.21,2067.3 2202.98,2072.82 2196.87,2072.19 2185.11,2078.85 2179.27,2086.27 2167.36,2082.76 2166.37,2074.46 2159.91,2071.3 2164.33,2057.03 2165.19,2046.2 2165.89,2044.29 2171.3,2036.68 2172.22,2035.77 2178.28,2031.54 2179.27,2029.22 2176.55,2027.31 2176.96,2020.85 2173.98,2018.23 2173.04,2016.95 2170.31,2010.97 2171.87,2008.49 2161.77,1998.53 2163.79,1989.44 2160.63,1984.4 2160.1,1982.28 2157.77,1982.47 2154.75,1972.27 2149.19,1970.97 2146.93,1969.43 2140.96,1960.83 2144.08,1949.35 2145.17,1947.57 2148.32,1944.64 2149.52,1943.88 2151.66,1943.04 2151.8,1941.52 2152.16,1940.23 2154.95,1934.38 2155.72,1933.41 2156.64,1926.55 2155.44,1922.52 2155.31,1921.04 2156.17,1912.62 2158.19,1911.15 2156.74,1908.65 2144.38,1904.38 2145.34,1900.84 2140.18,1897.94 2138.59,1896.2 2136.45,1891.55 2129.19,1889.27 2127.5,1888.19 2122.84,1883.04 2118.84,1888.14 2116.98,1896.87 2116.2,1898.48 2110.5,1905.5 2110.24,1905.8 2104.37,1911.63 2103.42,1917.23 2102.52,1919.11 2098.8,1923.38 2098.11,1923.99 2091.83,1928.39 2090.95,1932.42 2082.87,1933.63 2081.39,1936.5 2081.7,1939.31 2081.06,1941.86 2078.08,1946.23 2075.48,1956.01 2075.21,1964.84 2074.48,1966.97 2073.1,1968.86 2073.34,1971.58 2078.52,1975.55 2077.01,1983.21 2076.2,1984.91 2073.54,1988.13 2073.56,1988.19 2076.84,1988.54 2076.84,1988.54 2076.85,1988.54 2078.16,2002.41 2077.59,2004.79 2073.13,2011.87 2073.53,2025.58 2079.27,2040.85 2075,2045.04 2075.03,2052.72 2074.49,2054.7 2070.67,2061.03 2069.59,2067.18 2069.44,2072.87 2071.44,2077.2 2071.45,2077.21 2071.76,2079.37 2070.63,2086.91 2070.69,2087.08 2072.52,2092.34 2068.56,2095.83 2069.41,2099.81 2069.41,2099.81 2074.85,2106.17 2074.85,2106.17 2073.47,2109.72 2073.47,2109.72 2076.15,2114.29 2076.15,2114.29 2076.15,2114.29 2076.67,2116.35 2076.67,2116.35 2076.39,2124.11 2076.3,2124.84 2075.16,2129.72 2077.09,2134.76 2077.09,2134.77 2080.15,2145.14 2080.15,2145.14 2080.3,2146.1 2080.49,2151.82 2080.49,2152.2 2079.91,2160.53 2074.82,2160.53 2074.49,2169.62 2068.67,2172.83 2061.06,2178.89 2057.03,2193.99 2056.02,2195.74 2052.3,2199.4 2050.09,2207.44 2049.91,2213.37 2048.78,2215.98 2046.1,2218.61 2043.83,2222.26 2043.78,2228.92 2048.43,2236.34 2048.43,2236.34 2048.43,2236.34 2040.57,2237.42 2039.4,2238.53 2040,2243.26 2040,2243.27 2036.37,2246.98 2036.31,2247.18 2036.26,2247.38 2036.1,2247.98 2036.05,2248.19 2036,2248.39 2035.94,2248.59 2035.89,2248.79 2035.84,2248.99 2035.78,2249.19 2035.73,2249.39 2035.68,2249.59 2035.63,2249.8 2034.96,2252.35 2037.78,2261.57 2043.24,2265.65 2055.01,2272.76 2055.01,2272.76 2055.02,2272.76 2054.2,2279.91 2056.11,2286.8 2057.91,2288.67 2067.85,2290.11 2069.99,2291.19 2078.09,2299.28 2078.09,2299.28 2078.1,2299.28 2075.75,2304.28 2076,2304.37 2081.39,2304.05 2082.32,2304.11 2092.26,2305.99 2094.31,2304.53 2096.87,2303.85 2100.96,2304.23 2102.92,2301.37 2108.96,2301.28 2112.96,2297.35 2114.03,2296.61 2120.65,2293.54 2122.66,2293.21 2124.54,2293.43 2125.57,2291.98 2127.99,2290.45 2140.03,2288.25 2149.79,2281.42 2151.64,2280.74 2159.24,2280.06 2159.24,2280.06 2159.24,2280.06 2159.29,2280.08 2161.96,2280.9 2163.9,2282.46 2167.98,2281.31 2169.1,2278.97 2169.59,2278.2 2175.81,2270.62 2176.69,2269.83 2183.85,2265.25 2185.02,2262.69 2186.13,2261.28 2191.8,2256.86 2193.3,2256.15 2198.5,2254.98 2200.79,2252.4 2202.63,2251.25 2208.02,2249.78 2210.73,2245.05 2211.48,2244.13 2218.02,2238.19 2218.02,2238.19 2220.11,2238.43 2220.5,2235.28 2227.38,2232.62 2231.43,2227.88 2232.93,2226.81 2237.76,2224.92 2238.81,2224.66 "/>
    <polygon class="fil1" points="2249.61,2230.81 2246.3,2231.61 2245.75,2231.71 2240,2232.22 2236.59,2233.56 2232.55,2238.29 2231.03,2239.36 2227.52,2240.72 2226.77,2246.83 2220.59,2246.14 2217.05,2249.35 2213.85,2254.92 2211.55,2256.69 2205.73,2258.28 2203.38,2260.94 2201.37,2262.13 2195.8,2263.38 2191.55,2266.7 2190.29,2269.44 2188.89,2271.06 2181.3,2275.93 2175.76,2282.67 2173.35,2287.71 2162.17,2290.86 2158.39,2287.79 2153.29,2288.24 2143.7,2294.95 2142.19,2295.58 2130.88,2297.65 2128.13,2301.49 2122.88,2300.9 2117.81,2303.24 2113.21,2307.77 2110.59,2308.86 2106.99,2308.91 2104.72,2312.23 2097.57,2311.55 2094.04,2314.07 2081.38,2311.68 2075.62,2312.02 2074,2311.76 2065.45,2308.35 2068.95,2300.89 2065.53,2297.48 2055.55,2296.03 2053.35,2294.9 2049.96,2291.39 2049.04,2289.76 2046.67,2281.21 2046.55,2279.76 2046.89,2276.75 2039.13,2272.07 2038.82,2271.86 2034.46,2268.6 2034.39,2269.5 2032.03,2275.59 2032.64,2279.84 2029.77,2283.09 2030.69,2288.37 2026.74,2291.02 2025.98,2295.43 2020.81,2297.36 2016.67,2300.55 2014.66,2301.33 2013.63,2301.43 2013.86,2302.44 2013.85,2302.44 2013.86,2302.44 2012.33,2304.11 2014.16,2305.66 2014.16,2305.66 2014.16,2305.67 2006.19,2314.73 2005.9,2328.94 2001.81,2331.19 2000,2334.69 2000.03,2340.67 2000.03,2340.68 1999.33,2342.9 1994.34,2349.94 1993.19,2349.01 1990.56,2351.42 1990.04,2352.74 1991.52,2357.98 1991.52,2357.98 1983.47,2363.22 1977.66,2359.85 1972.44,2359.74 1969.98,2360.15 1964.11,2361.13 1960.8,2368.38 1966.69,2371 1968.06,2372.04 1974.47,2379.74 1996.32,2395.06 2018.92,2406.6 2029.57,2406.6 2031.2,2412.05 2035.76,2413.13 2046.98,2406.22 2048.6,2405.67 2087.75,2401.8 2088.39,2401.78 2122.22,2404.2 2124.16,2404.9 2136.83,2413.96 2152.41,2415.19 2158.2,2409.39 2163.89,2409.83 2166.41,2405.63 2179.47,2402.55 2181.89,2409.22 2200.78,2414.5 2202.75,2415.81 2210.38,2425.46 2218.9,2423.22 2224.66,2427.41 2242.03,2427.41 2243.45,2431.21 2258.37,2430.73 2259.82,2434.35 2260.18,2434.55 2261.49,2431.28 2263.53,2429.18 2271.62,2425.7 2273.69,2406.61 2276.49,2406.61 2278.07,2399.74 2274.93,2397.94 2275.85,2391 2272.8,2389.69 2272.8,2383.85 2266.19,2379.26 2267.2,2373.14 2262.66,2369.04 2262.66,2351.64 2258.67,2348.15 2259.29,2339.5 2259.67,2338.07 2263.02,2331.38 2260.89,2316.45 2267.43,2312.7 2266.66,2309.44 2260.41,2307.73 2261.89,2293.89 2258.56,2292.64 2257.57,2282.3 2251.54,2279.51 2248.66,2265.8 2254.33,2262.38 2254.64,2260.71 2250.96,2257.04 2252.38,2234 "/>
    <polygon class="fil1" points="1924.44,2334.88 1949.68,2351.06 1951.02,2352.54 1955.57,2361.54 1958.88,2354.3 1971.5,2352.17 1972.2,2352.13 1978.81,2352.28 1980.64,2352.78 1982.43,2353.82 1982.35,2353.55 1982.49,2351.11 1983.82,2347.8 1984.79,2346.41 1987.22,2344.19 1988.31,2335.22 1992.43,2338.57 1992.4,2333.78 1992.81,2332.02 1995.59,2326.67 1997.14,2325.07 1998.39,2324.38 1998.62,2313.17 1999.56,2310.73 2003.31,2306.46 2001.35,2304.8 2005.57,2300.21 2004.31,2294.57 2012.93,2293.83 2016.62,2290.99 2017.61,2290.44 2019.21,2289.85 2019.77,2286.53 2022.34,2284.81 2021.65,2280.81 2024.61,2277.45 2024.36,2275.69 2024.58,2273.79 2026.88,2267.83 2025.3,2260.56 2025.35,2258.77 2027.33,2251.46 2029.26,2244.08 2030.23,2242.37 2032,2240.56 2031.39,2235.64 2036.22,2231.06 2036.46,2230.95 2036.17,2229.96 2036.25,2221.11 2036.81,2219.13 2039.86,2214.22 2040.43,2213.52 2042.36,2211.62 2042.51,2206.78 2042.65,2205.89 2045.24,2196.4 2046.24,2194.69 2049.94,2191.04 2054.02,2175.73 2055.33,2173.72 2064.18,2166.67 2064.72,2166.31 2067.05,2165.03 2067.49,2152.9 2072.81,2152.9 2072.89,2151.81 2072.72,2146.84 2069.95,2137.42 2067.62,2131.34 2067.47,2129.12 2068.81,2123.43 2069.03,2117.18 2065.06,2110.39 2066.12,2107.66 2063,2104.02 2062.16,2102.34 2060.18,2093.06 2063.65,2090 2063.13,2088.5 2062.96,2086.68 2064.06,2079.35 2062.17,2075.26 2061.83,2073.58 2062,2066.65 2062.05,2066.1 2063.28,2059.03 2063.78,2057.7 2067.43,2051.67 2067.39,2041.85 2070.41,2038.89 2066.19,2027.68 2065.95,2026.44 2065.51,2010.93 2066.09,2008.8 2070.47,2001.83 2069.87,1995.45 2067.65,1995.21 2065.12,1986.37 2069.72,1980.8 2070.13,1978.71 2066.08,1975.59 2065.41,1968.11 2066.12,1965.54 2067.65,1963.45 2067.89,1955.33 2068.01,1954.46 2070.89,1943.65 2071.43,1942.48 2073.98,1938.73 2073.7,1936.18 2074.11,1934.03 2077.89,1926.67 2084.62,1925.66 2084.69,1925.33 2086.24,1923.02 2093.37,1918.04 2096.09,1914.92 2097.07,1909.17 2098.14,1907.1 2104.74,1900.54 2109.72,1894.4 2111.57,1885.7 2111.81,1885.19 2105.78,1883.44 2112.93,1875.45 2114.27,1868.17 2112.5,1862.61 2109.13,1854.95 2108.85,1853.97 2107.37,1844 2107.37,1842.91 2109.37,1829.15 2109.54,1828.48 2112.37,1820.04 2105.19,1813.56 2094.57,1807.16 2094.81,1794.59 2090.98,1789.71 2073.41,1790.37 2071.81,1790.08 2066.58,1787.89 2065.02,1786.69 2064.11,1785.5 2049.46,1794.03 2044.27,1798.36 2039.33,1796.5 2038.07,1797.23 2027.89,1812.52 2024.87,1821.54 2024.13,1822.83 2021.55,1825.79 2022,1828.47 2022,1829.69 2020.92,1836.65 2019.44,1839.11 2015.82,1841.83 2010.75,1849.24 2005.02,1848.15 2000.81,1850.03 1997.93,1850.12 1994.66,1848.9 1982.86,1854.29 1979.06,1856.83 1976.6,1857.45 1972.19,1857.06 1966.11,1859.84 1960.44,1862.89 1960.77,1866.56 1958.92,1868.11 1959.14,1868.65 1959.2,1871.3 1957.96,1874.85 1959.41,1879.84 1955.97,1881.87 1955.86,1885.2 1949.56,1888.49 1946.83,1892.77 1946.17,1893.57 1941.55,1897.69 1932.56,1904.55 1926.39,1913.26 1925.63,1914.06 1917.63,1920.32 1911.78,1925.9 1910.09,1930.06 1908.63,1931.81 1905.17,1934.07 1904.37,1938.12 1896.07,1941.37 1893.35,1941.39 1891.72,1940.77 1888.5,1944.29 1886.03,1945.52 1883.87,1945.72 1882.75,1946.78 1882.23,1954.3 1883.22,1960.41 1886.19,1971.95 1885.89,1974.62 1882.22,1981.8 1871.57,1975.13 1868.96,1976 1867.67,1976.11 1867.63,1976.91 1866.86,1979.05 1865.56,1980.76 1866.12,1987.78 1859.37,1993.55 1859.28,2005.6 1851.96,1999.17 1848.51,2000 1846.77,2005.29 1845.16,2004.68 1840.69,2016 1839.54,2016.07 1840.27,2017.76 1835.28,2022.91 1832.12,2022.42 1831.81,2024.49 1829.21,2029.07 1827.63,2030.57 1824.28,2032.3 1823.71,2032.78 1825.24,2036.39 1819.96,2040.14 1818.01,2040.83 1808.9,2041.43 1803.67,2043.62 1799.94,2048.29 1792.17,2048.4 1789.63,2053.17 1784.73,2051.45 1781.56,2053.09 1780.3,2053.48 1775.35,2054.11 1774.11,2056.54 1772.03,2058.4 1756.52,2064.14 1752.41,2068.48 1753.16,2072.09 1757.85,2080.38 1756.11,2085.22 1756.8,2097.24 1756.65,2098.52 1754.52,2105.78 1753.25,2107.67 1746.04,2113.46 1745.04,2114.84 1763.87,2116.08 1772.28,2112.16 1775.07,2111.98 1775.07,2111.98 1775.07,2111.98 1785.06,2115.22 1785.06,2115.22 1785.06,2115.22 1787.07,2116.76 1787.07,2116.76 1793.55,2126.67 1797.2,2129.99 1798.05,2131.14 1807.87,2151.13 1807.87,2151.13 1815,2151.28 1824.87,2149.33 1831.19,2146.18 1832.79,2145.79 1836.78,2145.68 1839.7,2145.59 1841.74,2146.11 1849.85,2150.93 1851.12,2152.15 1854.88,2158 1861.79,2163.45 1862.81,2164.69 1867.45,2173.69 1867.84,2175.95 1866.61,2184.63 1868.25,2191.26 1868.31,2192.78 1866.48,2203.87 1866.22,2204.78 1860.84,2217.09 1859.9,2218.39 1848.8,2228.44 1847.76,2241.61 1847.24,2243.24 1844.51,2247.87 1845.96,2254.96 1846.02,2254.97 1853.1,2251.5 1855.28,2251.14 1864.89,2252.44 1865.21,2252.54 1865.89,2252.73 1865.99,2252.77 1866.04,2252.78 1866.15,2252.84 1878.79,2258.33 1879.77,2259 1879.93,2259.09 1885.12,2264.14 1885.88,2265.19 1893.68,2280.96 1900.89,2293.98 1909.69,2306.26 1910.39,2308.58 1910.26,2312.98 1911.07,2313.64 1917.67,2318.96 1917.65,2319 1918.75,2320.47 "/>
    <path class="fil1" d="M1901.11 2318.88l1.21 -2.42 0.24 0.03 0.19 -6.82 -8.13 -11.35 -0.22 -0.37c-5.48,-9.91 -10.02,-18.64 -15.05,-28.81l-4.22 -4.11 -11.78 -5.11 -7.95 -1.08 -7.07 3.46 -2.15 0.36 -6.57 -0.84 -2.84 -13.86 0.44 -2.7 3.02 -5.12 1.08 -13.78 1.25 -2.52 11.63 -10.53 4.86 -11.13 1.62 -9.86 -1.63 -6.58 -0.07 -1.43 1.17 -8.21 -3.71 -7.2 -6.77 -5.35 -0.85 -0.92 -3.6 -5.61 -6.41 -3.8 -4.93 0.14 -6.05 3.02 -0.97 0.33 -10.73 2.12 -0.8 0.06 -12.21 -0.26 -11.54 -23.48 -3.5 -3.19 -0.63 -0.73 -6 -9.19 -7.3 -2.37 -7.94 3.7 -1.85 0.36 -25.87 -1.71 -2.96 1.02 -5.31 2.7 -2.45 10.9 -0.98 1.82 -7.56 7.76 -0.67 0.55 -9.41 6.05 -2.1 0.59 -4.87 -0.07 -1.5 8.59 0 0 -0 0.02 -5.34 2.74 1.67 4.09 0.25 1.09 0.59 6.5 -0.17 1.5 -0 0.01 0 0.01 -1.77 5.5 -0.58 1.13 -6.56 8.67 -8.15 -6.1 -0.61 -0.56 -2.95 -3.44 -4.49 -0.87 -5.94 0.13 -2.25 -0.69 -5.67 -3.98 -12.54 -3.29 -8.35 -0.85 -1.58 -0.54 -3.18 -1.93 -10.61 -1.43 -2.28 -4.89 -4.63 -0.56 -5.32 1.16 -1.71 -0.03 -7.27 -1.81 -1.56 -0.81 -2.24 -1.92 -4.51 0.34 -1.15 -0.09 -2.16 -0.51 -6.62 5.89 -1.36 0.78 -3.29 1.07 -0.15 0.16 4.85 4.85 -0.01 0.01 0.01 0.01 -4.74 4.21 0 7.6 0 0 0 0.02 -1.67 0.43 2.7 1.09 -0 0.02 0 0 -2.07 7.73 2.07 3.65 -0.01 0.01 0 0.01 -3.25 5.1 -1.7 6.67 2.61 5.72 -0.01 0.01 0 0.01 -3.37 4.35 2.15 1.96 1.18 2.1 1.49 7.67 0.06 0.48 0.44 6.87 0 0.55 -0 0.01 0 0.01 -0.46 5.5 0 0.02 -0.46 1.5 -4.66 8.54 -1.72 -0.13 0.31 2.53 -0.09 1.37 -0 0.02 -1.13 4.53 0.64 2.34 4.22 -0.05 -0.26 6.18 1.3 0.74 5.31 0.98 1.78 6.72 2.24 2.17 0.61 0.76 3.29 5.36 0.49 1.28 1.09 5.83 0 0.03 0.03 1.24 0 0 0 0.02 -1.12 7.29 0.81 3.36 0.03 1.65 0 0.01 0 0.01 -0.57 2.77 1.17 3.22 0.21 1.7 0 0.02 0 0 -0.53 4.95 0.65 7.94 3.77 8.9 -0.01 0.01 0 0.01 -3.39 8.19 2.34 6.87 0.15 1.85 0 0.01 0 0.01 -1.1 6.49 2.78 6.55 -0 0.01 0 0 -3.2 6.38 0.98 4.3 -0 0 0 0.01 -1.3 0.91 0.26 0.57 -0 0.01 0 0 -1.65 4.26 1.46 2.73 -0 0.01 0 0.01 -1.48 2.39 1.11 1.85 1.6 9.08 0 0 0 0.02 -6.91 0.84 -8.11 6.3 -3.08 -2.55 -1.7 0.85 -0.63 0.07 -0.36 0.85 -1.13 1.49 -4.5 3.59 0.43 5.67 -0 0 0 0.01 -0.54 2.23 -1.9 3.17 3.32 5.78 0.49 2.24 0 0.01 0 0 -0.74 8.15 -5.27 3.96 -0.01 0.31 1.55 0.72 2.07 10.1 0.07 0.63 0 0.02 0.39 10.75 0 0 0 0.02 -4.51 3.66 0 1.6 -2.29 0.26 -5.34 4.33 0 -3.74 -1.45 0.17 -2.64 3.81 0.63 4.92 -0.02 1.1 -0.13 0.77 -0.56 3.6 3.14 8.9 10.91 2.94 20.76 -15.1 19.3 -11.84 0 -12.02 0.85 -2.37 9.97 -12.46 20.01 9.57 3.15 19.52 14.16 -0.55 2.65 0.94 15.37 13.53 13.85 -3.32 7.66 -7.66 0.6 -12.66 1.02 -2.4 24.93 -26.94 2.4 -1.2 17.89 -1.85 4.29 -5.72 0 -13.89 9.99 -9.22 1.33 -0.79 11.98 -4.19 6.73 -14.07 1.35 -1.55 15.5 -10.11 2.47 -0.59 20.92 2.24 7.19 14.37 1.63 -0.15 0.99 -12.4 -7.39 -11.83 14.65 -21.17 33.79 -0.77 3.76 6.26 19.15 -4.38 12.67 -25.33z"/>
    <path class="fil1" d="M1217.53 2118.84l14.44 0.54 22.55 26.95 0.88 2.19 0.39 5.85 9.1 5.38 7.59 0.95 2.17 1.04 25.13 24.09 1.16 2.47 0.64 8.98 -7.43 7.96 0 13.91 9.31 7.12 -2.72 12.7 -5.73 0 -14.14 13.7 0.94 4.7 14.45 14.45 -0.56 28.34 -0.67 2.08 -7.85 11.34 4.75 6.22 12.78 8.71 -1.11 21.06 6.5 13.47 24.93 18.42 -0.55 18.17 14.18 24.11 22.19 2.41 1.44 0.46 18.85 10.47 1.65 1.83 5.29 12.33 0.63 0 12.28 -12.28 9.11 4.29 4.95 -4.19 2.72 -0.89 30.8 2.28 4.19 12.57 19.87 20.37 12.93 10.42 10.8 0 2.58 1.02 10.27 9.48 -1.62 9.72 5.15 0 6.84 -8.36 10.42 5.21 6.96 -3.65 -2.99 -8.57 -0.16 -1.88 0.79 -4.74 -0.74 -5.79 0.64 -2.64 5.44 -7.87 8.02 -0.9 2.11 -1.72 -0.24 -6.67 -1.24 -6.05 -2.62 -1.22 0.28 -8.97 5.5 -4.13 0.33 -3.6 -4.95 -8.61 3.57 -5.94 -0.65 -8.5 6.92 -5.51 1.74 -4.07 3.65 -0.39 3.43 -3.75 3.73 3.09 4.12 -3.2 1.7 -0.7 -3.58 -2.83 2.63 -4.24 -1.05 -1.95 1.77 -4.55 -1.56 -3.42 2.29 -1.61 -0.15 -0.66 0.31 -2.53 2.23 -4.45 -1.85 -4.35 -0.26 -2.12 1.13 -6.65 -2.49 -7.31 0.09 -2.67 2.73 -6.61 -2.78 -6.57 -0.3 -1.18 -0.72 -8.85 0.02 -0.7 0.48 -4.48 -1.23 -3.39 -0.15 -2.06 0.61 -3.01 -0.8 -3.3 -0.07 -1.46 1.13 -7.41 -0.83 -4.47 -2.67 -4.36 -2.66 -2.57 -1.04 -1.77 -0.81 -3.08 -1.22 -0.22 -1.2 -0.43 -5.85 -3.35 0.12 -2.81 -2.11 0.02 -2.43 -8.95 -0.01 -1.91 1.2 -4.82 -1.37 -11.06 6.11 0.44 1.91 -3.5 0.38 -4.51 -0.4 -6.3 -1.2 -6.19 -6.42 -5.85 4.85 -6.27 -1.27 -2.79 -0.22 -2.52 2.18 -8.53 0.49 -1.1 1.14 -1.78 -0.59 -1.04 -0.37 -2.86 0.73 -2.74 -7.15 -2.89 4.55 -7.24 2.28 -1.67 0.77 -0.2 0 -5.08 1.3 -1.15 -4.42 -4.43 5.98 -6.24 1.56 -0.98 3.43 -1.12 9 -8.01 5.43 1.29 5.48 -0.42 2.76 0.91 2.76 2.36 5.53 1.37 5.09 -1.11 1.25 -0.06 9.48 1.14 2.31 4.96 7.24 0.98 1.46 0.52 3.12 1.9 7.79 0.8 0.57 0.1 13.49 3.54 1.22 0.57 5.22 3.66 5.15 -0.11 0.79 0.06 6.16 1.2 2.17 1.27 3.56 4.15 1.72 1.29 1.62 -2.14 1.33 -4.14 -0.46 -5.12 -4.09 -10.05 8.17 -4.19 1.97 -11.28 10.2 0.14 8.11 -5.21 6.5 -6.67 3 -13.36 5.68 -2.89 -1.8 -5.18 -0.21 -1.01 -0.64 -9.65 -4.43 -2.65 -1.48 -1.61 -6.46 -13.31 4.99 -6.57 -2.61 -0.72 -1.69 -11.51 -1.12 -1.64 -3.43 -0.53 -9.96 -25.36 -12.46 -14.54 -0.87 -1.8 -1.19 -6.66 0.59 -2.8 4.17 -6.16 0.42 -10.33 -3.26 -3.22 -0.94 -1.52 -5.88 -17.65 -5.22 -6.97 -0.76 -2.4 0.29 -8.95 -4.32 -6.7 -4.99 -0.03 -2.44 -0.89 -7.74 -6.56 -0.97 -1.27 -4.06 -8.46 -9.19 -8.28 -0.76 -0.95 -2.5 -4.39 -13.5 -5.08 -12.03 1.11 -2.05 -11.57 -12.45 -2.24 -0.61 -8.22 -4.28 -17.43 -2.48 -4.91 -1.85 0.41 -10.49 3.97 -3.88 -3.22 -2.09 1.13 -7.11 0.82 -1.87 -0.36 -1.87 3.12 0.79 4.29 -6.71 3.69 -2.61 0.39 -0.54 -0.11 -2.5 2.66 0.19 0.96 -1.72 2.46 1.09 3.59 -3.96 4.34 1 2.09 0.33 2.3 -0.37 2.1 5.29 2.64 -3.32 5.42 1.99 3.25 0.55 1.7 0.54 6.9 -3.71 2.27 2.52 3.04 -4.44 5.33 1.73 0.99 1.65 1.93 1.15 3 0.1 2.44 -1.83 6.22 0.42 5 4.27 -1.26 0.01 0.01 0.02 -0 3.6 2.83 1.76 0.02 0.01 0 0.03 0 1.73 0.43 4.72 2.5 1.53 1.52 1.15 2.06 3.87 0.78 1.86 0.95 5.77 5.45 1.09 1.89 1.88 7.83 -6.72 2.82 -2.93 1.02 -0.44 0.82 1.4 4.87 -6.94 3.54 -1.79 0.4 -6.65 -0.11 -4.9 2.81 -1.78 0.49 -13.91 0.48 -5.48 1.25 -2.8 2.42 -1.07 7.3 -6.38 3.07 -2.94 4.57 -4.82 11.09 -7.19 0.9 -0.02 -0 -0.01 0 -2.62 -0.65 -0.74 -0.5 -6.32 3.89 -0.02 -0.01 -0 0 -8.44 -2.4 -7.72 1.65 -1.76 -0.04 -0 0 -0.02 0 -5.37 -1.43 -1.61 2.8 -1.33 7.93 -7.92 2.02 -1.91 -0.02 -0.01 -0 -0.02 0 -5.57 -1.48 -2.2 -1.59 -1.96 -2.97 -6.38 -1.43 -0.67 -5.51 -2.22 -1.93 -1.07 -1.53 -2.83 -7.46 -8.72 0.49 -7.17 2.12 -6.65 3.52 -1.39 0.41 -4.44 0.46 -1.18 -0.06 -0.02 -0 -0.01 0 -5.44 -1.17 -2.15 -1.3 -3.06 -3.69 -2.5 -0.41 -0.21 -0.1 -1.49 -0.66 -0.2 -0.16 -0.02 -0.01 -0.05 -0.04 -7.93 -6.2 -6.9 0.21 -1.22 3.03 -6.54 0.7 -5.86 2.23 -3.65 4.17 -2.59 1.3 -4.11 0.3 -1.64 1.53 -2.13 1 -4.22 0.52c-5.57,2.15 -10.68,4.16 -16.32,5.98l-5.67 3.07 -0.7 0.3 -6.45 2 0.11 1.92 2.48 3.29 4.53 0.81 4.43 10.37 0.28 1.91 -0.78 7.05 -0.11 0.52 -2.54 9.83 -8.7 0.81 -0.03 -0 0 0 -1 -0.04 -0.03 0 -3.43 -0.63 -1.89 4.63 -0.29 1.41 -1.76 0.77 -0.02 0.02 -9.65 4.22 -0.01 -0 -0.02 0 -1.28 -0.76 -0.6 0.68 5.22 7.67 -9.83 1.23 -0.01 -0 -0.02 0 -2.07 -0.34 -9.34 -4.39 -1.37 -1.07 -1.9 -2.38 -3.74 1.57 -1.42 0.28 -0.58 0.01 -3 0.04 -5.78 5.28 -0.01 -0.01 -0.01 0.01 -8.09 -5.69 -1.92 0.54 -5.42 7.72 -1.25 1.15 -10.82 6.07 -8.57 7.65 -0.58 0.43 -13.04 7.78 3.33 3.03z"/>
    <path class="fil1" d="M1128.88 2048.53l7.52 3.47 1.7 1.55 5.4 9.33 7.36 4.25 0.82 0.63 7 7.12 0.55 0.72 3.38 5.64 9.7 7.93 26.87 13.67 0.7 0.48 8.56 7.1 14.61 -8.72 8.63 -7.7 0.67 -0.49 10.41 -5.84 5.69 -8.11 2.09 -1.49 6.72 -1.89 6.07 4.27 2.33 -2.14 2.52 -1 4.26 -0.06 8.39 -3.51 4.96 6.21 2.74 1.29 8.29 -9.43 3.39 2.01 4.64 -2.03 3.7 -9.09 9.04 1.67 2.84 -0.26 1.11 -4.32 0.65 -5.86 -2.41 -5.65 -1.95 -0.35 -2.37 -1.47 -4.09 -5.43 -0.76 -2.09 -0.48 -8.98 11.78 -3.65 5.64 -3.06 0.65 -0.28 5.06 -1.63 11.65 -4.49 0.91 -0.24 3.43 -0.42 1.71 -1.59 2.32 -1.01 3.9 -0.28 3.24 -3.71 1.51 -1.06 7.17 -2.72 0.95 -0.22 2.52 -0.27 1.35 -3.33 12.8 -0.75 2.56 0.8 8.86 6.93 2.96 0.48 2.32 1.33 3.13 3.78 3.57 0.77 3.09 -0.32 6.32 -3.34 0.7 -0.28 7.97 -2.35 0.86 -0.15 14.75 -0.83 4.46 11.8 2.61 2.26 1.3 2.43 0.2 1.62 2.61 0.58 2.35 1.63 2 3.04 3.22 0.86 2.17 -0.55 0.62 -3.68 0.46 -1.26 4.87 -8.48 10.12 2.7 7.76 -1.66 1.81 0.06 6.15 1.74 7.7 -4.74 3.64 2.51 1.47 -0.19 3.22 -7.41 0.28 -0.55 3.65 -5.68 1.56 -1.37 3.69 -1.78 0.69 -4.71 1.28 -2.32 4.59 -3.97 1.65 -0.83 6.74 -1.54 0.72 -0.09 13.32 -0.46 4.99 -2.87 1.95 -0.49 6.74 0.11 0.54 -0.28 -0.09 -0.33 0.31 -2.86 1.89 -3.47 2.08 -1.77 3.87 -1.35 0.77 -0.33 -0.1 -0.43 -4.17 -3.94 -6.24 -1.26 -2.29 -4.11 -2.96 -1.57 -2.15 -0.04 -2.29 -0.8 -1.53 -1.2 -5.43 1.59 -3.87 -4.76 -0.85 -2.09 -0.58 -6.97 0.15 -1.38 1.68 -5.69 -0.2 -0.51 -4.5 -2.58 -0.09 -5.41 0.88 -2.48 1.49 -1.78 -4.1 -4.95 7.22 -4.42 -0.11 -1.38 -3.94 -6.43 1.41 -2.31 -2.96 -1.48 1.15 -6.52 -2.69 -5.61 2.36 -2.59 -1.84 -0.29 -4.21 -2.22 -4.39 -1.6 -3.33 -7.76 -1.96 -1.06 -1.69 -1.83 -1.81 -4.15 -2.98 -0.63 -1.67 -3.37 -0.56 8.37 -4.37 1.61 0.31 3.56 -8.83 2.29 -9.83 7.15 -1.83 0.7 -6.38 0.68 -1.76 -0.22 -10.75 -4.12 -1.32 -5.72 -3.81 -3.13 -0.02 -5.01 -2.65 -0.06 -2.62 -1.11 -10.56 -10.59 -0.76 -1.1 -2.67 -5.83 -6.63 -7.43 -10.59 -8.89 -1.1 -1.5 -2.42 -6.13 -0.04 -2.65 1.76 -5.04 -3.2 -6.67 -0.16 -0.39 -3.66 -10.42 -1.1 -0.7 -4.72 3.11 -2.89 -2.69 -4.65 1.91 -4.7 -12.99 -1.82 1.38 -1.04 0.55 -0 0 -7.48 2.63 -7 8.34 0 0 -2.46 1.33 0 0 -6.83 0.86 -6.18 3.13 -11.56 11.24 -4.17 8.14 -1.37 1.5 -7.46 4.64 -15.4 11.81 -1.83 0.74 -0 0 -9.78 1.24 -13.2 5.65 -2.02 4.63 -1.54 1.74 -10.83 6.47 -0 0 -1.48 0.52 -0 0 -7.97 1 -20.84 15.44 -5.28 6.89 -0 0 -15.69 -2.09 -0 0 -1.54 -0.55 -10.31 -6.49 -1.16 -1.15 -6.85 -10.55 -9.48 -0.42 -1.1 -0.21 -13.54 -4.78c-18.69,-5.71 -36.5,-11.37 -54.89,-17.51l-7.2 5.67 7.55 9.87 4.07 0 16.18 -7.61 13.36 15.59 -7.85 26.48 -13.01 5.69 -0.59 8.88 10.03 12.35 0.83 2.02 2.83 28.28 -10.35 3.76 -4.48 13.44 -1.52 1.98c-0.04,0.02 -10.73,6.94 -16.01,10.03l0 13.84 -8.06 7.16 -7.79 27.27 10.28 10.44z"/>
    <polygon class="fil1" points="1087.96,1691.61 1083.8,1700.62 1083.93,1719.22 1093.1,1724.7 1108.4,1727.12 1110.86,1728.59 1123.52,1745.48 1124.26,1747.25 1126.79,1765.83 1126.82,1766.56 1124.98,1796.93 1117.09,1799.8 1119.41,1805.37 1148.35,1829.05 1144.43,1846.67 1166.84,1854.21 1198.01,1863.73 1211.03,1868.32 1223.85,1868.89 1232.36,1882.01 1241.28,1887.62 1251.78,1889.02 1254.7,1885.21 1255.46,1884.46 1277.56,1868.09 1279.36,1867.37 1287.54,1866.34 1296.61,1860.93 1298.74,1856.03 1300.74,1854.05 1315.79,1847.6 1316.8,1847.33 1326.1,1846.15 1340.87,1834.83 1341.17,1834.62 1347.88,1830.44 1351.85,1822.69 1352.58,1821.69 1364.99,1809.63 1365.93,1808.95 1373.19,1805.28 1374.44,1804.9 1380.46,1804.15 1387.17,1796.15 1388.84,1795 1396.74,1792.23 1403.6,1787.05 1406.19,1778.05 1407.71,1775.95 1415.26,1770.83 1415.75,1770.55 1430.13,1763.63 1430.67,1763.41 1440.45,1760.45 1441.76,1760.3 1453.67,1760.99 1471.51,1751.18 1472.69,1755.86 1480.97,1753.06 1482.71,1741.55 1491.65,1741.13 1492.81,1740.24 1492.37,1728.11 1500.22,1723.83 1499.92,1710.67 1496.22,1700.36 1496.11,1698.1 1498.53,1689.06 1496.9,1688.24 1495.37,1686.84 1492.99,1682.99 1492.42,1681.03 1492.3,1668.41 1492.78,1666.5 1494.53,1663.42 1492.41,1660.89 1491.54,1658.52 1491.35,1650.81 1491.87,1649.38 1487.15,1648.7 1481.16,1651.63 1478.94,1651.97 1467.78,1650.3 1464.44,1645.16 1454.02,1639 1453.3,1638.45 1445.03,1630.44 1443.9,1628.07 1443.48,1623.71 1437.9,1617.97 1439.91,1605.86 1438.19,1599.46 1433.8,1594.9 1435.9,1582.15 1435.99,1574.91 1432.19,1566.09 1431.92,1564.02 1434.07,1549.93 1433.96,1531.9 1422.99,1531.11 1411.72,1542.74 1409.67,1543.83 1398.9,1545.76 1394.81,1550.96 1394.39,1551.43 1384.69,1560.25 1382.63,1561.2 1376.87,1561.99 1375.46,1567.74 1363.44,1563.72 1362.16,1562.98 1355.83,1557.48 1347.25,1555.67 1345.55,1554.84 1337.2,1547.7 1329.56,1545.79 1327.72,1544.7 1321.84,1538.46 1314.32,1536.29 1308.15,1543.12 1292.11,1542.33 1287.35,1546.74 1281.74,1553.69 1279.25,1555.07 1270.74,1556.17 1264.69,1550.1 1258.49,1547.57 1254.06,1531.68 1250.88,1526.15 1233.43,1524.43 1228.22,1511.19 1215.69,1502.31 1202.55,1503.95 1200.07,1503.39 1189.69,1496.85 1184.62,1495.07 1183.93,1497.23 1182.8,1498.94 1176.01,1504.84 1174.14,1505.72 1171.14,1506.22 1171.37,1511.57 1175.34,1523.33 1182.5,1531.13 1180.26,1541.28 1179.28,1552.67 1181.52,1563.28 1181.58,1564.46 1180.78,1571.85 1179.96,1573.83 1173.17,1582.27 1174.24,1596.15 1150.68,1602.01 1144.24,1597.52 1135.38,1597.17 1122.81,1602.36 1123.75,1610.76 1123.66,1612.09 1120.52,1624.55 1119.42,1626.41 1114.28,1631.19 1109.76,1650.02 1100.65,1654.56 1085.77,1670.3 1084.18,1681.26 1088.75,1689.91 "/>
    <path class="fil1" d="M326.57 100.3l-20.61 20.41 -3.21 8.74 3.42 10.7 -8.84 9.5 -3.96 18.1 -0.61 12.78 -0.16 0.94 -2.73 8.81 -1.62 16.85 -0.76 1.95 -9 11.76 -13.81 -0.83 -11.48 17.61 -12.62 -11.31 -12.9 -6.17 -14.01 -2.19 -5.24 -12.46 -0.13 -2.55 3.11 -10.59 0.46 -1.01 3.92 -5.99 0.25 -9.64c-8.84,-5.17 -5.75,-3.13 -14.08,-10.3l-1.56 -1.12 0.41 -9 -2.91 -1.29 -3.07 4.7 -15.57 1.65 -13.45 -12.46 -10.94 -0.3 -13.71 -24.35 -0.48 -1.86 0.02 -6.48 -8.95 -1.43 -0.96 -13.26 17.49 -11.8 2.96 -7.49 -7.39 -11.74 -0.58 -1.93 -0.62 -20.61 0 -0.39 0.73 -9.81 -6.69 -7.48 -0.78 -1.33 -3.16 -9.36 -18.39 -1.37 -3.82 -7.65 -15.19 1.21 -3.79 6.38 -9.27 0.57 -6.72 14.8 -5.25 16.06 -1.73 2.11 -6.98 4.02 0.2 0.41 -3.55 1.51 -3.26 1.88 -0.2 -0.4 -14.72 6.28 -7.13 19.42 -1 16.22 -0.31 1.3 -7.17 16.35 -1.58 1.77 -23.15 13.41 9.8 12.19 17.2 7.3 1.67 1.37 16.58 24.38 0.63 1.63 2.81 20.69 29.98 27.25 1.2 2.25 4.97 32.27 -0.06 1.43 -11.94 50.47 2.41 18.91 0.03 0.78 -1.5 19.16 10 6.09 1.44 1.61 18.28 38.01 -15.55 13.57 11.69 28.79 11.11 1.2 4.4 18.54 15.11 15.05 -6.12 19.04 7.43 12.81 0.51 1.92 -0.21 37.36 -0.06 0.72 -5.33 27.05 4.09 15.66 0.03 1.79 -4.79 21.14 0.7 12.74 -10.99 11.65 -0.17 16.09 12.95 30.51 0.3 1.39 0.9 32.37 3.88 44.17 5.16 29.14 0.02 1.21 -5.44 36.83 -2.95 13.31 7.09 8.41 0.76 1.41 5.33 18.5 13.56 11.16 0.91 11.49 12.29 -5.87 1.47 -16.54 0.78 -2 12.98 -16.73 17.01 -0.28 1.16 0.15 15.78 4.78 15.41 -5.24 37.47 54.75 0.61 1.55 6.16 38.03 4.04 2.31 24.65 2.5 6.49 -5.28 11.96 -2.66 1.73 7.49 23.85 6.87 28.94 -10.05 -1.2 -8.59 2.97 -9.29 12.76 -13.6 1.53 -0.98 55.13 -19.07 17.3 -0.43 10.65 4.21 17.33 -0.48 16.31 -6.01 26.03 -2.13 18.39 0.96 10.71 -12.5 26.73 -0.64 18.41 4.96 31.26 -0.81 2.56 0.91 14.45 12.44 11.32 2.08 19.19 -14.15 16.57 -17.44 2.06 -1.11 16.98 -3.23 8.68 10.26 11.54 2.96 24.09 -12.4 12.86 21.55 15.85 14.31 1.25 2.52 0.87 10.35 21.74 1.24 10.59 5.37 0.07 17.38 -1.03 2.61 -7.21 7.7 1.29 15.19 25.13 7.63 2.98 13.14 -0.13 2.15 -5.58 14.69 -6.66 8.99 15.16 12.3 -9.97 14.16 4.17 27.54c-0.07,2.78 -2.43,5.68 -3.82,7.97l13.04 17.78 9.26 4.61 -0.23 14.06c-0.46,3.07 -6.11,10.11 -6.39,11.35l1.37 14.1 -2.38 13.91 2.56 15.09 11.93 34.32 2.06 16.52 9.93 8.17c1.77,2.02 2.15,5.78 2.74,8.33l18.04 10.85 1.61 1.92 6.82 18.1 -4.17 8.59 4.61 11.83 0.16 2.24 -3.6 15.74c5.44,7.68 5.14,5.74 5.7,13.08l7.04 2.72 12.83 13.15 21.05 -2.57 11.3 13.57c17.57,-3.44 10.54,-2.52 29.15,-3.19l4.39 -13.02 8.53 -8.69 11.24 -21.09 23.96 -2.71 6.44 8.02 13.4 1.08 8.13 20.06 6.15 6.11 2.2 -5.35 11.33 -2.63 13.83 -17.82 -3.64 -14.36 14.01 -11.33 6.07 -11.19 9.98 -0.93 7.59 6.94 8.51 -0.85 5.7 -7.68 12.53 -6.44 -6.58 -12.22 -0.43 -2.16 1.41 -14.91 13.93 -4.74 1.94 -0.14 12 2.31 8.49 6.25 12.61 -3.43 23.35 3.49 12.21 -12.4 1.65 -0.98 16.41 -4.76 0.52 -8.31 1 -2.34 15.07 -16.31 2.19 -1.18 15.39 -2.52c0.04,-2.68 -0.38,-7.07 0.94,-9.45l2.14 -2.69 -2.33 -5.5 -8.89 -4.99 -12.11 -13.08 -0.95 -1.88 -2.43 -12.85 8.1 -6.77 -0.05 -8.26 -14.72 -13.26 2.43 -29.77 -7.64 -3.81 -5.54 -27.75c-1.17,-3.67 -5.47,-9.93 -5.15,-13.57l5.98 -22.69 -6.22 -8.21c5.21,-10.02 3,-4.02 2.36,-15.18l1.9 -18.27 -5.11 -5.93 -11.99 -6.54 -12.83 -4.47 1.23 -15.99 -2.56 -9.8 -13.95 -13.72 -9.18 -14.16 11.61 -11.8 5.06 -13.14 -8.81 -13.83c-1.24,-2.58 -0.87,-10.26 -1.28,-11.19l-5.34 -5.54 -14.17 -1.88 -2.57 -32.85 4.68 -10.61 -9.34 -25.26 4.94 -10.39 -6.11 -19.36 22.37 5.67c2.18,0.23 9.41,-0.9 11.97,-0.03l5.91 2.88 14.7 -6.04 2.51 -7.21 11.65 -12.96c2.19,-1.86 9.33,-3.17 10.67,-3.96 1.65,-0.99 10.98,-11.56 13.84,-12.75l14.3 -3.89 2.92 -2.29 -3.04 -6.23c0.06,-0.08 0.11,-0.16 0.17,-0.23 2.44,-3.32 3.26,-4.73 4.22,-5.72 0.02,-0.02 0.03,-0.03 0.04,-0.05l0.02 -0.02c0.24,-0.24 0.48,-0.45 0.76,-0.66l0.45 -0.39 1.2 -0.65c0.66,-0.38 1.48,-0.82 2.54,-1.39l-0.33 -3.4 0.49 -2.26 6.95 -11.96 -3.34 -4.94 -0.58 -1.4 -1.07 -5.44 0.56 -2.81 13.01 -19.94 0.05 -0.03 1.29 -1.2 2.3 -1.27 0.1 -0.06 -2.72 -12.52 0.42 -2.7 5.72 -9.98 -1.78 -11.85 0.16 -1.79 2.22 -6.54 -1.06 -9.31 0.51 -2.38 1.65 -2.77 -6.77 -2.93 -3.54 -9.82 -9.95 -4.6 -1.04 -0.71 -4.4 -4.24 -8.14 0.74 -1.17 -1.93 -6.04 -9.9 -0.2 -0.4 -0.04 -0.07c-1.51,-3.17 -2.34,-4.96 -2.83,-6.52l-0.22 -0.5 -0.31 -1.3 -0.08 -1.26c-0.15,-1.5 -0.22,-3.37 -0.39,-6.37l-10.22 9.16 -17.07 -12.24 -6.06 -1.26 -1.93 -1.06 -12.44 -12.66 -8.31 -3.02 -9.32 0.62 -2.03 -0.43 -12.71 -6.75 4.15 -15.46 -3.13 -8.15 9.88 -4.6 2.66 -5.45 -0.19 -12.35c0.11,-0.71 0.38,-1.38 0.71,-2l0.16 -0.45 0.55 -0.67c0.43,-0.6 0.89,-1.13 1.28,-1.56l0.89 -1.08c0.01,-0.01 0.01,-0.02 0.01,-0.03l-1.22 -22.11 -6.15 -7.61 -0.82 -2.77 2 -18.98 -2.21 -12.57 -4.09 -13.6 -16.7 -10.07 -7.79 -2.26 -0.5 -6.55 -8.56 -5.39 -2.63 -13.23 -4.04 -6.53 -3.3 0.63 -0.14 4.5 -8.62 6.4 -5.92 -5.46 -14.46 3.15c-1.76,-2.58 -3.01,-4.39 -3.95,-5.79l-1.63 -2.39 -0.34 -0.61 -0.26 -0.59c-1.29,-2.36 -2.07,-4.65 -5.5,-12.42l-10.96 -2.66 -0.09 -10 5.41 -1.89 1.62 -8.88 -4.93 -11.23 5.83 -11.2 11.35 -2.68 0.95 -1.33 4.94 -7.04 0.39 -0.45 0.06 -0.09 19.36 -18.75 1.54 -1.5 0.05 -0.04 0.21 -0.2 10.14 -8.12 0.07 -0.24 1.23 -5.1 0.61 -1.34 0.02 -0.07 4.68 -6.26 -1.56 -1.56 -18.09 -4.38 -2.01 -1.24 -12.68 -14.99 3.33 0 -3.57 -14.2 -4.17 -9.81 -0.28 -1.15 -1.93 -20.63 -2.29 -3.18 -0.71 -2.19 -0.07 -5.86 -3.91 -1.59 -7.6 2.23 -1.13 0.15 -10.51 -0.19 -7.48 3.95 -8.06 -9.35 -0.92 -2.32 -0.46 -10.19 -12.18 -10.57 -12.98 5.38 -2.71 0.07 -14.33 -5.05 -1.96 -1.59 -7.96 -12.87 -8.68 -10.64 -6.54 -0.59 -1.22 -0.31 -17.06 -7.7 2.31 -9.99 -0.25 -3.53 -8.64 -6.2 -6.47 1.29 -2.68 -0.48 -10.62 -6.38 -24.49 -9.17 -0.14 -8.28 -4.69 -6.46 -8.2 -1.64 -11.5 -0.68 -13.67 10.23 -9.45 -4.01 -6.98 7.11 -2.58 1.13 -22.46 0.85 -10.67 13.8 -8.84 -6.13 -11.54 0.8 -2.16 -0.51 -13.2 -7.7 -11.44 -1.62 -14.06 21.43 0.91 1.46 4.21 0 -1.94 3.67 -7.14 13.49 -0.67 0.91 -24.93 25.02 -5.47 9.74 -1.1 1.22 -8.78 6.35 -2.19 0.71 -25.8 0.21 -4.65 9.06 -0.89 1.15 -9.18 7.95 -2.22 0.93 -15.73 1.14 -27.98 5.56 -8.57 9.31 -3.92 8.77 -11.64 3.8 -3.46 7.97 -17.3 0.36 -6.91 2.66 -1.52 0.25 -13.59 -0.57 -8.04 -17.65 -0.34 -1.89 0.55 -6.36 -7.19 -5.84 0.87 -8.39 -5.78 2.47 -1.49 -3.47 -4.62 5.29 -6.76 14.5 -10.49 -11.18 -19.48 -10.08 -1.07 -0.83 -8.32 -9.19 0.88 -10.46 -6.15 -1.24 -1.41 -0.61 -7.18 -4.94 -0.77 -4.55 -3.7 3.8 -8.9 -4.3 1.42 -9.63 -4.66 -8.12 -14.56 -8.61 5.64 -14.73 -7.06 -8.44 5.4 -8.16 -0.27 -6.94 -16.89 -9 -1.76 -1.98 -2.97 -7.65 -10.39 -4.17 -8.1 0.76 -14.89 10.72 -2.35 0.72 -17.81 -0.69 -10.51 1.81 -2.12 15.52 -20.23 2.35 5.11 12.04 -15.56 4.11 0.45 8.01 -15.33 7.22 -6.22 10.65 -12.79 -0.27 -0.97 7.23 -0.55 1.53 -9.71 15.3 -0.54 0.65z"/>
</svg>`,

    "Valle de Aburra": `<svg xmlns="http://www.w3.org/2000/svg"  width="100%" height="100%" viewBox="0 0 1128 1191">
   <path class="fil6" d="M78.4 767.44l1.05 1.48 3.5 -4 1.79 -1.15 4.52 -1.33 2.44 0.1 7.03 2.72 15.79 -4.69 2.56 0.15 1.74 0.74 5.16 -3.78 2.56 -0.73 8.87 0.74 4.43 -1.33 6.04 -2.77 -1.48 -2.5 6.19 0.34 2.25 -1.04 0.71 1.2 5.62 0.31 6.81 -1.4 6.27 -3.04 0.36 -0.15 3.94 -1.44 -0.02 -0.31 -2.87 -1.09 -0.01 -0 -1.93 -10.27 6.35 -3.42 1.88 -3.85 1.33 -1.5 8.59 -5.71 0.12 -1.61 1.01 -2.31 2.94 -3.15 0.18 -1.14 -4.62 -3.81 2.09 -10.46 16.01 -0.78 4.9 -0.4 1.46 0.18 0.01 0 2.46 0.79 4.96 -2.69 0.61 -0.25 8.78 -2.93 1.2 -0.21 10.87 0 0 0.01 0.01 0 5.17 5.18 0 0 0.78 0.37 4.92 -8.3 0.01 0 9.19 3.54 2.29 -0.07 2.15 0.59 0 0 0.01 0 9.56 6.09 -0.56 2.2 2.73 2.33 -0.95 1.7 0.72 0.22 1.57 -1.13 2.33 -0.7 8.76 -3.73 0.01 0.01 0 0 4.24 3.51 8.59 2.45 0 0 0.01 0 -3.74 11.65 6.69 4.78 0.01 0.01 0.26 5.65 3.46 2.05 4.22 0.7 0 0.01 0.01 0 2 3.33 4.24 2.51 6.55 0.47 2.56 1.26 0 0.01 0.01 0 3.84 4.3 5.96 1.99 4.26 -1.07 1.8 0 6.02 1.44 4.69 -0.47 1.13 0.06 11.27 2.31 8.34 -0.26 1.35 0.21 5.32 1.87 0.01 0.01 1.82 1.36 0 0 0.01 0.01 2.81 3.9 8.65 3.59 0.76 -0.23 3.76 -6.26 1.3 -1.31 3.56 -2.15 -1.48 -0.85 0 0 -0.01 -0.01 3.48 -9.19 1.62 -1.94 0.71 -0.42 -0.8 -1.87 -0.13 -2.63 1.49 -4.76 -1.2 -8.8 0.01 -1.15 1.24 -7.09 -4.65 -6.76 4.14 -5.81 15.52 4.31 7.87 -1.31 0.97 -0.03 8.05 0.76 1 0.24 12.03 4.63 9.07 2.26 2.13 1.43 0 0 0.01 0 2.59 3.5 11.3 2.49 1.96 -0.21 0.58 -2.95 4.96 -1.97 2.47 -0.12 10.71 3.18 9.26 0.7 2.95 -0.41 4.8 -9.52 1.01 -6.02 -3.2 -8.54 -0 -0.01 0 0 -0.19 -0.67 -0 -0.01 -1.79 -10.33 -5.33 -9.58 -7.8 -6 0 0 -0.02 -0.01 -0.32 -8.06 -6.02 -8.59 6.34 -4.41 0.11 -3.41 -4.13 -7.42 18.37 -7.85 2.84 -0.05 4.64 1.79 4.56 -2.61 1.04 -6.07 6.73 -2.7 -2.02 -1.59 0 -0 -0.01 -0.01 -3.76 -6.04 -0.54 -2.5 0.71 -5.44 -3.19 -4.51 -0.63 -1.46 -0.25 -1.26 -5.55 -1.61 -0 -0.01 -0.01 0 -0.93 -3.44 -9.11 -5.6 0 -0 -0.02 -0.01 1.19 -8.17 -3.44 -4.45 -3.55 -1.59 -0.3 -0.26 -1.43 -1.27 -3.73 -6.27 -0.52 -2.31 0.3 -3.19 -3.59 -7.86 -6.34 -3.06 0 -0.01 -0.01 -0 -0.55 -9.62 6.5 -3.98 0.29 -0.54 -0.89 0.58 -5.75 -4.17 0 0 -0.01 -0.01 2.06 -7.69 0.76 -1.46 0.5 -0.59 -0.45 -2.31 -4.54 -2.44 -0 -0 -0.01 -0 -2.29 -7.91 -4.21 -0.09 -0 -0.01 -0.01 0 -2.5 -8.59 0.07 -2.35 0.76 -2.1 -4.2 -2.72 -0.93 0.39 -1.33 -1.85 -5.5 -3.55 2.25 -0.94 -0.86 -1.19 -4.69 0 -12.78 3.55 -5.08 -3.48 -1.39 1.28 -3.01 6.85 -1.93 14.72 0 0 -0 0.01 -9.86 0.96 -5.15 4.97 -0 -0 -11.02 -20.17 3.72 -5.98 -3.63 -1.96 -0 -0 -0.92 -0.69 -0 -0.01 -4.36 -4.5 -8.66 4.44 -0 -0 0 0 -5.81 -7.57 -0 -0 0 -0 -3.64 -3.29 0 -0 -4.65 -2.48c-2.82,-1.05 -5.53,-2.08 -8.23,-3.13l-0 0 -0.5 -0.2 0 -0 -0.76 -0.3 -0 0 -1.01 -0.4 0 -0 -0.25 -0.1 -0 -0 -0.25 -0.1 -0 0 -0.76 -0.3 -0 0 -0.25 -0.1 -0 -0c-1.44,-0.57 -2.89,-1.16 -4.37,-1.77l-10.43 -3.24 -1.55 -0.93 -0 -0 -5.66 -5.57 -0 -0 0.48 -2.43 -0.42 -0.13 -12.35 0.74 -1.73 -0.3 -3.2 -1.38 -3 0.58 -2.02 2.02 -1.55 0.95 -3.87 1.22 -1.64 0.13 -11.73 -1.56 -8.34 3.97 -1.59 0.36 -8.96 0.12 -2.3 -0.73 -0 -0 -1.3 -0.95 -5.14 2.2 -0.88 0.25 -8.41 1.37 -10.78 3.56 0 -0 -0 0 -5.69 -4.41 -8.44 -0.03 -0 -0 -2.65 -1.07 -0 -0 -0 0 -5.01 -4.89 -0.58 -0.72 -1.53 -2.46 -3.3 -1.15 0 0 -0.98 -0.52 -0 0 -3.08 -2.25 -4.21 0.92 -4.49 2.91 -9.17 -3.53 -3.85 -0.18 -0 0 -1.55 -0.4 -0 0 -1.9 -0.96 -0 0 -5.9 5.17 -0 -0 -0 0 -4.91 -5.57 0 0 -0.21 -0.07 -0 -0 -0.21 -0.07 -0 -0 -0.21 -0.07 -0 0 -0.2 -0.07 -0 0 -0.2 -0.07 -0 -0 -0.2 -0.07 -0 -0 -0.2 -0.07 -0 0 -0.2 -0.07 -0 0 -0.2 -0.07 -0 0 -0.2 -0.07 -0 0 -0.2 -0.07 -0 0 -0.2 -0.07 -0 0 -0.2 -0.07 -0 0 -0.2 -0.07 -0 0 -0.19 -0.07 -0.01 0 -0.19 -0.07 -0 0 -0.19 -0.07 -0 0 -0.19 -0.07 -0 0 -0.19 -0.07 -0 0 -0.19 -0.07 -0 0 -0.19 -0.07 -0 0 -0.19 -0.07 -0 0 -0.19 -0.07 -0.01 -0 -0.19 -0.07 -0 0 -0.19 -0.07 -0.01 -0 -0.19 -0.07 -0 -0 -0.19 -0.07 -0 0 -0.19 -0.07 -0 0 -0.19 -0.07 -0 -0 -0.19 -0.07 -0.01 -0 -0.19 -0.07 -0 0 -0.19 -0.07 -0 -0 -0.19 -0.07 -0 0 -0.19 -0.07 -0 -0 -0.19 -0.07 -0.01 0 -0.19 -0.07 -0 -0 -0.19 -0.07 -0 -0 -0.19 -0.07 -0.01 0 -0.19 -0.08 -0 -0 -0.19 -0.07 -0 -0 -0.19 -0.07 -0 -0 -0.19 -0.07 -0 -0 -0.19 -0.07 -0 -0 -0.19 -0.08 -0 0 -0.19 -0.08 -0 -0 -0.19 -0.08 -0 0 -0.19 -0.08 -0 -0 -0.19 -0.08 -0 -0 -0.19 -0.08 -0 -0 -0.19 -0.08 -0 -0 -0.2 -0.08 -0 -0 -0.19 -0.08 -0 0 -0.2 -0.08 -0 -0 -0.19 -0.08 -0 -0 -0.2 -0.08 -0 -0 -0.2 -0.08 -0 0 -0.2 -0.09 -0 0 -0.2 -0.09 -0 -0 -0.2 -0.08 -0 -0 -0.2 -0.08 -0 -0 -0.2 -0.09 -0.01 -0 -0.2 -0.09 -0.01 0 -0.2 -0.09 -0 0 -0.21 -0.09 0 0 -0 0 -1.24 -0.83 -8.56 -8.75 -5.03 -0.31 -0 0 -0.02 0 -1.98 -0.78 -0.17 -0.07 0 -0 -0 0 -6.52 -5.3 -0.79 -0.88 -3.06 -4.69 -0.25 -0.44 -1.54 -3.26 -5.7 -5.55 -5.74 -0.69 0 0 -0 0 -4.56 -8.17 -6.46 -6.47 1.16 -8.63 -1.22 -4.35 -0.09 -1.65 1.55 -8.89 -0.69 -6.72 -3.82 -7.46 -6.98 -11.22 -8.76 -2.85 -3.81 -13.37 -0.15 -1.04 0 -7.01 -1.25 -6.42 -1.41 -2.81 -0.37 -1.28 -0.53 -4.71 -6.52 3.41 0 0 -0.85 0.33 0 0 -0 0 -11.07 2.75 -5.41 3.41 -0 0 -2.01 0.58 -9.83 0.06 -8.14 2.11 -2.17 -5.35 -9.06 3.42 -2.41 0.09 -9.2 -2.72 -2.23 -1.77 -0.68 -1.19 -2.15 1.41 -13.65 -3.17 -7.34 1.69 -6.52 2.39 -2.04 6.04 0 0 0 0 -0.52 1.02 0 0 -4.25 5.86 0.41 6.2 7.58 15.83 0.3 2.41 -2 9.6 7.24 6.42 -0.01 0 0 0 -14.21 5.52 -1.72 7.27 1.92 6.33 0.65 3.11 3.04 0.82 3.06 7.81 -0.01 0.01 0 0 -7.76 6.33 0.91 7.21 0.03 0.34 0.33 8.88 7.44 5.22 1.19 1.35 3.96 7.55 3.38 3.62 1.01 2.63 -0.14 9.64 2.77 4.13 0.3 0.54 2.45 5.37 0.33 1.19 0.57 5.4 -0.15 1.52 -1.91 6.13 2.56 9.54 -0.3 2.74 -2.17 4.19 1.62 12.64 4.87 9.89 -0.01 0.01 -5.28 3.73 -0.45 12.39 -0.1 0.79 -3.7 14.6 -0.76 10.02 0.09 9.1 5.61 1.89 -4.87 13.67 -0.12 9.65 -0.12 0.93 -1.93 7.22 0.44 2.13 8.18 0.91 5.52 9.11 0.24 0.49 3.62 8.57 0.3 1.54 -0.16 8.26 -0.21 1.19 -2.31 6.58 2.09 7.18 5.44 5.51 -2.3 6.89 2.18 7.84 0.13 0.98 0.13 14.2 -0.01 0.01 -5.05 4.31 0 0 -1.41 4.05 -0.2 3.2 6.22 4.68 1.07 1.25 2.3 4.3 7.11 8.53 2 0.56 6.87 0.15 15.14 18.48 -1.18 5.67 3.39 10.24 6.17 7.96 -3.44 10.94 0.66 11.2z"/>
   <path class="fil6" d="M-0.03 325.32l-0 -0.03 7.58 15.83 0.3 2.41 -2 9.6 7.24 6.42 -0.01 0 -7.24 -6.42 2 -9.6 -0.3 -2.41 -7.57 -15.8zm-1.1 39.76l-1.72 7.27 1.92 6.33 0.65 3.11 3.04 0.82 3.06 7.81 -0.01 0.01 -3.06 -7.81 -3.04 -0.82 -0.65 -3.11 -1.92 -6.33 1.72 -7.28 0.01 0zm-0.82 31.69l0.91 7.21 0.03 0.34 0.33 8.88 7.44 5.22 1.19 1.35 3.96 7.55 3.38 3.62 1.01 2.63 -0.14 9.64 2.77 4.13 0.3 0.54 2.45 5.37 0.33 1.19 0.57 5.4 -0.15 1.52 -1.91 6.13 2.56 9.54 -0.3 2.74 -2.17 4.19 1.62 12.64 4.87 9.89 -0.01 0.01 -4.87 -9.89 -1.62 -12.65 2.17 -4.19 0.3 -2.74 -2.56 -9.54 1.91 -6.13 0.15 -1.52 -0.57 -5.4 -0.33 -1.19 -2.45 -5.37 -0.3 -0.54 -2.76 -4.13 0.14 -9.64 -1.01 -2.64 -3.38 -3.61 -3.96 -7.55 -1.19 -1.35 -7.44 -5.22 -0.34 -8.88 -0.03 -0.34 -0.91 -7.21 0.01 -0.01zm23.76 113.47l-0.45 12.39 -0.1 0.79 -3.7 14.6 -0.76 10.02 0.09 9.1 5.61 1.89 -4.87 13.67 -0.12 9.65 -0.12 0.93 -1.93 7.22 0.44 2.13 8.18 0.91 5.52 9.11 0.24 0.49 3.62 8.57 0.3 1.54 -0.16 8.26 -0.21 1.19 -2.31 6.58 2.09 7.18 5.44 5.51 -2.3 6.89 2.18 7.84 0.13 0.98 0.13 14.2 -0.01 0.01 -0.13 -14.2 -0.13 -0.98 -2.18 -7.84 2.3 -6.89 -5.44 -5.51 -2.09 -7.19 2.3 -6.57 0.21 -1.19 0.16 -8.27 -0.3 -1.53 -3.63 -8.57 -0.24 -0.49 -5.52 -9.11 -8.19 -0.91 -0.43 -2.13 1.93 -7.22 0.12 -0.93 0.12 -9.65 4.88 -13.67 -5.6 -1.89 -0.09 -9.11 0.76 -10.02 3.7 -14.6 0.1 -0.79 0.45 -12.39 0.01 -0.01zm76.42 -207.8l-0 0 -11.07 2.75 0 -0 11.07 -2.75zm-16.48 6.16l-0 0 -2.01 0.58 -9.83 0.06 -8.14 2.11 -2.17 -5.35 -9.06 3.42 -2.41 0.09 -9.2 -2.72 -2.23 -1.77 -0.68 -1.19 -2.15 1.41 -13.65 -3.17 -7.34 1.69 -6.52 2.39 0 -0 6.52 -2.39 7.34 -1.69 13.66 3.17 2.16 -1.42 0.67 1.19 2.24 1.79 9.2 2.72 2.41 -0.09 9.06 -3.42 2.17 5.34 8.13 -2.11 9.83 -0.06 2.01 -0.58zm-77.95 4.62l0 0 -4.25 5.86 0 -0 4.25 -5.86zm29.89 362.99l-1.41 4.05 -0.2 3.2 6.22 4.68 1.07 1.25 2.3 4.3 7.11 8.53 2 0.56 6.87 0.15 15.14 18.48 -1.18 5.67 3.39 10.24 6.17 7.96 -3.44 10.94 0.66 11.2 1.05 1.48 -0 0 -1.05 -1.48 -0.66 -11.2 3.44 -10.95 -6.17 -7.96 -3.4 -10.24 1.18 -5.67 -15.14 -18.48 -6.87 -0.15 -2.02 -0.56 -7.1 -8.51 -2.3 -4.3 -1.07 -1.25 -6.23 -4.68 0.2 -3.2 1.41 -4.05 0.02 -0.01zm209.16 14.79l0.01 0 5.17 5.18 -0.01 -0 -5.17 -5.17zm24.52 1.31l0.01 0 9.56 6.09 -0.56 2.2 2.73 2.33 -0.95 1.7 -0.02 -0 0.96 -1.7 -2.73 -2.34 0.56 -2.2 -9.55 -6.09zm24.17 7l0 0 4.24 3.51 -0.01 -0 -4.24 -3.51zm12.83 5.96l0.01 0 -3.74 11.65 -0.01 -0.01 3.74 -11.65zm2.96 16.44l0.01 0.01 0.26 5.65 -0.01 -0.01 -0.26 -5.65zm7.95 8.41l0.01 0 2 3.33 -0.01 -0 -2 -3.33zm15.37 7.59l0.01 0 3.84 4.3 -0 0 -3.84 -4.3zm55.83 11.76l0.01 0.01 2.81 3.9 -0.01 -0 -2.81 -3.91zm20.85 -2.46l-1.48 -0.85 0 0 1.48 0.85 -0 0zm61.05 -38.98l0.01 0 2.59 3.5 11.3 2.49 -0.02 0 -11.28 -2.48 -2.6 -3.51zm52.6 -11.34l-3.2 -8.54 -0 -0.01 3.21 8.55 0 0zm-10.52 -29.15l-7.8 -6 0 0 7.8 5.99 0 0zm26.33 -55.4l-2.02 -1.59 0 -0 2.02 1.59 -0 0zm-9.68 -22.81l-5.55 -1.61 -0 -0.01 5.55 1.61 0 0.01zm-6.48 -5.06l-9.11 -5.6 0 -0 9.11 5.59 0 0.01zm-11.37 -18.23l-3.55 -1.59 -0.3 -0.26 0.28 0.25 3.55 1.59 0.01 0.01zm-12.82 -22.74l-6.34 -3.06 0 -0.01 6.34 3.06 0 0.01zm-0.11 -17.21l-0.89 0.58 -5.75 -4.17 0 0 5.75 4.16 0.89 -0.59 -0.01 0.02zm-3.78 -15.66l-4.54 -2.44 -0 -0 4.55 2.44 0 0zm-6.85 -10.36l-4.21 -0.09 -0 -0.01 4.21 0.09 0 0.01zm-5.89 -13.14l-4.2 -2.72 0 0 4.2 2.71 0 0zm-49.32 14.02l9.87 -0.97 -0 0.01 -9.86 0.96 -5.15 4.97 -0 -0 5.15 -4.97zm-12.45 -21.18l-3.63 -1.96 -0 -0 3.64 1.96 0 0zm-8.92 -7.17l-8.66 4.44 -0 -0 8.66 -4.44 0 0zm-18.12 -6.43l-4.65 -2.48c-2.82,-1.05 -5.53,-2.08 -8.23,-3.13 2.7,1.06 5.41,2.08 8.23,3.13l4.64 2.49 0 0zm-16.68 -7.12c-1.44,-0.57 -2.89,-1.16 -4.37,-1.77l-10.43 -3.24 -1.55 -0.93 -0 -0 1.55 0.93 10.43 3.24c1.48,0.61 2.93,1.2 4.37,1.78zm-21.54 -13.94l-0.42 -0.13 -12.35 0.74 -1.73 -0.3 -3.2 -1.38 -3 0.58 -2.02 2.02 -1.55 0.95 -3.87 1.22 -1.64 0.13 -11.73 -1.56 -8.34 3.97 -1.59 0.36 -8.96 0.12 -2.3 -0.73 -0 -0 2.3 0.73 8.96 -0.12 1.59 -0.36 8.34 -3.97 11.73 1.56 1.64 -0.13 3.87 -1.22 1.55 -0.96 2.02 -2.02 3.01 -0.58 3.21 1.38 1.71 0.3 12.35 -0.74 0.42 0.13 0 0zm-64 5.04l-5.14 2.2 -0.88 0.25 -8.41 1.37 -10.78 3.56 0 -0 10.78 -3.56 8.41 -1.37 0.88 -0.25 5.14 -2.2 0 0zm-30.91 2.98l-8.44 -0.03 -0 -0 8.44 0.04 0 0zm-25.58 -13.09l-4.21 0.92 -4.49 2.91 -9.17 -3.53 0.01 0 9.16 3.52 4.48 -2.9 4.21 -0.92 0 0zm-25.18 -1.24l-5.9 5.17 -0 -0 5.9 -5.17 0 0zm-40.36 -16.14l-0.17 -0.07 0 -0 0.17 0.07zm-18.03 -20.19l-5.74 -0.69 0 0 5.74 0.69 0 0zm321.38 75.8l-0.86 -1.19 -4.69 0 -12.78 3.55 -5.08 -3.48 0 -0 5.08 3.48 12.78 -3.55 4.69 0 0.86 1.2 -0 0z"/>
   <path class="fil6" d="M410.89 273.76l-0.32 3.62 0 0 3.29 5.76 0 0 0.43 1.17 0 0 0.31 1.64 1.33 -0.17 0 0 6.8 10.01 0.06 0.11 0.33 0.61 2.23 5.58 0 0 2.63 2.22 0 0 6.29 0.83 0 0 1.56 6.27 4.93 3.37 0.39 0.31 6.13 5.49 0 0 0.44 0.48 0 0 8.09 10.22 0 0 0 0 -3.8 4.35 -1.48 4.69 0 0 0.57 6.32 0 0 -0.28 1.83 0 0 -1.94 4.52 0 0 -0.33 0.61 0 0 -1.22 1.83 0 0 0.2 2.82 0 0 3.34 11.7 0 0.01 -6.54 -0.55 -0.87 -0.07 -1.54 1.81 -0.84 7.2 -5.38 0.9 -1.15 1.28 -0.5 6.43 0 0 -9.68 0 -2.67 1.46 -2.01 0.46 -5.42 -0.29 -6.18 2.06 0.11 1.58 0 0 0 0 -0.28 1.71 0 0 -1.66 4.03 1.43 3.38 3.17 1.59 0 0 0.46 4.09 4.38 7.02 0 0 0.51 1.31 0 0 1.29 6.78 0 0 0.06 0.52 0 0 0.3 5.86 0 0 3.49 9.31 3.3 4.81 0 0 0.66 1.99 0 0 0.31 7.69 0 0 2.35 10.85 5.69 7.47 0 0 0 0 -0.72 3.63 0 0 3.13 6.26 2.62 -5.95 0.91 -1.28 6.41 -5.93 7.17 4.92 9.91 -2.76 1.01 -0.15 9.03 0 4.19 5.81 5.9 -2.47 0.94 -0.25 9.06 -1.26 1.36 0.06 9.15 2.07 0 0 1.27 6.35 1.98 0.49 3.13 -3.06 0.57 -3.65 -6.16 -1.21 0 -0 -0.02 -0 2.15 -7.88 -4.2 -9.43 16.61 -10.08 0.37 -12.19 0.24 -1.25 4.44 -11.65 14.58 1.2 0 0 0.02 0 -1.06 6.24 2.78 1.03 5.31 -2.46 1.28 -0.34 8.45 -0.7 5.82 -3.85 1.79 -7.35 10.47 -1.57 8.91 -4.4 6.39 -7.61 2.48 -6.13 -1.69 -0.74 -7.11 -0.09 -7.6 -0.81 -1.66 -0.1 -0.06 -0.08 -0.01 -0 -1 -1.3 -8.32 -10.86 1.09 -0.34 -1.3 -2.85 -5.67 -3.07 -0.91 -0.7 -4.56 -4.7 -4.63 -0.17 -3.57 -4.73 -3.87 -1.57 -3.78 -9.2 -5.92 -3.11 -1.33 -1.16 -4.1 -5.75 -0.69 -1.81 -0.5 -4.82 -1.3 -2.14 -0.55 -2.07 0.11 -3.95 -0.26 -0.97 -0.8 -2.92 -0.03 -0.06 -1.44 -5.7 -0.06 -0.22 -0.06 -0.22c-0.34,-1.31 -0.68,-2.63 -1.01,-3.96l-8.64 -9.26 0.01 -0 0 -0 9.76 -6.39 2.23 -4.3 0 0 0 -0.01 3.98 0.62 1.42 -0.99 -3.2 -0.78 -0.05 -7.43 -2.95 -4.4 -0.57 -1.34 -0.7 -3.37 -2.65 -0.49 -1.83 -6.42 -2.42 -0.16 -4.08 -5.18 -0.48 -0.82 -2.09 -4.72 -0.33 -1.47 -0.06 -2.77 -3.2 -1.94 2.48 -6.15 -1.01 -4.16 0.14 -2.23 2.91 -7.7 -2.26 -10.71 -0.06 -1.11 0.95 -10.16 -3.63 -2.78 -0.96 -7.56 -0.03 -0.37 -0.05 -1.84 -2.91 -0.5 0.09 3.11 -0.94 2.62 -0 0 0 0 -13.54 15.38 -0.01 0.02 -2.96 -6.19 -10.32 6.39 -3.95 -5.11 -1.24 -0.07 -2.79 4.41 2.91 5.03 0 0 0 0 -9.13 6.36 -4.28 -0.95 -2.3 9.78 0 0 -10.33 0.35 -2.64 1.58 1.15 6.69 0 0 0 0 -2.17 2.19 0 0 2.09 3.6 -0 0 -2.52 2.19 2.42 4.85 -0.01 0 0 0 -16.51 10.23 -0.52 0.27 -10.07 4.25 0 0zm23.3 214.97l-1.48 0.89 -0.04 3.48 0.96 -0.09 0.56 -4.27zm83.65 -313.81l-0.62 -0.59 -2.51 0.44 -1.88 -0.15 -3.35 -1.15 -4.44 13.76 -0.05 0.63 1.62 -0.62 8.04 -10.11 0.98 -0.87 2.2 -1.36z"/>
   <path class="fil6" d="M573.53 379.98l3.73 4.86 5.98 0.63 7.28 0.08 1.49 0.31 6.81 2.98 2.75 -0.83 0.4 2.2 0.01 0 1.9 10.41 4.48 4.22 0 0 0.61 0.74 0 0 0 0 5.94 9.46 0 0 7.33 1.13 1.56 0.61 2.46 1.66 5.52 -0.41 0 0.01 3.74 4.73 3.64 1.08 0 0 0 0 2.32 5.88 1.93 -0.17 11.04 3.2 0.06 -0.09 0.98 -5.1 0.85 -1.76 3.03 -3.54 -0.08 -1.64 0.89 -2.64 1.25 -1.48 -0.33 -1.89 -1.89 -1.3 -1.52 -2.1 0 -0 -0 -0 -1.71 -5.98 -0.09 -1.68 1.81 -10.51 10.17 -1.84 2.41 -7.6 3.59 -0.55 1.01 -1.61 0.11 -1.41 -0.32 -0.17 -1.56 -1.91 -0.22 -0.27 0 -0 -0 -0 -2.29 -7.31 2.26 -2.52 -0.84 -2.76 -0.06 -2.02 2 -7.88 6.32 2.01 5.48 -2.49 2.57 -0.2 5.96 1.67 1.56 -4.41 0 0 0 0 8.14 -2.95 0 0 1.02 -1.34 -0.43 -4.17 0 0 0.73 -2.63 0 0 2.51 -3.38 -8.88 -6.57 0 0 -1.24 -1.58 0 0 -4.7 -11.11 8.63 0.15 0.03 -0.48 -3.52 -7.6 0 -0.02 -0.01 -0.01 -0.15 -2.83 0.76 -2.2 -2.76 -8.54 0 -0.01 -0.01 -0.02 -0.15 -1.65 0.55 -4.22 -2.42 -3.31 -0.57 -1.15 -6.61 -21.73 -4.44 -8.4 -1.74 -0.69 -3.98 2.18 -1.34 0.43 -8.92 1.18 -5.8 -7.04 0 -0.02 -0.01 -0.01 1.66 -11.35 -3.02 -4.91 -7.26 -7.79 -6.24 -3.32 -1.56 -5.3 -11.77 -8.49 0 -0.02 -0 0 0.03 -3 -0.3 -0.08 -2 -1.28 -6.66 -8.19 0.01 -0.02 -0.01 -0.01 1.42 -4.8 -4.94 -7.65 -17.9 -2.84 0.02 -0.02 -0.02 -0 6.79 -7.58c-1.98,-3.3 -3.7,-6.44 -5.41,-9.69l-5.98 -2.79 -9.76 1.56 -9.46 3.79 -2.84 0 -12.72 -5.19 -4.44 0.7 -0.32 2.61 -0 0 0 0 -0.82 1.9 0 0 -7.34 9.18 -8.87 -4.03 -3.69 2.26 -1.26 0.49 -8.3 1.61 -7.37 4.55 -8.29 10.42 -1.63 1.19 -1.36 0.52 0.12 4.2 0.54 4.2 4.45 3.41 -1.29 13.76 2.37 11.25 -0.16 2.11 -2.89 7.65 1.01 4.2 -0.16 2.31 -0.52 1.28 1.24 0.75 0.12 6.24 1.56 3.52 1.73 2.19 4.38 0.3 2.01 7.04 3.02 0.56 1.59 7.64 3.17 4.72 0.64 2.1 0.02 2.64 4 0.97 2.03 1.25 1.12 1.34 5.5 0 6.18 14.86 -10.74 -2.32 -4.84 2.03 -4.43 -2.78 -0.44 -0.33 -0.57 -0.48 -0.48 0.33 -2.75 0.63 -0.09 -0.02 -0.18 0.35 -1.3 1.44 -3.03 1.98 3.15 3.37 0.91 1.67 1.46 5.8 1.34 5.23 -0.02 0 1.2 4.36 0.13 1.1 -0.09 3.4 1.17 1.92 0.54 1.58 0.48 4.65 2.99 4.19 6.34 3.33 1.74 1.92 3.09 7.52 1.89 0.77 1.61 1.24 2.04 2.69 2.53 0.09 2.59 1.15 5.19 5.35 6.29 3.41 1.64 1.77 3.48 7.61zm119.47 -61.93l0 0 0 0z"/>
   <polygon class="fil6" points="1028.59,2.77 1028.67,2.79 1028.68,2.82 1028.58,2.83 1028.07,5.15 1023.36,12.38 1024.17,15.93 1024.17,15.94 1024.17,15.96 1023.77,18.7 1021.44,22.77 1026.47,38.87 1026.46,38.87 1026.47,38.91 1001.98,38.31 996.09,41.59 994.15,42.07 982.73,41.73 982.72,41.7 982.69,41.43 981.48,31.6 978.94,30.03 977.68,28.72 964.58,6.48 952.68,4.16 946.96,4.77 917.78,11.67 916.99,11.75 900.19,12.11 893.65,4.33 890.14,3.76 889.96,5.51 889.14,7.51 885.1,12.51 884.09,13.39 874.75,18.98 873.93,19.35 865.43,22.02 863.14,22 858.47,20.5 854.27,24.83 850,21.25 846.49,24.02 843.81,24.84 842,24.69 840.5,27.93 839.4,29.33 823.53,41.8 815.81,51.57 808.48,51.02 803.64,59.44 802.54,66.01 801.83,67.66 796.84,74.35 792.12,86.85 791.96,94.93 791.93,96.87 791.92,96.91 790.79,99.56 785.67,104.6 783.88,105.6 777.37,107.14 768.62,117.36 753.52,116.04 743.36,119.83 743.24,120.05 748.23,124.46 748.22,124.49 748.22,124.49 746.27,135.4 741.23,137.85 741.87,141.6 741.87,141.61 741.87,141.64 725.18,154.1 717.78,150.67 708.74,150.22 703.67,154.98 685.83,152.69 684.35,152.19 681.29,150.35 677.57,151.59 675.62,151.69 663.66,149.21 652.45,145.85 649.37,148.04 647.17,148.74 636.99,148.76 634.22,157.38 611.55,165.01 612.49,166.82 618.18,176.3 616.94,177.68 624.43,178.87 633.13,192.32 631.85,196.64 635.19,200.75 640.02,202.02 639.98,207.03 649.62,213.98 651.05,216 652.06,219.44 656.04,221.56 657.04,222.33 664.98,230.86 665.43,231.46 669.41,237.91 669.94,240.45 668.57,249.85 669.53,251.02 673.56,250.49 680.07,246.92 686.43,249.43 688.39,251.2 693.65,261.14 693.91,261.81 700.46,283.31 703.41,287.35 704.11,290.07 703.47,294.97 706.37,303.94 706.36,306.34 705.69,308.3 708.97,315.39 709.24,316.84 722.69,312.76 723.16,312.64 734.93,310.65 737.32,309.34 736.8,304.5 744.39,300.89 745.52,300.56 750.47,299.91 751.59,299.93 763.33,301.9 764.18,299.5 765.88,297.47 776.89,291.11 777.84,286.74 794.37,276.17 809.77,262.34 811.81,261.41 815.46,260.91 819.26,257.21 820.04,256.63 836.14,247.44 838.93,247.05 847.49,249.19 852.81,244.08 858.91,246.26 864.78,243.1 877.02,249.54 877,249.57 877.04,249.58 874.6,253.89 877.48,256.06 884.51,258.54 890.28,258.31 892.87,259.19 898.73,264.09 898.72,264.11 898.74,264.13 896.8,269.8 898.31,271.81 900.95,271.37 905.11,268.44 910.6,259.97 914.96,260.65 914.57,250.73 923.58,244.4 933.28,228.13 946.22,226.59 954.64,221.04 956.28,220.43 968.47,218.97 971.61,213.94 982.26,212.06 988.77,206.49 993.82,194.16 995.22,192.44 1007.47,184.24 1014.21,188.06 1013.87,182.32 1033.8,176.55 1034.33,176.43 1042.79,175.26 1049.99,167.96 1050.45,167.56 1064.13,157.53 1065.19,148.51 1066.53,146.02 1078.1,136.31 1078.1,136.06 1079.52,135.13 1079.84,134.9 1084.87,131.62 1082.82,129.11 1081.99,127.05 1081.17,118.09 1078.61,107.66 1078.56,106.08 1080.08,97.59 1081.38,95.34 1086.9,90.73 1087.38,83.85 1093.18,80.53 1088.98,69.46 1099.86,62.9 1100.71,62.53 1110.59,59.48 1111.69,59.32 1121.02,59.28 1125.23,52.34 1125.53,47.89 1122.58,47.89 1121.06,47.56 1109.94,42.72 1107.78,31.67 1101.88,27.49 1093.78,28.35 1091.01,27.53 1086.12,23.58 1079.44,23.81 1077.43,23.32 1067.04,17.35 1066.01,16.47 1056.27,4.74 1050.44,2.26 1038.61,2.83 1037.79,2.78 1028.44,1.17 1028.65,2.51 1028.65,2.52 "/>
   <path class="fil6" d="M423.13 486.01l1.98 3.62 0.06 -4.34 3.63 -2.18 -1.72 -3.44 -3.94 6.34zm2.09 -11.02l0.09 0.05 -0.12 -0.92 0.31 -1.56 -4.11 -5.4 -0.7 -1.51 -2.58 -11.94 -0.07 -0.65 -0.28 -6.96 -2.94 -4.28 -0.42 -0.82 -3.87 -10.33 -0.24 -1.15 -0.31 -6.17 -1.11 -5.82 -4.46 -7.16 -0.55 -1.59 -0.09 -0.86 -0.72 -0.36 -1.8 -1.92 -3.19 -7.59 2.51 -6.11 -0.47 -6.59 12.48 -4.16 1.4 -0.19 5.06 0.27 2.6 -1.42 1.81 -0.48 3.57 0 0.05 -0.67 0.97 -2.27 2.9 -3.23 2.2 -1.2 1.05 -0.18 0.31 -2.64 0.88 -2.02 4.82 -5.7 0.33 0.03 -0.43 -1.48 -0.13 -0.78 -0.32 -4.52 0.63 -2.37 1.75 -2.63 1.43 -3.33 -0.56 -6.13 0.15 -1.47 1.93 -6.14 0.78 -1.37 0.18 -0.2 -3.96 -5.01 -5.66 -5.07 -5.97 -4.09 -1.55 -2.23 -0.66 -2.65 -2.26 -0.3 -1.96 -0.87 -4.19 -3.55 -1.07 -1.49 -2.44 -6.1 -3.92 -5.77 -3.83 0.48 -1.51 -8.07 -3.56 -6.23 -0.48 -2.2 0.43 -4.81 -1.13 -0.73 -3.25 1.15 -1.03 2.9 -0 0 0 0 -11.7 3.28 -0 0 -7.32 7.46 -0.01 0 -1.96 1.06 -12.11 2.46 -9.78 -17.68 -5.02 -6.02 -0.82 -1.71 -2.04 -10.59 -4.64 -4.97 -0.37 -0.48 -8.49 -12.67 -0.4 -0.79 -3.81 -10.24 -0.19 -0.73 -2.15 -13.31 -4.57 -10.17 -6.67 -3.39 -0.93 -0.65 -7.91 -7.59 -6.7 2.88 -9.82 -9.77 -0.79 -1.15 -2.52 -5.6 -6.51 1.09 -1.67 6.28 -0.42 1 -8.78 14.53 -0 0 -0.28 0.4 -0.01 0 -3.46 4.35 -4.09 10.69 -0 0 0 0 -9.65 3.91 -0.64 0.19 -13.02 2.78 -4.11 4.23 -1.33 4.31 -0.31 0.74 -4.54 8.05 1.33 11.44 -0 0 -3.1 3.42 -2.03 9.4 -0.31 0.88 -6.17 12.49 -3.68 14.19 0 0 -0 0 -6.8 -3.57 -16 -2.8 -1.64 -0.72 -6.19 -4.66 -4.61 -1.3 -1.22 -0.67 -1.54 6.15 -0 0 -0 0 -19.81 5.5 -17.8 7.08 -4.04 -3.71 -1.81 0.25 -4.8 5.3 -0 0 -2.44 1.23 -0 0 -10.31 1.03 -2.02 -0.35 -0.05 -0.03 0.31 2.71 1.33 2.67 0.33 0.98 1.43 7.34 0.07 0.72 0 6.82 2.56 8.94 6.21 2.02 2.06 1.61 7.74 12.44 4.43 8.64 0.4 1.34 0.81 7.95 -0.03 1.03 -1.49 8.56 1.2 4.27 0.1 1.52 -0.76 5.68 4.17 4.18 0.63 0.83 2.92 5.23 3.17 0.38 2.2 1.06 7.13 6.93 0.79 1.1 1.73 3.66 2.58 3.96 5.11 4.15 5.31 0.33 2.48 1.13 9.06 9.26 6.28 2.69 6.22 2.21 1.59 1.07 0.55 0.63 4.05 -3.55 5.76 2.91 3.65 0.17 1.19 0.25 6.14 2.36 1.84 -1.19 1.27 -0.54 8.16 -1.79 5.4 3.94 4.06 1.42 1.98 1.58 2 3.21 3.58 3.49 8.19 0.03 2.32 0.79 3.5 2.71 7.19 -2.38 0.58 -0.13 8.29 -1.35 8.7 -3.74 3.79 2.78 6.81 -0.09 8.61 -4.1 2.13 -0.33 12 1.59 2.22 -0.7 2.17 -2.18 1.98 -1.06 5.3 -1.02 2.2 0.24 3.46 1.49 12.14 -0.73 1.37 0.18 7.6 2.42 -1 5.06 2.07 2.04 9.69 3.01 0.33 0.12 8.11 3.33 8.48 3.15 0.46 0.21 5.28 2.83 0.76 0.54 4.28 3.87 0.48 0.51 2.14 2.79 8.04 -4.12 7.85 8.11 6.69 3.6z"/>
   <path class="fil6" d="M299.91 725.76l-2.65 -1.9 -0.65 1.04 -1.01 1.07 -4.78 3.45 -4.33 4.89 -6.07 9.17 -0.37 0.46 -4.73 5.17 -0.67 0.58 -8.6 5.85 -6.37 5.43 -1.86 4.75 -2.3 8.26 -0.85 1.54 -1.17 1.3 8.32 7.87 -5.53 3.28 -0.62 1.04 0.5 2.17 0.56 0 3.04 3.59 4.21 1.26 1.86 1.25 2.21 2.72 9.24 9.28 -3.02 2.09 3.31 2.87 3.43 0 3.22 3.8 0.89 2.34 0.14 4.66 -0.37 6.05 -0.77 2.09 -1.56 2.03 -1.15 2.98 0.33 5.15 1.34 5.24 1.72 3.61 4.31 2.43 1.79 17.23 -0.34 2.01 -2.16 4.57 -2.39 5.36 0.98 3.65 4.18 0.74 1.57 0.67 2.73 1.96 7.46 0.4 2.09 0.76 8.98 6.75 1.21 1.5 4.5 10.17 3.29 4.52 0.37 -0.09 1.85 -4.12 3.52 -11.09 12.02 -0.5 1.77 0.36 4.89 2.31 0.48 0.27 4.55 3.01 11.18 0.63 1.15 -2.16 1.16 -1.31 3.26 -2.31 1 -0.48 -0.24 -1.78 4.25 -4.12 1.17 -2.21 0.91 -5.69 0.33 -1.07 2.85 -5.84 4.62 0.22 0.22 -0.19 1.31 -5.45 -0.38 -6.88c0,-6.41 0.24,-12.92 0.36,-19.35l11.91 -4.75 0 0.02 0 0 1.78 8.48 0.63 0.87 0.51 -7.15 6.56 -1.26 6.61 -4.1 1.5 -0.54 7.52 -1 2.4 0.48 2.89 1.67 0.56 -2.07 1.48 -2.11 3.29 -2.34 4.22 -7.63 7.64 -1.35 1.23 -2.25 -5.98 -7.46 0 -0 -0.01 -0.01 2.64 -8.38 1.67 -2.11 4.44 -2.7 2 -0.55 9.11 0.09 -0.39 -9.71 10.62 1.31 2.39 -5.79 8.22 2.47 1.2 0.61 4.48 3.4 0.85 1.07 0.02 -2.04 8.5 0.6 4.85 -3.03 2.14 -2.94 1.56 -1.26 3.67 -1.58 6.78 -8.27 9.77 7.82 7.2 1.61 5.08 -0.07 -0.41 -1.61 -0.12 -1.12 0.3 -6.21 0.3 -1.3 1.4 -3.32 -0.28 -6.26 -3.16 -2.87 -6.75 0.16 -3.05 -6.84 -9.31 -4.75 -1.3 -7.58 -3.17 -7.45 6.76 -4.82 1.38 -2.09 -1.15 -1.91 -3.2 -2.25 -0.84 -4.87 -1.7 0.24 -0.81 0.03 -10.03 -0.76 -0.79 -0.15 -9.74 -2.9 -0.85 4.3 -8.16 0.88 -1.22 -0.07 -13.3 -2.93 -2.24 -1.44 -2.63 -3.55 -7.89 -1.97 -0.43 -0.15 -11.84 -4.56 -7.04 -0.67 -8.22 1.37 -1.62 -0.09 -6.54 -1.82 0.52 2.31 -1.39 8.03 1.24 9.05 -0.13 1.64 -1.32 4.21 2.89 6.73 -5.33 3.15 -0.72 1.91 7.05 4.06 -13.79 8.34 -4.02 6.69 -2.15 1.69 -3.46 1.06 -2.58 -0.12 -10.9 -4.53 -1.63 -1.3 -2.75 -3.82 -3.54 -1.24 -8.07 0.24 -0.87 -0.07 -11.13 -2.28 -4.75 0.48 -1.25 -0.09 -5.73 -1.38 -4.44 1.11 -2.13 -0.09 -7.98 -2.67 -1.63 -1.07 -3.49 -3.9 -5.92 -0.43 -1.67 -0.52 -5.85 -3.46 -1.32 -1.33 -0.69 -1.15 -1.46 -0.24 -1.31 -0.48 -7.61 -4.51 -0.28 -6.07z"/>
   <polygon class="fil6" points="219.36,861.37 213.98,863.65 211.02,857.67 208.27,855.19 200.71,850.6 199.5,849.45 198.49,847.91 197.34,847.32 196.41,847.54 194.58,850.31 184.27,849.54 183.82,843.78 181.57,840.41 181.04,839.14 180.22,835.53 180.45,833.15 182.02,829.66 182.41,828.99 183.26,827.8 182.65,825.33 182.65,823.5 183.95,818.38 181.94,812.85 179.19,811.1 180.49,801.98 185.21,798.54 186.91,797.84 195.58,796.59 198.25,795.76 197.97,794.02 199.1,786.5 196.59,786.54 192.91,785.2 187.73,785.15 186.27,784.85 178.26,781.42 176.25,779.42 175.57,777.82 169.81,778.73 168.67,776.6 159.46,776.5 158.3,774.52 154.17,775 150.9,762.06 149.78,760.18 142.71,763.42 142.22,763.61 136.9,765.2 135.5,765.35 127.33,764.67 119.82,770.17 115.36,768.26 99.65,772.93 97.21,772.82 90.17,770.1 87.94,770.75 82.85,776.56 81.65,798.48 84.94,804.63 85.37,806.07 86.3,816.11 85.66,818.6 82.68,822.98 82.77,823.4 88.48,826.85 85.26,839.83 90.96,845.06 92.06,846.89 94.45,855.96 94.54,856.38 96.56,870.01 97.74,873.27 103.84,868.77 107.53,864.79 115.8,864.61 118.28,865.44 122.54,868.89 123.76,870.69 125.29,875.44 126.55,875.88 128.5,875.09 129.78,870.37 139.11,872.44 138.14,879.78 138.04,880.33 137.35,882.72 137.83,886.68 138.94,889.39 151.23,894.96 160.52,893.72 161.62,893.74 165.7,894.4 167.46,891.78 174.28,891.7 184.32,886.25 199.34,899.37 200.65,899.37 204.69,896.09 206.27,895.33 212,894.06 212.71,893.97 215.24,893.89 216.95,892.24 218.23,891.41 221.97,889.98 224.28,888.14 226.68,883.09 235.01,883.26 238.12,882.3 240.44,879.98 240.11,877.63 239.08,875.64 230.11,869.39 228.7,867.53 227.49,864.07 223.55,863.46 222.25,863.01 "/>
   <path class="fil6" d="M234.15 860.08l1.32 3.79 8.74 6.09 1.2 1.36 1.75 3.36 0.39 1.24 0.43 3.05 1.29 0.75 10.53 1.43 1.24 0.39 3 1.56 3.27 0.21 3.93 -3.18 4.51 4.5 2.65 0.62 0.15 0.08 -0.22 -0.84 0 -0.01 -0.47 -1.73 0.83 -1.14c0.93,-2.09 1.85,-4.15 2.79,-6.21l0.07 -0.2 1.25 -2.64 0.07 -0.16 0.07 -0.16 0.31 -0.65 -1.27 -12.24 -1.94 -1.09 -1.58 -1.68 -2.39 -5.03 -0.26 -0.7 -1.51 -5.91 -0.1 -0.7 -0.41 -6.36 0.25 -1.61 1.65 -4.28 0.52 -0.94 1.17 -1.54 0.3 -4.77 -0.09 -2.75 -0.07 -0.08 -1.32 0 -2.48 -0.94 -5.17 -4.47 -1.02 -1.39 -2.72 -6.39 0 -0 0 0 0.68 -0.47 -2.96 -2.97 -0.26 -0.28 -1.59 -1.96 -4.17 -1.25 -1.82 -1.19 -1.48 -1.75 -3.1 0 -2.21 -9.57 0.44 -2.8 1.53 -2.56 -2.7 -2.56 -6.05 1.95 -19.06 10.64 -0.98 0.39 -6.3 1.49 -6.31 3.77 0.43 0.87 -11.33 3.54 -0.59 0.13 -8.07 1.16 -1.33 0.96 -0.18 1.25 0 0 1.25 1.56 2.86 7.84 0.12 2.22 -0.01 0.02 0 0.02 -1.35 5.3 1.23 4.93 -0.01 0.01 0 0.01 -2.69 3.75 -0.88 1.96 0.38 1.67 2.42 3.63 0.5 1.45 2.02 -1.39 3.79 -0.86 2.58 0.33 3.26 1.68 1.43 1.28 1.1 1.67 7.18 4.35 0.58 0.42 3.5 3.15 0.86 1.15 0.11 0.21 2.23 -0.94 5.57 3.16 4.9 0.77 3.83 -0.77 0 4.06z"/>
   <path class="fil6" d="M292.71 716.78l2.02 -6.32 -1.81 -0.52 -1.39 -0.73 -1.3 -1.07 -4.75 2.02 -0.39 0.15 -1.23 0.37 -2.17 3.04 -14.82 -4.58 2.51 -4.47 -1.57 -1.34 0.37 -1.46 -3.93 -2.51 -1.88 0.06 -1.46 -0.25 -3.92 -1.51 -5.18 8.74 -7.66 -3.61 -1.07 -0.76 -3.39 -3.39 -7.16 0 -7.78 2.59 -7.56 4.11 -4.85 -1.56c-4.84,0.39 -9.59,0.59 -14.46,0.83l-0.04 0.2 4.43 3.65 -1.02 6.58 -0.97 2.01 -2.81 3.02 -0.31 3.98 -10.83 7.2 -1.96 4.03 -1.62 1.68 -2.54 1.37 0.11 0.6 3.54 1.33 0.56 10.89 -9.04 3.3 -6.52 3.16 -0.89 0.3 -7.79 1.6 -0.97 0.07 -1.16 -0.07 0.08 0.19 0 0 1.77 6.99 2.4 -0.28 0 0 1.52 2.57 0 0 9.42 0.11 0 0 0 0 0.71 1.32 6.28 -0.99 1.68 3.9 0.74 1.72 0 0 5.92 2.54 0 0 5.07 0.05 0 0 1.26 0.22 0 0 2.92 1.06 3.03 -1.21 2.53 -0.11 4.53 1.42 -0 0 0 0 -1.97 13.18 5.44 -3.25 1.09 -0.45 6.36 -1.5 0.76 -0.43 10.03 -5.88 7.57 -3.94 0.54 -0.3 0.69 -0.3 7.67 -2.47 2.33 -2.57 2.13 -7.63 0.12 -0.37 2.26 -5.75 1.09 -1.5 7.3 -6.21 0.33 -0.26 8.39 -5.7 4.19 -4.57 6.06 -9.16 0.33 -0.42 4.81 -5.44 0.63 -0.57 4.5 -3.24 2.18 -3.49z"/>
   <path class="fil6" d="M95.36 880.69l-5.78 3.06 -1.2 12.56 -0.96 2.2 -3.17 3.48 3.5 9.44 2.82 4.21 0.48 0.98 5.41 17.2 -0.18 2.72 -5.39 11.67 -0.31 1.04 5.48 8.72 0.27 0.49 4.09 9.28 0.31 1.59 -0.19 10.34 1.28 4.19 3.34 3.56 1.03 2.72 -0.33 10.1 -0.44 1.68 -4.48 8.36 -1.76 1.65 -0.44 0.2 2.7 11.35 -9.39 4.3 -0.01 0 -0.02 0.01 -2.59 0.21 -3.52 -0.98 -0.1 0.59 -5.74 3.6 -3.51 4.78 -1.79 1.34 -1.63 0.58 10.05 7.48 12.94 2.66 1.02 5.15 6.45 2.91 0.72 3.47 2.94 1.92 1.26 7.12 -0.25 2.13 -0.53 1.25 2.26 3.2 6.78 4.09 -0.61 8.98 3.29 7.93 6.83 5.55 -0.67 12.74 -0.02 0 0 0.01 -6.8 0.39 -2.86 2.41 -2.86 5.37 -0.36 5.85 -0.57 1.78 -3.14 5.03 -2 7.14 6 1.22 1.76 0.85 9.33 8.11 0.63 0.72 2.88 4.18 7.87 3.96 5.54 -0.55 1.85 -1.04 0.78 -10.42 0 0 0 -0 8.89 3.11 3.98 -1.84 1.72 -0.34 8.11 0.28 2.52 1.06 3.28 3.17 1.03 1.7 0.76 2.65 8.03 3.76 1.58 1.37 4.77 7.36 3.6 0.51 1.67 0.67 5.06 3.59 1.27 1.52 1.48 3.23 4.81 1.69 1.92 1.49 1.83 2.75 3.26 0.94 6.67 -0.29 2 0.46 6.94 3.83 3.81 -1.99 0.37 -1.86 0 -0 1.44 -2.31 5.76 -4.35 1.41 -6.04 0 -0.01 6.52 -0.7 5.85 -7.94 -3.98 -10.38 5.37 -4.14 2.2 -16.22 0.92 -2.01 4.62 -5.22 1.2 -0.91 6.95 -3.34 2.29 -0.33 4.8 0.85 2.15 -5.27 0.79 -1.2c1,-1.04 1.98,-2.05 2.94,-3.04l0.05 -0.05c5.33,-5.5 10.13,-10.11 15.95,-15.54l0.79 -0.57 15.52 -8.37 1.21 -0.4 3.8 -0.6 -0.03 -2.89 -5.22 -10.6 1.29 -1.84 1.12 -1.94 -3.11 -5.98 -0.31 -1.28 -0.11 -0.4 -0.4 -14.87 -1.98 -6.28 -8.93 -5.2 -1.53 -1.65 -4.83 -10.11 0 -0.01 -0 -0.01 -0.3 -0.92 -2.39 -12.46 0.28 -2.3 2.88 -6.29 -1.82 -2.42 -5.58 -4.8 -1.26 -2.19 -0 -0 -0 -0.01 -0.91 -4.86 -4.94 -4.61 0 -0.01 -0 -0 2.43 -17.98 0.88 -1.97 3.16 -3.69 3.57 -12.84 6.45 -3.51 2.36 -3.08 2.34 -10.95 0.88 -1.73 8.76 -9.93 0.3 -0.3 1.83 -1.66 -3.06 -4.21 -0.42 -0.7 -4.25 -9.6 -7.24 -5.44 -7.42 -0.39 0 -0 -2.02 -0.71 -0 0 -2.91 -2.09 -5.47 -0.97 0 0 -3.88 0.03 -0.01 0 -2.53 -0.94 -1.4 -1.22 -2.79 -0.65 -1.82 -1.02 -0.54 -0.53 -2.31 0.74 0 0 -0 0 -5.54 -0.36 -1.5 -0.42 -3.13 -1.62 -10.63 -1.44 -1.4 -0.48 -1.02 -0.59 -2.27 2.26 -1.55 0.94 -4.56 1.42 -0 0 -1.2 0.17 -0 0 -0 0 -4.05 -0.09 -0.67 1.41 -1.07 1.35 -3.44 2.73 -0.48 0.27 -0.54 0.31 -1.71 0.65 -1.83 0.7 -2.21 2.15 -2.55 1.07 -3.65 0.11 -4.49 0.99 -4.42 3.58 -2.4 0.87 -4.06 0 -2.5 -0.95 -12.11 -10.58 -6.23 3.37 -1.76 0.44 -3.76 0.05 -2.28 3.37 -8.35 -1.37 -9.81 1.31 -2.06 -0.3 -14.65 -6.64 -1.96 -2.04 -1.87 -4.59 -0.22 -0.86 -0.04 -0.13 -0.64 -5.22 0 -0.04 -1.63 0.65 -2.67 0.06 -6.17 -2.17 -2.34 -7.26 -2.33 -1.88 -3.64 0.08 -1.77 1.91 -0.54 0.49 -9.5 7 -3.73 -1.03z"/>
</svg>`,

    "Bajo Cauca": `<svg xmlns="http://www.w3.org/2000/svg" width="100%" height="100%" viewBox="0 0 2558 2152">
   <path class="fil5" d="M601.31 621.02l-0.83 3.54 3.94 6.79 -5.94 21.83 -1.28 1.95 -12.15 9.84 0.17 13.46 3.42 17.72 8.4 20.4 -35.68 17.91 -8.81 -13.24 -4.7 4.15 -15.26 -4.09 -8.5 6.69 -13.91 -10 -13.72 9.99 -1.86 9.46 -11.47 4.34 -10.48 17.15 -8.61 -3.28 -7.48 13.28 -9.26 -10.34 -2.91 6.74 -7.44 -0.73 -9.22 13.63 -5.71 0.57 4.66 5.06 -5.93 12.43 -1.18 1.41 -4 2.98 5.22 12.69 -6.41 13.38 -9.86 0.81 -4.14 7.99 -0.43 0.66 -6.17 7.59 -1.98 1.28 -13.56 3.57 -1.01 0.12 -19.11 -0.28 -9.36 -15.98 -0.51 -2.35 1.09 -9.51 -3.96 -11.27 -4.07 -3.23 -18.8 -2.35 -0.7 0.93 2.01 7.88 -4.72 7.7 -1.77 23.32 -0.46 1.55 -2.28 4.12 0.77 18.39 -0.21 1.39 -3.27 9.46 4.88 9.63 -10.78 10.24 -1.3 8.11 6.28 1.36 9.2 24.58 -6.27 6.11 1.97 10.4 -17.56 12.41 -2.7 10.17 1.49 9.44 0.05 0.45 0.5 14.11 3.27 5.7 0.49 1.96 -0.24 10.87 -5.65 3.34 6.91 7.04 2.04 0.58 12.99 -8.76 0.46 -0.27 15.18 -7.41 14.7 6.28 0 0.04 0.32 0.14 0.82 20.87 11.9 21.62 13.89 8.43 0.21 27.58 -16.19 9.94 -9.95 10.9 -3.09 12.59 3.89 9.07 0.3 1.19 1.65 19.26 12.06 14.58 -11.76 21.29 5.78 20.05 -0.19 2.64 -4.07 8.83 -0.14 15.36 2.64 10.87 6.54 7.8 14.97 -4.91 0.28 0.19 0.05 -0.02 10.17 7 12.16 -0.32 6.01 -20.13 1.27 -1.88 12.05 -9.73 17.04 8.78 0.04 0.03 0.28 0.15 1.1 0.86 12.44 14.04 14.53 -4.56 16.29 -8.92 0.23 0.23 0.09 -0.05 20.36 20.15 -7 12.34 10.54 0.58 0.12 0.17 0.2 0.01 8.83 12.36 0.67 1.73 1.16 8.89 23.67 11.3 0 0.02 0.32 0.15 1.13 14.28 7.95 10.7 0.73 2.7 -1.81 15.3 -0.62 1.69 -5.58 8.34 -0.34 22.74c4.49,13.55 8.64,26.65 12.81,40.31l13.69 16.97 11.67 8.95 0.39 0.34 14.66 14.81 9.59 5.5 11.34 -1.45 2.11 0.33 17.17 8.17 25.36 2.63 1.85 -10.56 0.85 -1.79 9.3 -11.04 0.31 0.2 0.02 -0.02 18.17 12.02 19.29 8.39 0 0.04 0.32 0.14 1.44 11.41 23.93 2.78 0.02 0.14 0.31 0.04 1.28 9.3 9.71 3.15 0.2 0.13 0.12 0.04 1.7 1.13 8.53 9.87 -0.97 6.31 14.55 10.43 1.88 17.26 -10.56 7.89 0.12 1.13 12.59 0.67 0.02 0.16 0.31 0.02 2.08 14.89 6.48 12.4 -10.03 5.5 0.38 7.1 -7.75 4.11 -0.83 6.41 11.93 16.99 10.42 5.97 -5.38 10.8 5.37 13.69 15.52 3.39 0.31 0.17 0.02 0 1.88 1.03 8.5 8.48 13.15 1.4 12.89 -5.23 0.05 0.29 0.28 -0.11 2.28 12.82 13.81 -4.68 0.21 0.21 0.11 -0.04 8.71 8.76 14.36 2.88 1.58 0.71 0.08 0.06 0.25 0.11 13.54 10.47 -0.89 17.3 -0.19 1.01 -4.5 13.33 1.72 16.95 -6.04 5.59 4.57 12.66 -15.8 15.77 4.21 7.32 11.74 2.14 0.06 0.13 0.27 0.05 3.38 7.02 16.19 4.82 0.04 0.09 0.3 0.09c3.43,8.11 7.23,16.44 10.39,24.6l12.39 36.71 34.86 29.78 1.89 -2.85 2.12 -7.75 2.96 -15.13 0.64 -1.47 7.05 -9.87 0.52 -0.59 12.08 -11.1 2.55 -1 13.4 -0.1 1.39 0.25 13.23 5.08 7.24 -3.37 1.07 -0.31 20.15 -2.8 0.66 -0.03 18.8 0.69 4.52 -2.16 3.22 -9.37 0.19 -0.45 8.13 -16.38 23.68 -1.58 15.21 -7.77 2.1 -0.4 5.98 0.61 22.06 -6.73 6.18 -6.03 2.3 -1.06 5.82 -0.56 2.66 -2.54 4.57 -9.04 1.33 -1.48 7.63 -4.97 5.34 -11.8 6.42 -0.22 0.86 -6.43 15.83 -9.65 0.7 -0.34 11.91 -4.26 0.64 -0.17 13.88 -2.37 1 -0.03 15.75 1.53 0.85 0.18 20.84 6.99 1.47 18.7 -0.61 2.37 -4.55 6.98 5.39 10.87 7.78 10.02 6.6 4.44 0.74 0.66 10.96 12.52 6.58 0.85 2.13 1 8.27 7.79 8.45 -0.67 6.4 6.44 3.69 2.29 3.98 -1.29 1.4 -7.97 -3.08 -11.39 5.11 -2.99 -0.18 -6.21 -8.69 -9.88 8.35 -8.4 -2.4 -17.42 -5.48 1.46 -8.78 -7.54 -1.19 -1.88 -1.48 -5.36 -21.98 -14.03 1.82 -11.62 -6.55 -13.07 -0.41 -2.02 1.09 -12.44 -2.19 -5.7 -4.29 -0.17 -10.75 11.94 -6.02 15.85 -14.79 -19.38 -11.41 -8.61 -1.24 -9.46 0.66 -2.67 4.09 -5.84 -3.77 -2.92 -8.93 -1.43 -2.02 -10.19 -5.19 -3.18 -1.5 -1.71 -5.37 -12.18 -10.38 4.61 -7.79 -8.43 -6.06 -1.51 -1.39 -0.65 -11.93 -8.99 4.41 -10.11 -2.35 -20.78 -4.33 -8.69 4.87 -5.94 -1.75 -10.73 -10.4 2.33 -0.88 -15.07 -4.44 -8.43 3.24 -7.73 -5.69 -6.3 5.59 -6.24 -5.7 -21.03 0.1 -2.3 2.57 -6.95 -3.06 -9.72 16.51 -4.98 -3.24 -24.93 0 -0.97 1.74 -13.32 6.19 -0.91 -5.01 -10.27 19.5 -1.02 5.61 -10.68 5.97 11.92 9.16 -5.26 -4.36 -10.81 18.18 -17.79 6.1 3.33 5.38 -5.98 12.55 2.68 12.55 -3.24 -4.71 -10.7 14.02 -2.18 0.09 -1.84 0.39 -8.21 -6.78 -6.39 -11.91 3.61 -11.62 -24.48 0 0 -0 -0 8.38 -9.11 3.15 -18.39 -9.3 -12.72 -0.73 -1.92 0 -0 0 0 -1.88 -21.44 0 -0 0.5 -2.23 7.41 -12.7 3.97 -17.89 0.18 -0.59 9.02 -22.33 -14.12 -15.35 -0 -0 -0.78 -1.31 -0 0 0 -0 -6.96 -19.64 0 -0 22.81 -6.18 2.44 0.16 6.1 2.54 -0.23 -13.79 -0.01 -0.48 0 -0 18.87 -3.31 6.62 -5.67 -4.74 -0.75 0 -0 -3.01 -18.8 7.2 -0.25 -0.81 -3.46 -9.81 -1.54 0 -0 0 0 0.85 -10.5 -10.1 -3.61 -0 -0.01 -10.84 -23.61 0 -0 -0.34 -1.46 0 -0 -0.46 -14.66 0 0 -10.76 -8.25 -14.72 -0.7 0 -0 0 0 2.95 -32.13 9.28 -2.06 -9.33 -28.15 0 -0 7.87 -8.44 -5.35 -4.8 0 -0 0 0 1.69 -20.11 -2.41 -13.09 -16.03 4.06 -1.54 0.06 -13.84 -2.28 -0.86 -0.26 -24.42 -10.33 -11.55 4.91 -12.93 -9.22 -18.33 -7.31 -20.51 -3.44 -7.37 -12.04 -18.34 -7.13 -9.5 9.79 -15.82 -17.3 0 -0 -1 -2.24 -0 -0 -1.75 -20.46 -5.98 -10.27 -21.93 14.82 -26.37 -15.74 0 -0 -0 0 2.67 -7.34 -18.04 -14.22 -1.28 9.7 -36.61 3.57 -15.08 17.41 0 0 -0 0 -6.3 -15.81 -0.77 -1.94 -10.23 -7.27 0 0 -0 -0 -0.41 -22.39 7.23 -7.36 -0.16 -9.46 -19.03 -18.13 -0 0 8.28 -7.94 -2.5 -3.11 0 -0 -0.85 -2.38 0 -18.61 0.4 -1.68 8.83 -17.91 -8.62 -10.28 0 0 -0.02 -0.02 2.09 -3.45c8,-13.37 16.03,-26.67 24.16,-39.98l-8.02 -18 -0 -0 -0.33 -1.68 0 0 0.88 -24.88 -5.38 -27.24 -7.98 -13.74 -4.16 -7.17 -11.85 -13.43 0 -0 -0.94 -2.19 -0 -0 -1.16 -13.25 -0 0 -9.63 -8.91 -17.76 -1.61 -2.55 -1.31 -8.11 -9.48 0 -0 -0.71 -1.25 -0.1 -0.28 -5.68 -16.67 -4.13 1.19 -4.53 6.78 3.98 9 0 0 -6.3 12.25 -12.08 2.25 -2.44 -0.36 -11.91 -6.19 0 0 0 -0 -0.07 -8.3 0 0 -5.86 -3.33 -6.41 -0.8 -4.5 8.06 1.38 17.63 -4.13 4.54 3.21 7.5 -8.05 7.83 -0.5 8.78 -0.91 2.26 -5.5 6.46 -6.2 -0.95 -7.98 11.72 -1.77 1.4 -8.74 3.37 -1.22 0.25 -10.25 0.42 -4.07 8.5 5.51 6.76 0 0 -2.87 10.85 -8.92 2.38 0.34 0.77 1.61 3.6 0 0 17.28 11.87 0 0 -18.92 4.57 -1.13 3.37 4.01 8.98 0 0 -8.85 17.5 -16.97 -11.65 -27.81 -7.1 -1.06 -0.44 -9.2 -5.66 -20.78 7.87 0 -0 0 0 -5.68 -27.18 -14.12 -10.12 0 0 0 -0 -1.85 -11.27 -8.76 2.3 -15.58 11.74 -1.25 0.63 -22.76 6.55 -15.39 -10.05 0 0 0 -0 -0.46 -19.72 -7.93 -19.43z"/>
   <path class="fil5" d="M1519.1 214.89l3.43 -5.25 -0.4 -1.66 -13.72 -56.72 -43.05 22.11 -2.36 -22.47 -5.35 -4.9 -5.21 -0.53 -0.73 2.28 -1.28 1.85 -21.46 16.8 -0.64 0.41 -16.17 8.1 -7.36 5.3 -11.79 14.89 -10.06 -2.47 -6.83 13.87 -38.15 -9.45 -11.55 15.84 -21.09 -6.45 -6.61 7.88 -37.82 -12.56 0.04 0.34 8.71 8.36 -17.2 19.4 -37.34 1.27 -1.22 -0.16 -17.63 -5.4 -37.42 0.81 -5.87 5.25 -1.59 0.85 -13.79 3.53 -1.98 -0.02 -14.15 -4.03 -12.97 11.81 -2 0.95 -27.82 4.28 -6.99 -16.21 -10.69 2.24 -6 6.19 -1.43 0.93 -10.5 3.81 -9.93 10.06 -2.31 1.12 -6.13 0.67 -6.45 6.37 -1.2 0.81 -15.88 6.58 -13.25 -25.51 2.08 -3.86 -17.24 -4.35 -1.58 -0.83 -5.83 -5.12 -15.67 -2.17 -0.98 3.7 13.97 14.48 -6.72 11.87 -16.95 2.92 -4.48 4.2 2.83 18.91 -15.07 -7.08 -17.53 4.65 -6.76 5.5 -2.53 0.85 -12.11 -0.46 -15.17 10.32 -2.2 0.65 -12.68 -0.28 -4.04 4.35 -2.56 9.08 -1.11 1.8 -5.15 4.65 2.04 6.75 -3.98 5.52 -0.56 9.54 -16.98 14.09 -2.93 24.84 7.91 6.41 -11.22 9.05 -4.94 40.53 -20.37 -14.67 -11.66 9.23 0.97 7.08 -0.3 2.07 -7.93 17.44 -27.79 3.86 -37.99 19.54 -9.5 -10.5 -6.63 12.92 -0.92 1.18 -24.11 20.34 -7.2 -4.71 -2.67 3.63 6.83 11.91 -4.02 4.57 4.25 3.47 -5.38 16.95 0.41 16.08 -10.83 2.06 -11.03 5.2 -15.94 -6.05 -5.64 8.35 2.06 8.48 -0.4 2.8 -6.88 11.8 -1.15 18.24 1.54 7.65 9.11 22.71 0.27 1.34 0.39 16.43 9.11 5.95 18.77 -5.4 15.6 -11.76 1.34 -0.64 17.57 -4.61 2.69 16.38 12.77 9.15 1.5 2.32 4.17 19.93 15.97 -6.05 11.89 7.31 27.89 7.12 1.21 0.55 10.38 7.12 3.29 -6.51 -3.14 -7.02 -0.13 -2.76 2.94 -8.76 6.46 -1.56 -4.13 -2.84 -1.33 -1.58 -6.03 -13.48 13.28 -3.55 0.75 -2.85 -6.09 -7.48 8.12 -16.99 14.19 -0.57 7.04 -2.72 10.03 -14.72 6.75 1.03 1.92 -2.25 0.51 -8.98 1.15 -2.52 5.36 -5.22 -3.08 -7.2 5.2 -5.72 -1.22 -15.5 0.48 -2.13 7.58 -13.57 12.2 1.52 1.41 0.48 10.34 5.87 0.07 8.09 6.72 3.49 7.1 -1.32 2.93 -5.7 -4.2 -9.5 7.64 -11.43 2.11 -1.53 12.43 -3.59 7.88 23.12 6.64 7.76 17.5 1.58 2.23 0.98 11.67 10.78 1.22 2.47 1.18 13.46 11.24 12.75 0.43 0.61 12.67 21.83 0.45 1.17 5.58 28.25 0.06 0.86 -0.87 24.48 9.3 20.85 -14.52 23.8 -10.97 18.34 8.33 9.94 -10.62 21.55 0 16.43 6.01 7.49 -7.56 7.25 15.57 14.83 0.27 15.85 -7.23 7.35 0.28 15.35 8.02 5.7 1.32 1.7 2.87 7.2 7.9 -9.12 2.52 -1.3 32.1 -3.13 2.24 -17 32.86 25.92 -2.41 6.61 16.81 10.03 24.67 -16.67 10.53 18.06 0.5 1.59 1.71 20.04 9.48 10.37 7.4 -7.63 24.24 9.43 1.87 1.56 6.22 10.17 17.46 2.93 0.78 0.22 19.2 7.66 0.8 0.43 9.81 6.99 10.58 -4.49 26.96 11.41 12.62 2.08 23.14 -5.85 3.98 21.63 0.06 1 -1.41 16.82 8.29 7.45 -10.09 10.82 10.56 31.85 -12.08 2.68 -1.72 18.69 7.98 0.38 2.13 0.77 14.56 11.17 0.55 17.51 9.17 19.98 12.61 4.5 -0.75 9.3 7.9 1.24 4.09 17.44 -7.86 0.27 0.78 4.86 15.56 2.46 -19.93 17.07 -1.81 0.87 -13.49 2.37 0.33 19.39 -15.61 -6.5 -13.61 3.69 3.96 11.17 16.85 18.31 -10.72 26.52 -4.03 18.15 -0.41 1.09 -7.08 12.14 1.69 19.2 10.57 14.46 -3.89 22.66 -0.95 1.94 -5.67 6.16 6.6 13.91 9.85 -2.98 12.54 11.82 -0.74 15.72 2.25 4.98 4.92 5.09 5.38 -0.03 2.99 -7.52 11.72 -0.87 1.84 3.66 4.11 -1.8 1.75 -15.7 11.98 0.33 7.19 -12.85 5.3 -0.37 -0.72 -9.33 4.83 -1.76 -1.42 -2.91 -0.25 -2.62 2.47 -9.43 1.74 -2.32 10.06 -5.97 9 4.93 11.62 -3.99 0.76 -3.52 -6.92 -8.06 6.25 -7.33 4.37 -17.76 9.28 7.65 9.14 -7.89 2.24 14.33 3.91 -1.08 12.05 -5.09 2.4 7.68 3.98 -7.34 10.91 -0.64 3.39 5.65 2.31 -4.83 10.13 -3.26 11.06 -5.59c3.09,-11.48 5.75,-20.39 9.56,-31.52l13.89 7.76 2.76 -3.61 -1.28 -16.89 10.63 4.97 1.11 -2.87 -1.16 -8.97 12.15 -6.13 2.42 -8.1 7.22 -3.29 -9.65 -4.69 4.49 -16.68 12.04 -2.72 5.12 -8.39 7.38 -0.33 2.67 -2.59 -5.07 -8.6 -0.52 -1.69 -0.66 -9.76 0.89 -2.71 7.03 -8.3 6.44 0.28 3.46 -10.78 12.12 11.56 -3.61 6.5 2.92 0.28 3.73 -3.95 1.96 -1.12 3.24 -0.7 -0.09 -8.57 8.83 -0.44 0.43 -2.47 0.76 -1.7 15.26 -19.4 4.66 16.75 8.54 -1.89 1.68 0 13.03 3.05 4.17 8.91 9.26 0.55 1.67 0.51 15.61 8.97 -3.35 17.24 5.02 1.26 1.88 1.12 5.35 5.83 8.56 1.99 4.72 -5.07 2.65 -1.2 5.77 -0.22 0.2 -7.8 17.02 -11.95 1.34 -0.59 24.48 -5.68 2.89 12.59 3.22 1.59 3.27 -3.5 1.12 -8.99 12.83 -5.44 2.37 -0.21 6.11 1.45 7.84 -11.19 1.67 -1.34 7.98 -3.3 10.43 -9 0.25 -7.57 -3.11 -7.66 -0.27 -1.59 0.87 -19.18 1.13 -2.55 7.63 -7.53 10.67 -18.99 1.4 -10.44 -6.84 -8.11 -0.43 -0.64 -10.32 -19 -0.43 -1.28 -2.55 -17.6 -5.44 -10.85 -0.4 -1.65 -0.09 -6.09 -4.74 -5.88 -0.73 -1.49 -3.43 -14.18 -9.78 -13.53 -0.51 -0.95 -4.52 -12.82 -0.21 -1.31 0.22 -16.5 0.82 -2.32 2.7 -3.4 -1.81 -0.92 -12.68 -2.37 -8 4.79 -2.43 0.51 -13.59 -1.71 -13.48 3.51 -3.21 -12.45 -6.38 -2.39 -20.9 4.95 -0.76 -0.04 -1.31 -0.06 -8.57 -2.83 4.43 10.27 -23.81 27.91 -0 0 -13.22 -7.68 -8.62 -1.36 -10.32 6.48 -5.18 -5.33 7.52 -11.18 -5.91 -9.6 0 0 15.3 -11.53 -2.84 -17.14 -8.48 -7.67 -5.48 4.74 0 0 -0 0 -7.14 -7.15 -3.26 2.51 -0 0 -2.5 0.79 -18.26 -0.86 -39.25 5.62 -20.71 1.26 -1.97 -0.42 -8.37 -4.3 -23.67 -1.35 9.31 -10.52 3.24 -8.87 -1.28 -8.17 0.23 -0.19 -5.52 0.16 8.46 -12.14 -1.54 -0.07 -0.87 -8.51 0.79 -2.73 1.02 -1.31 -9.17 -5.71 -1.94 -11.32 3.66 -3.28 -6.81 -4.98 -1.37 -1.91 -2.68 -8.37 5.2 -2.74 -2.9 -2.43 -2.17 -0.48 -9.28 14.64 0 -0 -0 0.01 -3.86 -17.04 -8.13 -1.44 -1.67 -0.75 -7.59 -5.85 -1.18 -9.37 -1.97 -1.04 -1.77 -1.94 -4.16 -10.26 10.69 -7.16 7.22 -10.16 0.25 -0.31 8.17 -9.22 1.74 -5.21 -4.68 -5.15 3.25 -8.89 1.03 -1.52 5.14 -4.65 0.41 -0.3 -1.29 -0.36 5.46 -10.3 2.46 -8.66 0 0 0 -0 5.41 -0.56 -1.12 -7.91 0.01 0 0 -0 6.33 0.06 -1.7 -9.31 0 0 0 0 10.82 2.76 3.75 -4.96 1.77 -1.3 1.39 -0.49 21.34 -7.55 0.16 0.4 3.04 -6.09 0 0 0 -0 11.44 8.54 9.06 -2.63 0.22 -0.06 1.43 -2.66 -9.84 4.41 0 0 -0.01 0 -7.31 -16.22 0.78 -0.26 12.33 -4.25 4.26 -8.4 0.39 -7.31 -4.32 -5.82 -0.72 -2.78 0.98 -6.99 -10.52 -6.22 -13.38 -2.4 -4.77 -11.76 -6.04 -7.24 -0.81 -1.65 -1.95 -9.31 -9.03 -15.86 -0.49 -2.02 0.35 -8.99 -9.87 0.72 -10.33 -41.58 0.01 -0 8.65 -9.46 -13.89 -10.14 7.2 -16.26 0.54 -0.88 0.01 -0 7.01 -8.56 17.58 -32.68 0.69 -0.91 0.01 -0.01 7.04 -6.95 -16.61 -13.91 1.7 -14.17 0 0 0 -0.01 17.3 -5.65 25.99 -18.16 0 0 1.61 -12.07 -6.15 -6.8 4.61 -9.11 -11.82 -8.88 2.93 -12.07 -2.66 -5.9 8.52 -20 -5.89 -10.66 -14.69 -4.6 -0.87 -8.83 -10.31 -7.44 -10.58 2.07 -10.39 7.24 -7.09 9.77 -12.35 -6.71 0 -0 0 0 4.57 -7.77 -2.89 -4.54 16.48 -33.54 2.04 -0.47 -1.73 -1.83 0 -0 -0 0 1.64 -2.51z"/>
   <polygon class="fil5" points="1537.01,132.22 1526.42,136.34 1515.24,147.03 1531.44,214.17 1528.65,214.17 1527.11,216.54 1533.85,223.67 1522.37,226.32 1509.38,252.76 1512.48,257.62 1512.15,258.17 1512.64,257.5 1513.55,256.6 1525.12,248.54 1526.56,247.93 1541.15,245.07 1556.94,256.47 1557.65,263.69 1568.99,267.24 1571.2,269.04 1579.61,284.28 1570.94,304.61 1572.77,308.66 1573,311.12 1570.94,319.62 1583.85,329.32 1578.72,339.46 1583.73,345 1581.21,363.86 1551.98,384.28 1550.98,384.79 1537.81,389.09 1537.17,394.35 1557.02,410.97 1544.43,423.41 1526.92,455.94 1526.52,456.55 1519.61,464.99 1515.09,475.19 1530.86,486.7 1519.25,499.39 1527.06,530.81 1539.02,529.93 1538.37,546.35 1547.17,561.79 1547.58,562.89 1549.46,571.86 1555.29,578.85 1555.9,579.85 1559.31,588.25 1569.24,590.03 1570.51,590.49 1585.96,599.63 1584.49,610.1 1588.7,615.76 1589.44,618.22 1588.93,627.7 1588.53,629.22 1583.21,639.72 1581.05,641.61 1574.39,643.91 1575.15,645.6 1580.36,643.27 1582.96,643.09 1592.7,645.91 1584.94,660.3 1568.92,664.94 1561.74,659.58 1555.14,672.77 1551.42,663.37 1536.7,668.57 1530.57,676.68 1526.34,675.59 1527.56,682.26 1520.87,682.2 1521.86,689.2 1513.72,690.04 1512.56,694.11 1512.26,694.86 1511.04,697.18 1512.04,697.46 1512.88,704.44 1505.53,708.54 1501.43,712.26 1500.07,715.96 1504.65,720.99 1501.26,731.17 1500.5,732.5 1491.98,742.11 1484.45,752.7 1483.47,753.65 1477.35,757.75 1478.67,761.01 1482.91,763.24 1484.19,773.39 1488.53,776.74 1500.73,778.9 1501.67,783.02 1504,779.35 1512.31,781.19 1513.94,781.98 1526.24,792.29 1516.65,797.33 1517,798.44 1530.38,808.23 1522.88,814.95 1523.54,818.78 1536.96,827.15 1531.68,833.93 1531.72,834.39 1540.52,834.78 1532.79,845.87 1534.4,845.83 1536.91,852.57 1531.38,857.07 1532.14,861.91 1531.96,863.78 1528.14,874.24 1527.81,874.78 1536.82,875.29 1538.35,875.7 1546.51,879.9 1565.69,878.74 1605.15,873.09 1605.86,873.06 1623.12,873.88 1630.57,868.14 1637.44,875.01 1642.65,870.51 1657.1,883.57 1658.31,885.78 1662.12,908.76 1648.67,918.89 1653.52,926.77 1652.07,928.91 1652.23,928.88 1662.97,930.57 1664.28,931.04 1672.63,935.88 1689.23,916.41 1679.85,894.86 1703.57,902.74 1724.56,897.76 1726.76,897.91 1737.96,902.1 1740.26,911.01 1747.09,909.23 1748.52,909.14 1761.53,910.78 1769.64,905.92 1772.29,905.44 1786.92,908.19 1787.93,908.53 1792.02,910.59 1812.67,891.29 1813.05,877.41 1808.47,871.65 1808.47,871.65 1799.09,865.62 1799.07,865.61 1797.65,863.94 1792.26,851.72 1791.94,849.89 1793.01,836.64 1794.33,834.05 1803.61,826.15 1816.66,827.56 1818.86,828.57 1818.87,828.58 1818.87,828.58 1825.49,834.78 1834.29,832.96 1836.02,824.39 1829.84,817.28 1814.89,812.79 1814.88,812.79 1814.02,812.41 1814.01,812.4 1814,812.4 1800.55,804.29 1800.54,804.28 1799,802.51 1792.49,787.24 1782.78,778.4 1781.85,777.09 1777.2,766.35 1785.31,751.29 1782.93,734.99 1770.56,718.91 1770.04,717.99 1764.07,702.91 1774.08,696.39 1776.75,695.83 1784.58,697.07 1789.39,688.57 1783.62,680.97 1766.19,675.11 1766.19,675.1 1766.18,675.1 1764.19,658.02 1764.3,656.65 1769.54,636.3 1769.51,622.02 1765.3,612.31 1750,607 1750,607 1749.99,606.99 1744.96,590.58 1744.83,588.87 1747,575.46 1747.47,574.13 1753.38,564.16 1754.61,537.51 1747.85,523.97 1756.49,512.78 1751.68,503.19 1768.61,496.28 1769.82,495.99 1778.98,495.43 1782.36,486.44 1773.98,480.72 1773.97,480.72 1773.97,480.72 1772.74,479.34 1772.73,479.33 1765.7,465.83 1765.35,464.82 1761.97,447.89 1762.52,445.07 1774.74,426.22 1792.31,422.94 1793.51,422.91 1810.87,425.28 1825.67,413.76 1825.67,413.77 1825.68,413.76 1825.68,441.99 1834.5,450.8 1834.5,450.8 1834.5,450.81 1830.7,464.11 1814.3,466.36 1810.96,483.43 1826.92,494.05 1826.92,494.05 1826.93,494.05 1825.63,506.12 1843.27,512.76 1844.78,513.81 1844.78,513.81 1849.2,518.81 1872.73,519.83 1873.89,520.07 1891.37,526.56 1891.37,526.57 1891.37,526.57 1898.45,544.39 1898.69,546.28 1897.33,556.57 1910.45,566.33 1938.09,568.26 1938.09,568.26 1938.09,568.26 1938.62,581.89 1951.17,589.91 1966.09,591.28 1966.09,591.28 1966.1,591.28 1963.93,600.25 1973.59,601.02 1983.89,595.06 1998.22,599.55 2011.41,597.3 2013.76,597.65 2013.77,597.66 2013.89,597.72 2025.32,603.49 2025.32,603.5 2025.33,603.5 2025.17,627 2025.17,627.01 2031.48,629.12 2041.21,621.51 2043.31,620.7 2052.81,620.09 2062.28,602.96 2062.28,602.97 2077.72,612.73 2095.57,620.47 2095.58,620.47 2097.57,631.75 2104.89,635.57 2104.89,635.57 2106.24,636.74 2116.82,651.63 2120.75,643.17 2137.7,644.84 2137.7,644.84 2137.71,644.84 2136.37,656.37 2147.13,654.13 2147.13,654.13 2147.13,654.13 2157.97,668.5 2164.17,667.73 2164.74,659.46 2165.72,657.17 2182.29,638.88 2184.88,637.63 2199.7,636.74 2209.65,621.16 2208.98,601.3 2221.96,603.47 2230.93,597.31 2236.28,600.78 2236.19,592.44 2236.94,590.15 2245.33,578.89 2246.19,578.04 2259.96,568.38 2261.48,567.75 2270.3,566.17 2278.53,558.41 2281.03,557.38 2299.82,556.82 2307.15,540.94 2307.98,539.78 2325.86,522.81 2327.02,520.51 2327.78,519 2319.51,517.08 2312.55,505.16 2312.06,502.8 2313.13,493.46 2313.36,492.56 2316.15,485.11 2314.49,482.03 2313.24,481.54 2311.12,487.61 2291.54,488.96 2294.12,478.41 2283.04,453.63 2257.54,427.54 2256.67,426.15 2235.61,366.13 2232.2,368.32 2222.52,379.15 2184.85,369.87 2187.81,356.89 2176.2,326.97 2147.08,323.77 2128.4,337.01 2110.56,316.7 2090.32,315.19 2086.31,289.17 2045.09,251.25 2023.42,247.87 2021.31,246.81 2000.71,226.28 1990.63,231.81 1990.09,232.04 1978.27,236.35 1975.66,220.72 1965.52,210.69 1964.54,209.02 1958.36,186.98 1920.06,182.52 1926.92,162.42 1931.47,145.63 1926.81,145.59 1903.96,167.01 1887.57,159.37 1883.22,171.29 1858.51,171.08 1839.47,178.28 1821.54,161.52 1824.13,127.07 1825.68,114.99 1815.43,104.75 1816.28,97.05 1796.93,92.52 1795.06,91.46 1776.8,72.77 1775.8,70.91 1768.56,36.79 1756.44,28.22 1755.59,27.38 1742.55,10.04 1742.02,9.07 1739.41,2.04 1730.5,0.47 1730.17,12.14 1715.02,11.04 1664.87,37.17 1664.3,37.41 1645.78,43.51 1633.69,57.81 1636.86,70.7 1611.47,92.9 1611.05,93.21 1597.69,102.02 1595.6,102.67 1591.49,102.67 1571.35,110.13 1565.09,119.61 1555.33,119.61 1537.81,131.8 "/>
   <path class="fil5" d="M2331.56 527.89l-17.81 16.9 -9 19.5 -22.06 0.65 -8 7.54 -1.94 0.97 -9.1 1.63 -12.61 8.85 -7.26 9.74 0.2 21.17 -12.96 -8.39 -6.05 4.16 -2.79 0.63 -5.32 -0.89 0.4 11.74 -0.6 2.16 -12.68 19.87 -17.14 1.02 -14.63 16.14 -0.91 13.25 -16.8 2.09 -10.59 -14.06 -16.37 3.41 1.67 -14.33 -3.86 -0.38 -7.17 15.45 -17.65 -24.83 -9.85 -5.14 -1.93 -10.94 -14.37 -6.23 -0.52 -0.27 -8.85 -5.59 -7.58 13.71 -12.5 0.81 -12.02 9.4 -15.4 -5.16 0.17 -24.3 -6.23 -3.15 -12.87 2.2 -1.77 -0.12 -12.02 -3.77 -8.44 4.88 -2.2 0.5 -19.71 -1.56 2.2 -9.1 -7.09 -0.65 -1.7 -0.58 -16.69 -10.67 -0.42 -10.78 -21.93 -1.53 -2.01 -0.74 -17.61 -13.1 1.81 -13.74 -5.46 -13.75 -13.75 -5.11 -26.16 -1.13 -5.93 -6.72 -22.29 -8.39 1.43 -13.34 -16.35 -10.89 5.35 -27.38 16.87 -2.31 1.21 -4.24 -7.9 -7.89 0 -15.76 -5.01 3.9 -19.93 -2.72 -13.76 2.57 -9.6 14.8 2.97 14.9 6.34 12.17 12.53 8.55 -7.22 19.2 -13.5 0.82 -8.72 3.56 3.28 6.53 -8.63 11.18 5.07 10.15 0.39 1.86 -1.31 28.62 -0.52 1.77 -6.03 10.16 -1.9 11.8 3.65 11.89 14.81 5.14 5.85 13.51 0.31 1.5 0.04 15.54 -0.12 0.94 -5.19 20.11 1.35 11.61 13.95 4.69 1.82 1.31 9.52 12.54 -9.87 17.42 -11.6 -1.83 -3.58 2.33 3.48 8.79 12.67 16.47 0.76 1.77 2.7 18.5 -0.42 2.35 -6.97 12.95 2.85 6.57 8.63 7.86 1.05 0 7.35 17.22 12.01 7.24 15.56 4.67 1.79 1.15 9.34 10.74 -3.48 17.2 -17.59 3.63 -8.57 -8.04 -8.53 -0.93 -5.57 4.75 -0.86 10.72 4.54 10.3 8.96 5.76 0.92 0.83 5.83 7.32 0.82 2.47 -0.5 18.47 -24.7 23.09 -4.63 5.83 -0.19 14.49 4.13 11.71 9.89 13.67 0.61 1.33 3.41 14.07 5.02 6.23 0.83 2.34 0.1 6.55 5.33 10.65 0.37 1.16 2.54 17.52 9.79 18.02 8.78 10.4 -1.75 13.04 1.98 2.82 6.45 -1.54 10.91 -13.38 16.3 2.3 2.4 1.33 11.22 13.41 0.63 1.07 5.13 13.31 0 2.74 -4.43 11.44 -16.1 -0.78 -3.97 5.22 2.99 15.97 0.06 0.76 -0.46 25.04 2.64 15.41 5.89 10.07 0.52 1.93 0.04 12.59 -11.15 8.79 -3.5 7.57 -1.33 17.33 -0.24 1.07 -5.9 15.37 -3.24 16.81 -0.87 1.78 -13.62 15.65 -9.3 21.75 -4.13 11.27 -1.37 1.79 -9.9 7.07 -1.7 0.67 -31.74 4.27 -10 18.77 -0.7 0.94 -7.37 7.2 -2.5 10.87 0.7 10.42 5.12 6.67 0.76 1.93 1.2 12.01 -0.79 2.71 -5.47 6.98 2.13 3.8 9.16 1.4 9.14 14.84 0.57 1.91 0.24 9.81 2.62 10.9 7.2 10.74 11.19 6.65 1.44 1.52 3.18 6.1 11.51 4.02 2.02 1.67 10.5 17.83 7.27 7.61 0.64 0.93 3.04 6.07 9.01 6.47 -9.12 12.81 -1.79 8.59 -0.54 1.3 -5.84 9.03 0.67 9.44 6.28 14.84 0.19 2.41 -3.75 14.7 3.66 5.31 17.39 0 2.61 7.97 21.31 1.8 3.45 17.92 -0.03 1.57 -1.85 7.99 5 8.54 -4.69 7.46 11.86 -1.98 -10.98 15.82 1.41 5.85 7.91 4.32 1.32 1.19 3.77 5.53 19.5 -5.9 1.7 8.17 9.8 0.56 2.35 1 7.68 7.03 13.23 5.93 -0.95 16.11 2.97 2.68 12.49 2.73 3.63 -11.26 12.29 6.02 10.18 -9.68 15.26 6.05 -1.84 11.26 8.98 3.73 5.69 -5.48 16.1 8.55 10.54 -1.59 3.54 3.09 1.19 -2.8 0.65 -12.65 17.79 4.2 2.43 14.07 3.54 16.75 7.43 10.57 7.32 4.13 9.84 -6.56 9.04 7.08 9.71 -3.33 9.15 6.64 12.51 4.64 4.82 10.57 0.35 1.61 -0.13 11.2 9.58 2.66 0.83 13.06 3.32 9.8 10.31 5.98 0.93 8.17 3.2 1.23 11.22 -8.72 7.37 1.35 2.22 1.28 4.34 5.12 14.35 -11.27 9.48 11.2 23.24 -14.28 5.39 -5.42 0.79 -8.01 0.76 -1.94 13.08 -17.04 7.64 -14.78 1.37 -1.48 13.98 -8.76 0.48 -0.25 22.02 -9.79 6.74 -7 1.34 -3.43 -2.4 -2.52 -35.92 -2.31 -2.15 -0.83 -8.9 -7.19 -1.09 -1.42 -4.04 -9.09 6.09 -4.06 3.87 -6.25c-13.02,-4.64 -25.68,-9.54 -38.59,-14.52l6.23 -24.18 -12.4 -19.73 16.67 -6.58 12.53 -11 1.72 -9.57 -3.38 -2.24 -1.44 -1.79 -6.27 -16.06 -4.7 -7.38 -0.59 -2.28 0.45 -7.2 -3.66 -4.68 1.37 -10.84 -5.38 -19.79 21.76 -4.8 2.37 0.24 13.01 5.82 1.92 1.92 2.16 4.84 5.43 3.37 5.87 0.44 4.39 -4.8 -2.24 -15.63 0.48 -2.43 6.46 -11.19 -1.07 -6.44 -6.99 -8.51 2.93 -10.14 -0.22 -13.14 -3.81 -24.8 -0.03 -0.83 1.79 -24.77 -4.68 -18.38 -0.1 -0.97 0.2 -16.8 10.17 -6.83 0.92 -0.46 10.6 -3.5 -1.87 -14.37 -0.01 -0.86 4.88 -47.39 -2.68 -4.83 -0.48 -2 0.61 -14.36 0.06 -0.54 5.06 -27.18 -2.31 -12.06 0.19 -2.1 4.02 -10.26 1.7 -1.94 25.34 -14.06 3.88 -16.45 17.56 -2.78 0.33 -5.51 17.11 -13.91 2.19 -0.85 6.51 -0.36 19.23 -15.19 7.1 9.38 5.87 0.1 3.84 -11.73 28.66 -1.76 3.53 12.68 8.43 -2.68 0.36 -5.91 17.61 -7.25 0.89 -0.26 6.98 -1.04 3 -6.43 0.69 -1 5.94 -6.28 1.27 -15.78 -7.69 -10.48 18.85 -23.32 0.9 -12.67 12.31 -8.12 1.89 -5.68 8.22 -3.5 -0.43 -6.47 0.82 -2.59 5.19 -6.57 -1.68 -21.48 0.02 -0.69 0.94 -8.8 -3.08 -4.69 -0.6 -2.61 3.88 -27.76 0.65 -1.67 3.73 -5.31 -0.93 -14.96 0.22 -1.54 2.35 -6.37 -13.93 -5.17 -3.37 1.68 -1.59 5.46 -7.31 0.42 -4.56 5.05 -3.11 12.19 -0.86 1.59 -3.86 4.32 -0.24 10.62 -10.81 3.43 -2.59 7.33 -20.54 0.37 1.17 -22.87 -1.75 -11.47 -5.34 -9.85 -3.98 0.37 -5.89 6.04 -8.18 -0.66 -2.22 -0.96 -2.14 -1.89 -14.43 9.32 -7.47 -7.66 0.63 -26.76 -4.89 -4 -18.53 7.29 -0.43 -26.08 0.86 -2.47 6.19 -7.52 2.92 -8.1 1.4 -1.83 4.83 -3.39 0.12 -23.69 -11.25 -32.39 -0.21 -1.37 0.71 -19.37 -3.69 -3.9 -0.88 -1.56 -3.88 -13.48 -0.13 -1.49 1.38 -11.64 -8.7 -5.54 8.52 -9.7 6.36 -15.33 0.07 -34.1 -1.94 -6.31 -0.16 -1.09 -0.15 -15.96 0.37 -1.68 2.17 -4.47 -1.69 -9.21 0.17 -2 3.58 -9.76 0.41 -8.77 -8.51 -9.09 -7.31 -1.33 -2.44 -1.56 -4.43 -6.33 -8.69 0.24 -5.04 -11.68 -0.3 -1.62 1.35 -40.04 -4.64 -10.81 -7.24 -2 -1.35 -0.7 -13.07 -10.44 -1.35 -2.16 -3.87 -17.72 -15.7 -7.56 -3.59 -14.28 -0.56 0.76zm-446.84 1110.94l-0.85 -0.59 0.63 0.62 0.22 -0.04z"/>
   <polygon class="fil5" points="275.78,1015.22 267.83,1021.5 259.34,1040.68 252.7,1038.19 251.04,1040.51 209.19,1047.4 208.27,1047.44 178.65,1044.96 171.65,1056.53 169.73,1058.12 155.62,1063.43 145.49,1073.28 142.46,1083.8 146.09,1099.52 146.18,1100.22 146.64,1111.17 151.81,1119.52 147.56,1137 146.85,1138.44 133.19,1155.87 132.22,1156.75 113.85,1168.35 111.25,1168.91 100.02,1167.18 96.69,1170.07 100.03,1175.85 100.46,1176.97 101.72,1182.83 101.5,1185.11 98.81,1191.37 109.06,1203.42 95.88,1214.76 95.59,1227.43 95.43,1228.5 91.17,1241.98 106.3,1257.71 100.07,1263.49 100.13,1272.99 99.56,1275 96.19,1280.46 94.4,1296.13 77.12,1281.62 70.81,1280.18 68.42,1282.01 65.34,1289.69 64.79,1290.63 57.33,1300.06 56.44,1300.87 48.39,1306.17 46.96,1317.11 32.31,1313.87 26.62,1320.46 26.22,1320.87 7.94,1336.54 6.51,1337.31 2.97,1338.32 1.11,1351.87 0.93,1352.61 -1.13,1358.5 24.09,1379.48 25.19,1380.98 33.69,1402.11 54.13,1414.99 55,1415.75 71.53,1435.3 72.43,1437.83 71.98,1458.92 76.35,1472.48 76.53,1473.78 75.27,1507.2 88.54,1526.87 89.18,1528.83 90.25,1551.18 98.12,1569.38 111.73,1591.35 101.63,1615.44 100.68,1630.91 100.34,1632.26 91.26,1652.14 90.78,1673.93 101.39,1707.1 101.26,1709.76 89.5,1736.63 75.99,1767.78 74.92,1769.21 53.7,1786.67 56.65,1798.69 56.76,1799.45 57.59,1820.02 63.18,1832.47 74.54,1832.7 76.13,1833.07 101.84,1845.6 106.3,1842.17 108.44,1841.4 121.53,1840.8 124.25,1850.06 138.77,1853.39 152.83,1843.48 153.82,1842.99 183.24,1833.24 191.72,1838.07 193.46,1840.22 194.51,1843.46 195.61,1840.76 196.11,1839.9 210.69,1820.69 242.34,1822.14 244.67,1830.13 258.14,1834.64 261.96,1851.96 273.98,1859.35 286.72,1858.03 291.48,1868.95 300.45,1875.69 314.85,1879.54 343.24,1873.59 345.32,1873.74 350.43,1875.61 361.29,1862.48 362.82,1861.37 381.63,1853.87 389.35,1863.58 405.76,1855.23 412.61,1862.35 426.47,1848.25 433.53,1852.94 440.17,1846.7 456.56,1859.74 466.61,1851.35 467.14,1850.97 477.93,1844.7 485.25,1847.78 495.52,1837.41 497.35,1836.38 503.31,1834.97 504.54,1828.83 528.14,1821.11 544.89,1832.17 556.46,1828.49 558.47,1828.41 564.34,1829.8 570.72,1823.49 571.63,1822.83 585.58,1815.54 587.96,1815.15 597.6,1816.79 598.81,1793.5 599.11,1792.2 607.18,1773.27 608.43,1771.69 622.08,1761.68 617.61,1751.9 622.56,1742.63 620.22,1736.8 620.19,1734.04 622.44,1728.12 618.72,1718.08 640.99,1713.09 642.65,1713.09 653.23,1715.46 654.45,1715.97 656.35,1717.19 657.17,1714.61 675.76,1716.05 677.87,1730.04 688.2,1734.64 690.15,1736.62 695.22,1748.53 700.07,1755.09 706.93,1750.82 714.1,1770.27 708.6,1781.82 708.78,1795.08 708.63,1796.23 705.44,1806.76 717.99,1808.63 720.08,1809.66 729.22,1818.49 730.38,1820.98 731.6,1838.87 710.76,1834.77 701.11,1842.94 706.97,1852.29 717.83,1858.98 711.05,1874.77 709.31,1876.63 705.73,1878.51 705.46,1887.52 711.22,1895.45 722.42,1898.08 720.1,1916.41 724.08,1923.36 718.6,1929.64 720.52,1934.26 716.06,1942.12 715.49,1951.51 715.05,1953.08 707.93,1966.4 711.8,1992.32 703.56,1994.33 701.32,1999 703.91,2001.78 704.93,2004.39 704.88,2014.56 704.38,2016.44 701.89,2020.75 704.46,2026.22 704.79,2027.33 706.26,2038.12 716.55,2047.84 708.12,2070.02 711.93,2099.3 705.57,2102.96 704.61,2112.16 712,2122.65 698.07,2134.04 697.72,2140.19 712.25,2140.57 725.06,2136.57 727.6,2136.68 737.13,2140.49 738.96,2142.05 745.07,2152.14 749.62,2152.86 757.72,2147.38 764.06,2136.94 764.9,2135.97 775.54,2127.19 778.07,2126.33 797.33,2126.98 810.87,2121.8 811.91,2121.56 823.27,2120.62 835.25,2110.96 837.74,2110.13 857.51,2110.68 859.98,2111.68 874.69,2125.16 881.24,2120.3 886.63,2108.19 888.09,2106.51 896,2101.56 910.51,2084.82 912.56,2070.46 906.09,2056.5 913.45,2041.04 915,2039.38 915.53,2039.07 913.28,2035.07 917.76,2030.81 915.91,2028.67 914.99,2026.27 914.42,2003.83 920.02,1998.32 921.01,1992.63 922.01,1990.67 928.55,1983.76 928.82,1983.51 938.8,1974.9 940.98,1973.98 948.83,1973.35 952.96,1969.06 951.51,1962.96 951.42,1962.22 951.07,1952.82 951.5,1950.9 956.18,1942.09 957.23,1940.85 967.73,1932.85 972.2,1924.67 973.19,1913.46 968.8,1907.32 968.26,1906.19 966.43,1899.95 928.07,1867.2 926.94,1865.51 914.25,1827.9 905.43,1807.06 889.16,1802.21 885.95,1795.54 874.31,1793.42 865.36,1777.85 881.86,1761.39 877.23,1748.55 884.18,1742.12 882.75,1728.1 882.93,1726.52 887.52,1712.91 888.19,1700.1 878.5,1692.6 863.69,1689.63 861.74,1688.59 855.43,1682.24 837.43,1688.34 835.2,1675.8 830.15,1677.85 828.32,1678.1 812.71,1676.44 810.43,1675.35 801.63,1666.56 782.93,1662.46 774.78,1641.72 778.45,1634.33 773.55,1631.52 772.33,1630.4 759.06,1611.5 758.41,1608.84 759.94,1597.03 766.87,1593.36 766.49,1586.35 774.19,1582.13 770.85,1575.73 770.44,1574.49 769.14,1565.19 756.02,1564.5 754.76,1552.43 765.3,1544.55 764.26,1535.02 748.67,1523.83 749.81,1516.35 744.3,1509.97 730.74,1505.57 729.6,1497.31 705.31,1494.49 703.64,1481.31 687.81,1474.43 687.23,1474.11 674.28,1465.54 670.03,1470.59 667.13,1487.16 634.04,1483.72 632.78,1483.38 616.03,1475.41 604.52,1476.88 602.16,1476.41 590.73,1469.87 589.93,1469.24 575.08,1454.24 563.26,1445.17 562.6,1444.52 548.17,1426.63 547.49,1425.35 540.79,1403.41 534.31,1383.89 534.12,1382.65 534.49,1358.15 535.13,1356.07 540.82,1347.58 542.34,1334.67 534.64,1324.3 533.89,1322.33 533.02,1311.37 509.27,1300.04 507.7,1287.94 501.54,1279.32 482,1278.24 492.26,1260.14 480.05,1248.07 468.37,1254.47 467.68,1254.77 448.02,1260.94 432.59,1243.53 420.57,1237.34 413.3,1243.21 406.06,1267.5 387.05,1268 384.8,1267.33 376.47,1261.6 360.04,1266.98 349.44,1254.35 348.67,1252.8 345.71,1240.61 345.61,1239.68 345.76,1223.01 346.1,1221.44 349.91,1213.15 344.09,1192.95 344.41,1190.07 354.42,1171.95 344.9,1160.44 344.04,1158.32 342.34,1138.49 339.19,1131.14 336.84,1131.14 341.63,1111.63 342.52,1109.97 353.47,1097.98 354.31,1097.29 367.31,1089.31 367.16,1070.26 356.02,1063.49 354.65,1062.07 341.84,1038.8 341.38,1037.12 340.71,1020.15 333.64,1017.14 321.81,1022.91 306.11,1033.5 299.5,1031.61 297.83,1030.61 287.26,1019.86 "/>
   <path class="fil5" d="M1619.77 1141.61l-5.37 6.83 -1.31 7.51 -7.62 0.38 0.08 7.46 -8.14 1.78 -5.46 5.79 -18.2 -1.74 3.33 -6 -6.06 -0.26 -3.62 4.28 0.5 7.32 7.66 12.99 -8.02 7.76 -2.49 1.07 -4.76 0.22 -4.69 7.69 -10.7 2.42 -1.66 6.18 18.52 8.99 -18.77 8.55 -2.37 7.94 -10.29 5.19 0.59 4.59 -0.22 1.85 -4.41 11.35 -6.2 -2.9 0.41 5.36 -0.78 2.59 -7.64 10 -11.69 -6.53 -2.01 5.87 -5.33 19.82 -14.36 7.26 -0.55 0.22 -7.32 2.35 -6.99 14.62 -8.29 -13.81 -2.09 0.13 -4.83 8.91 -9.41 -1.28 -1.58 -5.06 -4.57 1.93 -0.46 0.16 -3.78 1.05 -7.24 9.51 -2.91 -16.25 -3.48 3 -4.9 -4.03 -1.7 6.9 -0.8 1.56 -2.61 3.06 5.15 6 -2.46 11.41 -18.86 6.48 -8.15 -4.47 -4.99 2.96 -1.71 6.53 4.51 9.24 -7.34 2.67 0.86 11.21 -8.87 0.63 -7.42 13.26 -9.57 -0.26 -1.46 13.13 -14.76 6.43 -2.79 -5.54 -1.93 0.14 -3.11 7.84 -13.76 0.07 -7.64 -7.89 -0.75 -1.09 -1.7 -3.77 -4.43 0.69 4.33 9.83 -22.1 5.71 -1.74 0.04 -9.11 -1.94 -6.46 7.18 -6.45 -3.52 -10.52 10.29 4.93 12.22 -21.87 12.57 -2.94 -5.86 -0.73 1.39 -12.32 0.64 4.54 9.29 -10.81 1.59 -0.93 7.12 4 30.83 -15.3 4.61 1.14 3.63 -0.06 2.44 -2.59 7.03 6.45 23.81 -3.81 4.24 4.35 4.82 -3.71 8.86 3.15 5.98 0.43 1.56 0.41 6.95 9.54 -2.14 3.6 22.11 -3.91 4.77 2.43 4.87 0.37 1.28 2.54 22.47 -0.3 1.94 -2.42 5.54 6.52 4.92 6.38 1.59 1.88 1.12 4.87 5.27 12.39 -5.51 7.98 18.07 7.02 4.31 1.64 8.26 4.64 0.74 1.73 0.74 10.26 7.94 -7.4 10.57 0.63 4.81 9.29 7.01 0.73 0.73 6.81 8.93 1.41 -3.72 0.73 -1.2 13.6 -15.1 12.89 0.51 4.3 11.2 0.24 1.68 -1.07 12.26 6.6 13.17 0.36 2.28 -1.24 7.93 19.02 12.15 1.63 2.19 1.56 5.64 4.87 4.19 9.93 -2.64 4.08 29.67 -5.99 6.03 4.91 5.58 0.94 2.4 0.25 8.85 3.19 5.4 4.53 3.93 7.57 2.16 5.52 -4.15 1.61 -0.7 11.87 -2.13 18.22 -10.66 17.32 -12.69 16.57 -19.85 1.43 -12.31 1.34 -2.47 10.63 -8.94 15.03 8.33 0.56 13.98 4.65 0.75 13.41 -3.05 1.3 -0.07 9.87 1.21 4.98 -6.02 6.31 -25.12 0.89 -1.65 5.8 -6.32 5.91 -11.18 0.76 -1 7.42 -6.96 -0.13 -8.67 -2.77 -7.22 5.86 -10.68 11.46 -1.17 3.29 9.87 6.9 7.82 0.82 1.52 4.16 15.15 -6.91 10.14 2.42 12.19 6.93 10.02 0.64 1.67 2.01 14.99 6.89 16.74 10.44 1.22 0.72 21.24 2.92 7.53 0.22 1.92 -2.92 19.69 -0.36 1.12 -7.33 14.92 -0.98 1.27 -10.95 9.08 -1.33 8.63 -1 2.04 -8.94 9.39 -5.13 10.06 2.26 7.84 6.57 3.26 16.25 -1.2 -0.21 12.59 5.43 7.9 0.62 1.63 2.62 18.46 -0.03 1.25 -3.19 16.29c-1.42,5.11 -3.1,10.26 -4.65,15.35l-10.48 4.44 -9.35 16.23 5.63 13.06 0.3 1.78 -0.57 8 55.72 1.7 5.14 -1.77 -5.81 -6.37 13.19 -6.88 4.1 3.32 9.31 -6.55 2.53 -0.67 24.13 2.2 0.8 0.16 8.44 2.69 35.33 -4.45 18.94 -0.89 224.28 -73.71 -2.9 -4.62 8.18 -12.41 5.91 0.34 -2.54 -4.61 25.18 -12.14 12.52 8.98 4.94 0.28 1.03 -2.05 -4.04 -7 9.05 -15.31 10.41 -0.5 22.64 -9.23 0.73 -0.21 23.38 -4.42 25.97 -8.87 39.53 -18.73 0.89 -0.3 14.45 -2.83 11.55 -5.51 -0.45 -3.95 -8.23 -4.77 -1.7 -2.07 -3.94 -11.62 -0.19 -0.98 -0.52 -8.17 -9.99 -2.78 0.18 -16.19 -3.15 -6.91 -10.04 -3.72 -0.93 -0.49 -6.39 -4.63 -9.86 3.38 -7.96 -6.23 -9.14 6.09 -12.17 -6.87 -1.25 -1.11 -8.36 -11.89 -0.61 -1.41c-1.93,-9.12 -3.75,-17.76 -5.33,-26.9l-4.01 -0.95 -0.22 4.21 -0.3 1.3 -5.56 13.07 -8.79 -7.66 -8.3 1.25 -2.35 -0.4 -12.35 -6.56 -5.3 5.1 -19.14 -7.96 1.82 -11.18 -5.04 -2 -10.49 9.98 -9.17 -4.49 -3.06 9.48 -20.2 -4.41 -1.74 -0.89 -6.44 -5.81 0.85 -14.54 -8.97 -4.03 -1.01 -0.67 -7.14 -6.53 -14.29 -0.81 -1.19 -5.73 -16.87 5.11 -6.42 -9.4 -10.06 -5.49 -3.01 -12.43 2.65 -3.81 -2.15 0.36 -11.81 -11.77 6.25 -11.48 7.07 4.91 -2.33 -3.99 -0.43 -2.77 2 -8.67 -2.2 -11.46 -20.58 -1.73 -2.46 -7.52 -15.85 0 -7.91 -11.49 4.28 -16.81 -6.03 -14.25 -0.3 -1.2 -0.8 -11.31 0.61 -2.34 6.15 -9.5 1.8 -8.69 0.63 -1.43 5.19 -7.29 -3.62 -2.6 -1.19 -1.39 -3.2 -6.41 -7.15 -7.48 -0.49 -0.64c-3.51,-5.74 -6.75,-11.25 -10.09,-17.1l-11.6 -4.05 -2.13 -1.83 -3.37 -6.48 -10.98 -6.52 -1.22 -1.16 -8.06 -12.02 -0.54 -1.24 -2.87 -11.97 -0.1 -0.79 -0.23 -9.18 -6.75 -10.96 -9.37 -1.43 -6.43 -11.46 7.65 -9.77 -0.94 -9.41 -5.17 -6.73 -0.78 -2.06 -0.81 -12.12 0.09 -1.1 2.87 -12.5 1.06 -1.87 7.76 -7.58 11.56 -21.69 20.2 -2.59 14.44 -2.05 8.18 -5.84c4.17,-11.37 8.63,-21.64 13.42,-32.86l0.63 -1.01 13.33 -15.31 3.11 -16.13 0.18 -0.64 5.81 -15.15 1.35 -17.45 0.34 -1.31 4.18 -9.04 1.1 -1.4 8.97 -7.06 -0.03 -7.86 -5.74 -9.81 -0.48 -1.28 -2.81 -16.37 -0.04 -0.7 0.46 -25.04 -3.53 -18.91 8.44 -11.12 14.61 0.71 1.92 -4.95 -4.37 -11.33 -9.89 -11.81 -10.62 -1.5 -9.02 11.06 -2.07 1.31 -12.69 3.02 -2.34 -3.34 -8.32 14.82 -0.66 0.85 -6.97 6.87 -0.77 16.84 3.1 7.63 0.27 1.55 -0.39 11.74 -13.4 11.57 -1.04 0.64 -7.53 3.12 -10.18 14.54 -9.9 -2.35 -7.62 3.23 -0.73 5.85 -1 2.13 -7.98 8.56 -11.54 -5.71 -1.98 -8.67 -16.34 3.79 -13.3 9.33 -0.28 11.08 -11.33 0.43 -6.66 7.16 -13.98 -3.26 -1.94 -1.13 -5.37 -5.85 -10.92 -2.73 3.69 -19.01 -10.09 -5.8 -12.89 -0.77 -4.52 -9.66 -8.63 -2.02 -14.7 3.26 -2.56 -9.21z"/>
</svg>`,

    "Nordeste": `<svg xmlns="http://www.w3.org/2000/svg" width="100%" height="100%" viewBox="0 0 2419 2601">
   <path class="fil4" d="M259.5 2044.55l-9.78 11.1 0 7.45 -0 0 0 0 -7.96 3.77 -9.7 8.48 -3.4 8.69 0 0 -0 0 -7.77 0.8 -1.43 -0.12 -9.23 -2.64 -8.11 -1.29 -0 0 -5.24 3.65 -0 0 -2.73 -0.76 -4.85 6.66 -0.49 0.57 -0 0 -3.66 3.38 -0.96 13.98 -0 0 -7.48 4.73 -0 0 -1.34 0.52 -8.71 1.6 0 0 -10.84 6.99 -4.95 4.44 1.42 5.49 -0.34 2.78 -3.71 6.76 -0 0 -4.02 0.8 -0.04 6.65 0 0 0 0 -8.79 3.6 -9.66 9.64 6.91 1.19 12.26 -0.59 0 0 1.66 0.3 0 0 0 0 7.46 3.18 0 0 0 0 1.43 1.07 0 0 9.88 11.9 8.9 5.11 7 -0.24 0 0 0 0 2.5 0.83 0.01 0 4.76 3.85 7.95 -0.84 0 0 2.57 0.68 0 0 0 0 8.33 5.9 1.55 2.37 1.68 8.61 6.7 2.91 10.32 0 0 0 0 0 -0.9 13.49 -0.55 1.71 -6.91 11.4 -13 0.06 -8.89 2.74 -5.07 3.05 4.26 11.21 -7.92 4.52 -0.42 6.05 -6.96 5.81 -1.13 6.31 2.43 9.9 0.09 0.57 0.74 8.12 2.62 3.21 15.5 -2.28 7.79 -3.94 1.92 -0.4 6.38 0.36 8.81 -2.11 -0.36 -6.44 0 0 -0 -0.02 14.15 1.38 2.52 9.89 5.76 1.97 20.93 0.85 3.28 9.76 7.46 1.45 0 0.02 -0.91 6.9 10.09 5.9 5.88 -3.22 10.37 5.27 -0 0.02 0 0 -0.9 4.13 4.75 3.44 -0.06 11.39 5.06 5.29 0.97 1.83 2.05 9.69 6.29 6.39 12.49 -4.52 4.13 5.82 3.3 -2.82 10.27 1.34 2.01 0.91 0.93 0.81 9.54 8.02 7.8 2.91 -0.03 -0.44 5.46 2.47 0.33 0.12 0.31 0.14 1.75 0.66 0.01 0.14 8.12 3.67 8.79 0.71 1.59 0.49 5.4 3.09 8.06 2.02 1.49 0.76 5.24 4.31 8.21 -2.31 6.3 5.83 1.68 -0.64 3.89 -1.63 0.11 0.11 0.04 -0.02 6.29 6.59 3.32 3.45 11.93 4 14.97 2.09 0.48 0.11 13.06 3.57 1.67 0.95 6.99 6.88 13.09 -0.16 18.15 -8.63 4.29 -8.38 0.01 -0.03 10.98 -1.74 6.08 -4.24 1.92 -0.67 9.89 -0.68 8.77 -3.57 10.61 -5.13 2 -0.36 0.48 0.04 0.35 -3.31 0.01 -0.01 0 -0.02 12.67 -6.44 2.14 -2.99 1.34 -1.16 6.58 -3.44 1 -0.36 10.25 -2.1 4.22 -1.61 -0.44 -0.66 -3.7 -6.86 -7.91 -5.81 -1.09 -1.25 -5.31 -9.7 -6.48 -2.12 -1.65 -1.09 -5.83 -6.5 -23.83 -19.49 -1.37 -2.53 -0.3 -2.66 -4.98 -0.38 -1.71 -0.55 -16.72 -10.27 -26.98 -10.27 0.53 -5.42 -15.54 -8.31 -12.28 -2.98 -3.91 -14.54 0.02 0 -0.01 -0.03 11.68 2.17 1.04 -8.4 -7.35 -6.81 0.02 -0.01 -0.02 -0.01 7.63 -4.33 -5.99 -2.76 0.01 -0.02 -0 -0 4.54 -14.37 13.7 4.35 2.11 -5.36 0.74 -1.19 9.69 -10.54 5.85 0.14 11.4 -14.75 12.22 4.06 12.31 -7.93 9.47 3.08 7.64 -6.78 0.79 -0.54 9.77 -5.02 -6.55 -7.98 0.02 -0.01 -0.02 -0.02 23.11 -12.77 1.16 -0.42 12.11 -2.17 9.35 -7.16 0.49 -0.31 17.26 -9.42 5.68 3.12 3.32 -2.44 2.81 -9.52 0.43 -0.95 3.87 -6.13 -1.52 -10.66 0 -0.01 -0 -0.03 2.04 -2.08 -6.2 -9.06 -9.62 -1.63 -3.98 5.32 -9.24 -1.18 -12.15 -1.38 -1.67 1.34 -5.12 8.68 -14.02 -2.45 -2.1 -1.13 -2.85 -3 -1.15 0.11 -3.31 5.34 -5.92 -2.17 -1.32 4.36 -12.54 -4.09 -5.41 1.49 0.04 1.28 0 0 0 0.01 -0.88 2.52 -2.77 3.32c-0.54,7.94 -1.19,15.81 -1.85,23.75l-0.09 0.57 -4.72 19.89 -11.7 0.44 -17.81 8.21 -8.35 -5.64 -1.27 -1.44 -3.69 -7.32 -7.67 -3.79 -1.53 -1.37 -7.96 -12.55 -0.58 -1.74 0 -0.01 -1.08 -13.31 0 -0.01 0.1 -1.22 1.57 -6.25 -3.3 -10.8 0 0 -0 -0.01 2.84 -2.91 -0.87 -1.52 -9.15 0.13 -13.34 3.5 -0.65 0.12 -12.96 1.05 -3.93 3.26 -2.1 0.85 -22.1 1.97 -4.17 -14.42 -4.19 -3.01 -1.15 -1.31 -4.76 -9.05 -16.61 4.52 -3.87 -10.28 0 0 -3.3 -3.12 -24.7 1.05 -0.01 -0.01 0 0 -10.99 -10.8 -1.25 -1.23 -7.65 -4.64 -0.08 2.41 -17.56 -10.39 -6.46 0 -0.01 -0.01 -0.01 0 -1.95 -3.34 -0.34 0.05 -3.71 9.28 -0.01 -0.02 0 0 -6.92 -9.4 -7.32 0.52 -7.41 2.23 -1.95 0.06 -8.96 -2.09 -0.8 -0.3 -26.07 -12.82 -0.85 3.96 -0.86 1.72 -0 0.01z"/>
   <path class="fil4" d="M259.5 2044.55l-9.78 11.1 0 -0 9.78 -11.1 0 -0.01 -0 0.01zm-9.78 18.55l0 0 -7.96 3.77 -9.7 8.48 -3.4 8.69 0 0 3.39 -8.69 9.69 -8.48 7.98 -3.78zm-55.57 20.58l-4.85 6.66 -0.49 0.57 -0 0 0.49 -0.57 4.85 -6.67 0 0zm-9.01 10.61l-0.96 13.98 -0 0 0.96 -13.98 0 -0zm-29.34 27.83l-4.95 4.44 1.42 5.49 -0.34 2.78 -3.71 6.76 -0 0 3.71 -6.76 0.34 -2.78 -1.43 -5.5 4.9 -4.4 0.06 -0.04zm-11.6 20.28l-0.04 6.65 0 0 0.04 -6.65 0 0zm11.24 25.05l0 0 9.88 11.9 8.9 5.11 -0 0 -8.9 -5.11 -9.88 -11.9zm28.28 17.6l0.01 0 4.76 3.85 -0 0 -4.76 -3.85zm15.3 3.7l0 0 8.33 5.9 1.55 2.37 1.68 8.61 -0.01 -0 -1.67 -8.59 -1.55 -2.38 -8.33 -5.9zm28.58 19.8l0 0 -0.9 13.49 -0.55 1.71 -6.91 11.4 -13 0.06 -8.89 2.74 -5.07 3.05 4.26 11.21 -7.92 4.52 -0.42 6.05 -6.96 5.81 -1.13 6.31 2.43 9.9 0.09 0.57 0.74 8.12 2.62 3.21 15.5 -2.28 7.79 -3.94 1.92 -0.4 6.38 0.36 8.81 -2.11 0 0.02 -8.81 2.11 -6.38 -0.36 -1.92 0.4 -7.79 3.94 -15.49 2.28 -2.63 -3.23 -0.74 -8.12 -0.09 -0.57 -2.43 -9.9 1.13 -6.31 6.96 -5.81 0.42 -6.05 7.92 -4.53 -4.26 -11.21 5.07 -3.05 8.89 -2.74 13 -0.06 6.91 -11.4 0.55 -1.71 0.9 -13.49zm-1.55 73.35l-0 -0.02 14.15 1.38 2.52 9.89 5.76 1.97 20.93 0.85 3.28 9.76 7.46 1.45 0 0.02 -7.46 -1.45 -3.28 -9.76 -20.93 -0.85 -5.76 -1.97 -2.52 -9.89 -14.14 -1.38zm53.18 32.21l10.09 5.9 5.88 -3.22 10.37 5.27 -0 0.02 -10.37 -5.27 -5.88 3.21 -10.09 -5.9 0 -0.02zm25.44 12.11l4.75 3.44 -0.06 11.39 5.06 5.29 0.97 1.83 2.05 9.69 6.29 6.39 12.49 -4.52 4.13 5.82 3.3 -2.82 10.27 1.34 2.01 0.91 0.93 0.81 -1 -0.84 -1.95 -0.86 -10.26 -1.34 -3.3 2.82 -4.12 -5.82 -12.49 4.52 -6.29 -6.39 -2.04 -9.67 -0.97 -1.85 -5.06 -5.29 0.07 -11.39 -4.76 -3.44 0.01 -0.02zm61.7 47.6l7.8 2.91 0 0.02 -7.75 -2.89 -0.05 -0.04zm13.23 4.94l0.33 0.12 0.31 0.14 -0.33 -0.12 -0.31 -0.14zm2.4 1.06l8.12 3.67 8.79 0.71 1.59 0.49 5.4 3.09 8.06 2.02 1.49 0.76 5.24 4.31 8.21 -2.31 6.3 5.83 -0.06 0.02 -6.23 -5.84 -8.23 2.31 -5.25 -4.31 -1.49 -0.76 -8.06 -2.02 -5.41 -3.09 -1.72 3.02 0.14 -3.51 -8.79 -0.72 -8.11 -3.66 0 -0.03zm54.89 17.94l3.89 -1.63 0.11 0.11 -3.99 1.52zm10.32 5.06l3.32 3.45 11.93 4 14.97 2.09 0.48 0.11 13.06 3.57 1.67 0.95 6.99 6.88 13.09 -0.16 18.15 -8.63 -0.01 0.03 -18.15 8.63 -13.09 0.16 -6.99 -6.88 -1.67 -0.95 -13.06 -3.56 -0.48 -0.11 -14.97 -2.09 -11.92 -4 -3.32 -3.48zm87.94 3.87l0.01 -0.03 10.98 -1.74 6.08 -4.24 1.92 -0.67 9.89 -0.68 8.77 -3.57 10.61 -5.13 2 -0.36 0.48 0.04 -0 0.03 -0.48 -0.04 -2 0.36 -10.61 5.13 -8.77 3.57 -9.89 0.68 -1.92 0.67 -6.08 4.24 -10.98 1.74zm51.1 -19.68l0 -0.02 12.67 -6.44 2.14 -2.99 1.34 -1.16 6.58 -3.44 1 -0.36 10.25 -2.1 4.22 -1.61 0.01 0.02 -4.25 1.62 -10.24 2.1 -1 0.36 -6.58 3.44 -1.34 1.16 -2.14 2.99 -12.67 6.44zm-101.25 -129.53l-0.01 -0.03 11.68 2.17 -0 0.02 -11.67 -2.16zm5.39 -13.08l-0.02 -0.01 7.63 -4.33 0.02 0.01 -7.63 4.33zm1.63 -7.12l-0 -0 4.54 -14.37 13.7 4.35 2.11 -5.36 0.74 -1.19 9.69 -10.54 5.85 0.14 11.4 -14.75 12.22 4.06 12.31 -7.93 9.47 3.08 7.64 -6.78 0.79 -0.54 9.77 -5.02 0.02 0.02 -9.79 5.03 -0.79 0.54 -7.64 6.78 -9.47 -3.08 -12.31 7.93 -12.22 -4.06 -11.4 14.74 -5.85 -0.13 -9.69 10.54 -0.75 1.19 -2.11 5.36 -13.7 -4.35 -4.53 14.35zm93.7 -62.83l-0.02 -0.02 23.11 -12.77 1.16 -0.42 12.11 -2.17 9.35 -7.16 0.49 -0.31 17.26 -9.42 5.68 3.12 3.32 -2.44 2.81 -9.52 0.43 -0.95 3.87 -6.13 0 0.02 -3.87 6.15 -0.43 0.95 -2.81 9.52 -3.32 2.44 -5.68 -3.12 -17.27 9.42 -0.49 0.31 -9.35 7.16 -12.09 2.16 -1.18 0.42 -23.09 12.76zm78.06 -58.85l-0 -0.03 2.04 -2.08 0.01 0.02 -2.04 2.09zm-293.12 -36.22l0 0 -10.99 -10.8 10.99 10.8zm-43.99 -24.67l-0.01 0 -1.95 -3.34 0 0 1.95 3.34zm-6.02 5.98l0 0 -6.92 -9.4 0 0 6.92 9.39zm176.65 66.17l0 -0.01 0.1 -1.22 1.57 -6.25 0 0 -1.57 6.26 -0.11 1.22zm-1.61 -18.28l-0 -0.01 2.84 -2.91 0 0.01 -2.84 2.91z"/>
   <polygon class="fil4" points="503.17,2098.39 506.56,2104.37 503.94,2105.86 506.76,2107.73 504.79,2112.33 506.57,2118.17 506.63,2120.19 504.96,2126.84 505.91,2138.61 512.8,2149.47 520.64,2153.35 522.35,2155.05 526.16,2162.61 530.15,2165.3 544.73,2158.57 546.19,2158.23 552.85,2157.98 556.18,2143.98 557.47,2128.41 558.09,2119.42 558.97,2117.25 561.61,2114.07 561.19,2098.26 570.5,2105.78 573.71,2104.89 575.9,2104.94 582.15,2106.98 583.56,2102.33 591.22,2105.15 593.24,2101.89 601.82,2101.05 606.35,2105.81 613.96,2107.15 616.76,2102.41 617.65,2101.39 622.35,2097.62 633.27,2098.85 635.58,2083.58 631.04,2081.54 629.93,2080.8 600.8,2052.59 600.19,2051.83 590.03,2034.98 594.37,2025.99 580.99,2020.12 580.01,2010.79 572,2014.52 572,2014.52 571.99,2014.52 560.81,2004.1 548.41,2003 542.66,2009.61 542.66,2009.61 542.65,2009.61 530.59,2000.87 516.73,1996.75 509.04,1996.37 504.76,2003.4 505.48,2012.96 509.59,2018.17 502.94,2030.26 502.93,2030.26 502.93,2030.26 482.6,2030 464.91,2037.83 464.91,2037.83 464.89,2037.84 449.79,2027.24 440.86,2026.25 433.13,2030.76 434.69,2048.8 427.93,2054.17 424.48,2068.85 412.11,2075.3 406.43,2080.42 407.22,2082.54 423.05,2078.24 430.25,2091.91 434.77,2095.16 436.2,2097.2 438.99,2106.87 453.67,2105.56 457.63,2102.26 459.76,2101.4 473.63,2100.28 487.04,2096.76 487.94,2096.65 502.06,2096.44 "/>
   <path class="fil4" d="M708.3 1484.78l-1.05 -0.08 -0.04 -0.02 -0.08 -0 -1.04 -0.44c-8.66,-3.43 -16.56,-6.78 -25.11,-10.54l-1.2 -0.5 -1.89 -1.74 -8.13 -15.43 -13.44 -14.79 -0.57 -0.82 -4.75 -9.17 -6.89 5.03 -0.69 0.41 -10.44 4.68 -3.96 12.2 -1.41 1.92 -7.04 4.99 -1.95 6.47 7.94 2.84 0.12 20.81 -0.58 2.04 -6.26 9.93 -1.01 8.08 -1.44 2.53 -5.96 4.67 7.68 9.95 0.73 1.59 1.96 10.07 13.98 23.71 0.42 1.03 5.37 21.78 23.59 -1.61 7.42 12.68 0.51 1.47 2.44 20.24 -0.03 0 0 0.01 -15.8 0.21 -7.49 20.51 -0.02 -0.02 -0.01 0.04 -13.51 -19.06 -8.71 3.77 0 -0 -0.03 0.01 -6.34 -10.05 -25.41 -13.97 -16.31 -6.48 -2.01 -1.86 -6.48 -13.26 -7.67 4.18 -0.02 0 -0.01 0 -2.48 0.4 -19.59 -3.51 -1.01 -0.33 -21.33 -10.6 -1.71 -1.72 -2.95 -5.89 -2.85 3.12 -0.02 -0 -0.01 0.01 -14.02 -1.68 -2.05 -11.07 -3.66 -0.97 -15.07 5.59 -0 0 -0.02 0.01 -9.91 -6.32 -4.57 13.45 -0.02 0.01 0 0 -11.94 4.75 -2.11 8.37 8.83 7.04 -4.69 13.4 -0.93 1.46 -13.57 13.35 -14.03 22.95 3.77 16.04 19.48 19.94 1.03 2.06 1.31 8.17 25.58 14.89 -19.67 22.66 -0.93 0.78 -14.45 8.67 -10.2 19.76 2.9 7.77 -6.6 9.02 14.54 12.07 -14.94 17.16 0.11 5.93 11.74 5.33 2.27 26.83 -0.02 -0 0 0.01 -19.38 -2.28 -11.95 10.17 -0.02 0.01 -0 0 -2.27 0.9 -0.02 0.01 -20.37 0.89 -6.32 6.3 -1.26 0.83 -0.02 0.01 0 0 -6.37 2.55 -0.19 13.75 -10.07 6.35 1.22 24.9 1.98 13.96 0 1.01 -2.06 15.79 -0.3 1.06 -5.7 12.74 -0.83 1.19 -9.26 8.93c3.01,8.75 5.86,17.43 8.73,26.23l-0.07 2.58 -6.84 17.28 -0.02 -0 -0 0.02 -25.47 -1.69 -11.35 6.42 0 0 -0.01 0 -10.85 -5.06 -2.38 8.98 -0.02 0 0 0.01 -15.07 1.01 -15.22 9.02 -2.28 6.18 -8.1 3.53 -1.57 1.98 2.73 2.96 29.34 14.43 7.6 1.78 6.83 -2.06 0.83 -0.15 11.91 -0.83 1.31 1.78 0.27 -0.66 9.75 -1.45 2.35 4.02 3.12 0 1.94 0.54 7.42 4.39 0.17 -5.06 11.28 -1.8 0.79 11.69 7 4.25 0.7 0.54 10.19 10.02 24.59 -1.05 3.76 3.56 5.33 -4.81 0.79 -0.54 9.72 -5.07 2.96 -12.58 1.34 -2.11 4.58 -3.64 -1.62 -18.77 13.02 -7.59 2.32 -0.49 11.15 1.24 1.77 0.67 12.37 8.68 14.52 -6.43 1.58 -0.31 16.61 0.22 2.03 -3.7 -1.7 -2.16 -0.82 -2.07 -0.91 -11.92 0.55 -2.26 7.28 -11.95 12.69 0.63 0.91 0.15 14.89 4.44 1.15 0.57 6.95 5.04 3.74 -4.3 17.55 1.56 2.26 1.01 8.39 7.82 13.05 -6.07 1.63 15.56 16.57 7.26 -5.99 12.38 7.8 12.93 28.28 27.39 9.22 4.13 -3.14 20.76 1.74 0.22 4.11 -5.5 14.66 2.48 14.6 -6.59 7.4 -6.13 1.16 -0.65 11.8 -4.16 12.86 11.17 6.07 -2.27 3.72 -5.16 0.01 -0.01 0.01 -0.01 2.23 -1.49 6.08 -1.41 0.77 -6.8 0.02 -0 0 -0.02 11.44 -3.39 2.02 10.81 3.79 1.09 2.04 1.44 13.74 19.09 6.44 1.59 9.14 -3.1 2.37 -10.15 0.01 0.01 0 -0.03 10.24 8.76 9.95 1.3 1.82 0.74 7.78 5.96 10.45 -2.82 3.92 12.58 4.69 1.56 3.21 -4.04 0.01 -0.01 0.01 -0.01 1.44 -1.12 9.34 -4.13 2.13 -0.27 19.93 3.19 -1.5 8.5 4.85 0.68 1.09 0.33 8.83 4.13 9.87 -4.12 11.01 7.35 11.77 -0.23 -2.69 11.72 2.75 3.51 4.26 -3.02 2.49 -0.7 13.22 1 1.39 0.39 11.51 5.65 12.54 -0.29 8.65 9.76 12.63 -2.24 4.26 4.55 6.47 -1.02 2.32 0.37 8.58 4.41 7.62 0.1 2.13 0.67 5.33 3.71 8.63 1.28 2.18 1.12 6.41 6.61 7.2 1.19 0.79 0.22 3.68 1.46 0.98 -2.56 1.13 -1.58 0 -0 0.01 -0.01 10.99 -9.04 8.04 3.12 8.99 -4.62 0.45 -0.97 -1.11 -0.66 -1.64 -1.95 -4.7 -12.61 -2.49 -6.19 -5.4 -3.09 -0.92 -0.76 -7.89 -8.71 -9.11 -8.99 -7.59 -2.56 -20.67 -3.1 0 -0 -0.02 -0 -2.78 -13.54 -0.07 -0.61 -0.4 -9.44 0.43 -1.94 3.95 -7.43 -6.46 -3.83 1.8 -24.37 18.57 0.22 0 0 0.02 0 2.2 8.5 0.68 0 1.27 -8.13 0.24 -0.88 8.11 -19.41 13.69 -4.25 1.38 -4.87 0.97 -1.65 9.69 -9.7 1.53 -0.94 2.51 -0.81 1.45 -7.76 15.74 -2.92 1.19 -1.06 -3.57 -10.22 13.26 0.48 1.78 -5.71 6.24 0.11 2.15 -1.64 0.48 -9.82 6.51 -0.05 0.33 -0.59 -4.53 -8.9 9.65 -2.18 2.67 -6.2 1 -1.37 7.53 -6.56 -11.2 -7.98 12.52 -12.55 2.47 -1.11 21.28 -1.33 0.02 0.01 2.52 0.78 0 0 0.02 0.01 7.2 5.54 8.64 -1.5 0.01 0.01 0.02 -0 11.26 14.68 0.77 2.1 0.58 10.46 2.65 -0.03 1.62 -15.98 0.02 0.01 0 -0 20.65 10.02 12.02 -7.03 0.01 0.01 0.01 0 6.59 3.89 10.55 -4.15 2.52 -4.51 -8.61 -0.59 0 -0.01 -0.02 0 0.11 -16.06 11.03 -8.51 1.89 -0.78 4.24 -0.49 -1.8 -5.63 17.51 -19.01 2.25 -1.19 5.6 -0.83 2.28 -7.84 12.85 -1.39 2.5 0.61 0.01 0 0.01 0 16.54 10.97 16.62 -13.03 20.58 2.59 0.97 0.26 16.02 6.56 0 0 0.02 0.01 4.85 11.65 7.59 10 8.89 0.4 11.04 -12.82 9.99 -0.7 0.02 0.01 0 0 12.21 11.96 12.03 8.84 9.7 0.8 6.46 -6.26 13.19 6.53 3.51 0 2.41 -9.23 30 -1.23 0.01 0.01 0.01 0 8.52 9.76 11.68 -0.24 9.02 -10.04 13.01 0.66 7.05 -12.35 8.43 -17.59 3.75 -19.28 0.56 -20.88 27.89 1.32 13.03 -5.23 1.89 -0.24 8.37 1.08 0.01 0.01 0.01 0 5.19 9.41 18.24 2.56 0.82 0.21 10.9 4.11 0.01 0 0.01 0 1.12 0.66 12.87 10.85 0.25 0.24 8.65 8.82 0.57 -11.91 0.02 0.01 0 -0 16.37 9.13 1.67 1.87 0.22 0.52 7.81 -2.76 0.02 0.01 0 0 5.22 3.19 -2.67 -2.15 17.88 -3.75 3.63 -6.34 0.7 -0.88 11.43 -10.75 5.99 -10.74 13.15 0.75 10.64 -7.6 4 -6.86 0.76 -0.92 11.03 -9.88 1.64 -0.87 6.26 -1.53 4.3 -8.97 0.72 -1.03 19.83 -20.27 3.64 -8.31 0.82 -1.2 11.07 -10.83 5.74 -8.26 1.39 -1.2 5.11 -2.64 6.1 -8.42 -7.46 -7.4 -14.59 3.85 -2.25 -0.11 -7.17 -2.57 -14.67 1.52 0 -0.01 -0.02 0 -2.65 -10.76 -10.52 -4.56 -18.15 1.2 -2.55 -0.78 -0 0 -0.01 -0 -4.84 -3.7 -11.65 -1.61 -0.02 -0 -1.85 -0.8 -0.02 -0.01 -5.56 -4.47 -23.63 -6.08 -18.86 5.95 -0.4 0.1 -15.26 2.99 -22.7 15.74 3.43 9.92 -5.68 4.41 -0.01 -0.01 -0.01 0.01 -13.05 -8.59 -15.59 -1.35 -0.01 -0 -0.01 0 -1.55 -0.49 -9.33 -5.29 -10.08 4.04 -7.08 7.63 -2.28 10.97 -17.94 -0.86 -5.17 12.2 -0.6 0.98 -10.06 11.84 -2.4 1.31 -14.02 1.89 -0 -0.01 -0.02 0 -2.81 -10.08 -15.8 1.72 0 -0 -0.02 0 -0.3 -15.28 -5.43 -7.52 -9.41 5.22 -0.02 -0 -0 0 -9.89 -3.4 -0.37 9.87 -8.35 5.9 6.78 11.36 -19.46 -0.34 -3.83 5.02 -1.19 1.03 -12.76 7 -1.54 9.98 -6.95 3.86 -0.85 0.34 -25.43 6.94 -0.01 -0.01 -0.02 0 -7.07 -10.09 -15.87 -6.33 -1.66 -10.95 -6.38 -6.31 -1.09 -2.19 -1.22 -8.9 -5.4 -2.56 -5.66 3.61 -5.97 10.55 -0.04 14.33 -22.87 11.32 -2.87 0.21 -0.01 -0 -0.01 0 -9.91 -3.27 -1.44 12.07 -10.83 3.43 -1.48 0.17 -0.02 -0 -14.54 -1.29 -0.02 0 -1.83 -0.67 -3.88 -2.7 -7.3 3.51 1.73 8.69 0.06 0.49 1.33 19.01 -22.23 3.27 -1.3 -0.04 -0.01 -0 -0.01 0 -14.61 -2.94 -8.9 5.28 -0.01 -0.01 0 0 -7.74 -6.45 -7.31 4.5 -0 0 -1.2 -0.4 -9.8 -3.26 0 0 -0 -0 1.83 -14.13 -9.18 0.58 0 -0 -0 0 -3.14 -8.02 -4.44 3.43 -1.75 10.66 -14.81 7.76 -12.83 -4.52 -8.37 13.58 -9.74 21.13 -20.33 1.43 -29.64 5.51 0 -0 -0.01 0 -3.95 -10.65 -16.13 -8.63 -17.4 -2.12 -14.51 3.64 -7.37 5.65 -2.35 0.77 -19.01 -0.26 -16.88 7.66 -1.24 0.31 -11.94 1.07 -18.93 4.34 -1.39 0.06 -15.07 -2.18 -19.46 2.43 -0.65 0.02 -26.13 -1.36 -20.92 2.43 0 -0 -0 0 -7.44 -20.93 10.58 -1.3 2.74 -5.42 -6.17 -9.09 -0.65 -2.01 -0.31 -8.93c-14.89,-1.62 -28.92,-3.34 -43.74,-5.39l-0.13 -0.02 -0.01 -0 -0.05 -0.01 -1.69 -0.67 -15.72 -11.16 -15.6 -4.68 0 -0 -0 0 8.61 -12.88 -4.35 -1.02 -0 -0 -0 -0 -4.87 -15.24 -0.12 -1.82 2.1 -11.73 -5.16 -9.35 9.24 -9.2 -2.39 -10.13 -12.88 -10.72 14.16 -14.54 0.91 -0.69 21.67 -11.81 0.65 -0.28 16.65 -5.34 1.49 -0.16 6.69 0.6 1.72 -9.9 1.12 -2.1 8.5 -8.22 1.37 -0.85 11.87 -4.21 9.6 -15.2 -3.62 -5.04 0 0 -9.07 -2.32 0 -0 -0.01 0 0.99 -11.7 -4.6 -12.06 -4.11 -0.47 -3.93 6.04 1.37 7.01 -19.87 -12.21 -14.26 -1.92 -20.91 1.15 0 -0 -0.01 0 9.33 -11.58 -2.67 -1.61 -0.53 -0.65 -1.08 -1.29 -3.91 -10.55 -9.82 -2.84 -0.01 -0 -0.61 -0.24 -17.24 -8.47 -0.33 -9.81 -16.57 -6.82 -0.01 -0 -1.83 -12.93 -9.36 -13.54 -10.38 -2.8 -0.01 0 -3.73 -10.56 -14.86 -5.57 -1.3 -0.8 -16.08 -15.35 -1.01 -1.64 -1.93 -6.23 -6.69 -1.87 -2.22 -1.69 -6.83 -11.16 -6.23 1.44 -1.15 -0.09z"/>
   <path class="fil4" d="M1154.87 2594.73l15.13 5.9c1.19,0.61 1.04,0.72 2.04,1.87l0.65 1.31 2.02 -1.21 2.25 -0.54 2.17 0.17 -3.85 -7.43 -0.42 -1.65 -0.22 -8.15 -3.43 -9.03 8.92 -6.37 0.43 -5.49 -1.78 -3.9 -6.96 -0.32 -2.4 -1 -0 -0 -0.01 -0 -4.63 -4.24 -7.19 -1.71 -0.02 -0.01 -1.79 -1.01 -0 0 -0.01 -0.01 -13.39 -13.33 2.93 -4.27 -0.97 -0.57 0 0 -0.02 -0.01 -1.74 -2.26 -3.22 -11.56 -8.91 -7.62 4.51 -6.8 -11.13 -12.11 -0.61 -0.89 -3.85 -7.76 -0.3 -0.82 -2.49 -10.65 -0.09 -1.03 0.39 -8.61 -2.44 -1 -0.01 -0 -0 -0 -1.64 -1.28 -5.45 -7.53 -0.7 -1.83 -0.57 -5.33 -6.85 -3.09 0 0 -0.01 -0.01 -0.79 -10.7 -4.57 -6.05 -0.76 -2.19 -0.2 -6.94 -5.68 -7.04 3.91 -13.52 -7.03 -5.02 -0.01 -0.01 4.53 -13.95 -3.97 -11.93 -0.13 -0.51 -1.81 -9.8 -6.25 -5.72 -1.24 -2.49 -0.73 -8.52 -9.89 -6.74 -0.01 -0.01 11.06 -17.83 0.42 -0.56 5.73 -6.3 1.65 -1.06 6.81 -2.19 7.29 -6.19 0.5 -7.57 8.51 -3.95 2.31 -0.28 3.68 0.71 1.58 -8.7 11.67 -2.56 4.14 -4.89 1.05 -0.62 1.03 -0.63 0.05 -0.01 0.05 -0.03 0.56 -0.11 0.37 -0.09 -4.82 -7.13 -10.48 -4.51 0 -0.02 -0.01 -0 1.71 -13.25 -7.95 -1.15 0 -0.03 -0.01 -0 2.56 -14.67 5.36 -3.41 -3.03 -3.95 -0.7 -1.5 -0 -0.02 0 -0 -1.54 -7.12 -5 -1.98 -1.82 -1.49 -4.83 -7.6 -5.92 -4.57 -8.66 -5.31 -1.61 -2 -3.35 -9.58 0 -0.01 -0.01 -0.02 -0.21 -1.46 0.39 -6.95 -3.97 -3.3 -0.35 0.77 -1.72 1.8 -13.21 6.78 -7.07 -2.74 -6.79 5.58 -3.38 8.81 -10.41 -4.13 -8.07 -1.33 -2.11 -1.1 -6.38 -6.57 -8.25 -1.22 -1.62 -0.64 -5.13 -3.57 -7.33 -0.09 -1.7 -0.42 -8.27 -4.25 -9.2 1.45 -4.17 -4.46 -12.77 2.27 -9.15 -10.33 -9.94 0.23 -1.76 -0.39 -11.66 -5.73 -11.15 -0.84 -9.05 6.41 -9.45 -12.09 1.31 -5.75 -3.24 0.06 -2.17 -0.64 -8.59 -5.74 -9.2 3.85 -11.35 -5.32 -12.14 -1.69 1.53 -8.67 -11.16 -1.79 -7.48 3.3 -5.94 7.46 -13.46 -4.48 -2.89 -9.29 -7 1.89 -9.96 -7.63 -10.06 -1.31 -1.98 -0.88 -1.59 -1.35 -0.49 2.09 -14.22 4.81 -2.13 0.09 -8.87 -2.19 -2.18 -1.47 -5.17 -7.17 -8.61 -11.99 -7.05 -2.03 -0.45 -2.39 -0.22 1.96 -9.97 2.31 -3.57 4.95 -1.76 1.34 -11.39 4.26 -12.92 -11.22 -6.99 2.46 -7.27 6.02 -0.87 0.54 -11.98 5.41 8.07 11.79 -3.79 3.88 1.19 8.36 -0.55 2.56 -4.33 6.88 -3.02 10.25 -1.4 2 -8.27 6.07 -6.29 -3.46 -13.31 7.26 -9.89 7.57 -1.65 0.73 -12.38 2.21 -14.55 8.04 6.74 8.21 -17.74 9.11 -10.55 9.36 -10.17 -3.31 -12.31 7.92 -10.57 -3.51 -10.46 13.53 -6.24 -0.14 -6.89 7.49 -4.46 11.31 -13.2 -4.19 -0.23 0.72 13.38 6.17 -11.53 6.54 2.61 2.41 -2.39 19.39 0.97 0.36 20.45 10.94 -0.46 4.67 21.91 8.34 0.64 0.31 16.23 9.97 10.35 0.79 0.81 7.39 22.79 18.64 0.42 0.42 5.39 6.02 6.94 2.27 2.16 1.8 5.63 10.29 7.93 5.83 1.1 1.27 4.05 7.52 2.13 3.13 6.86 2.78 0 0 -1.18 3.52 0.58 0.33 6.41 1.63 0 0 1.41 0.7 0 0 7.67 6.01 0.61 0.59 8 9.89 0.75 1.55 0.62 2.72 8.78 7.81 -3.94 3.23 2.06 0.55 0 0 10.35 7.68 0.72 6.5 0.26 0.32 5.25 -1.37 0 0 0 0 5.8 11.3 -3.05 3.45 2.99 1.59 0.33 0.2 3.8 2.54 0 0 6.1 -1.51 0 0 0 0 2.6 0.3 0 0 2.94 1.48 1.6 -1.36 0 0 1.06 -0.63 0 0 8.27 -3.28 0 0 1.59 5.09 8.93 -0.61 2.43 0.69 5.32 3.71 6.21 3.41 3.47 1.52 7.95 -1.21 2.92 -2.28 -0.08 -3.93 9.33 -7.28 1.4 -0.69 6.51 -1.67 6.91 -10.37 0 0 3.68 1.52 0.46 -4.05 12.26 -1.2 0 0 0 0 2.74 3.64 10.8 -2.68 -1.22 -2.36 11.18 -12.28 0 0 5.87 0.81 15.5 2.13 11.4 -0.36 8.46 -7.57 2.2 -0.95 9.83 -0.88 10.53 -1.76 0 0 0 0 7.39 5.56 0 0 6.02 0.99 0 0 0 0 0.04 0.02 1.88 0.89 20.4 18.2 0.69 0.82 5.44 8.6 6.01 0 10.33 13.5 25.16 17.38 16.33 10.02 0 0 1.1 1.03 0 0 4.56 6.34 13.17 7.31 9.96 4.28 0 0.01 0 0 2.57 8.46 8.57 7.55 0 0 14.59 7.96 0 0 0.62 0.42 0 0 12.37 10.39 0 0 17.09 8 0 0 11.38 3.5 0 0 0.83 0.37 0 0 8.28 4.97 0 0 0.49 0.34 0 0 0.39 0.32 0.39 0.32 0.39 0.32 5.3 4.44 5.83 -3.13 -1.93 6.44 7.06 6.07 0.22 0.19 0.22 0.19 0.22 0.19 0.22 0.19 0.22 0.19 0.22 0.19 0.22 0.19 5.52 4.75 4.72 0.56 2.34 1.18 10.72 11.43 0.31 0.37 6.39 8.83 5.53 1.3 1.73 0.93 6.28 5.84z"/>
   <path class="fil4" d="M901.96 411.41l2.83 -7.24 1.39 -1.74 9.51 -6.57 1.95 -0.67 0.01 0 4.98 -0.29 -0.29 -7.64 5 -4.89 0.02 -1.35 -0.24 -0.01 0.3 -4.3 0.04 -3.29 0.19 0.01 0.52 -7.37 -6.76 -15.69 11.9 -20.66 1.82 -1.61 8.37 -3.55 3.43 -11.28 3.05 -15.58 -2.4 -16.93 -5.61 -8.16 -0.65 -2.2 0.09 -5.48 -8.99 0.67 -0 0 -0.01 0 -1.95 -0.39 -10.54 -5.22 -3.6 -12.51 0.27 -2.77 6.06 -11.87 0.64 -0.89 8.52 -8.96 1.37 -8.88 1.33 -2.35 11.44 -9.49 6.69 -13.6 2.69 -18.15 -2.78 -7.18 -0.25 -1.25 -0.52 -15.33 -8.39 -0.98 -8.79 -21.35 -0.25 -0.95 -1.95 -14.57 -6.87 -9.94 -0.61 -1.43 -3.18 -16.05 6.74 -9.9 -2.99 -10.91 -6.83 -7.74 -0.76 -1.32 -1.6 -4.81 -1.42 0.14 -2.24 4.09 1.74 4.54 0.24 1.31 0.2 12.74 -9.4 8.81 -5.85 11.06 -0.57 0.8 -5.47 5.96 -6.29 25.03 -0.76 1.5 -8.18 9.91 -0.01 0 0 0 -13.37 -1.64 -13.45 3.06 -0.01 0 -1.42 0.04 0 0 -0.01 0 -11.52 -1.85 -0.64 -15.93 -6.71 -3.72 -5.45 4.59 -1.39 11.95 -0.6 1.36c-1.67,3.91 -14.04,17.13 -17.59,21.39 -0.32,0.39 -0.55,0.59 -0.93,0.95l-17.82 13.05 -0.33 0.21 -19.02 11.13 -1.25 0.46 -11.65 2.09 -7.84 5.89 -0.01 -0 0 0 -11.97 -3.41 -0.01 0 -1.44 -0.79 -5.66 -4.92 -0.28 -0.33 0.48 1.78 0.07 1.64 -2.34 13.3 -11.68 3.8 -0.01 -0 -0 0 -7.09 -4.39 -0.7 -0.55 -4.2 -4.23 -8.29 0.66 -0 -0 -0.01 0 -9.84 -9.28 -6.76 -0.87 -0 -0 -0.01 0 -2.38 -1.27 -11.58 -13.22 -6.7 -4.51 -0.89 -0.83 -8.38 -10.8 -0.41 -0.64 -7.48 -15.09 6.21 -9.52 -0.97 -12.42 -15.64 -5.25 -14.77 -1.44 -13.07 2.24 -11.28 4.03 -12.37 7.54 -1.24 9.19 -8.11 0.28 -3.85 8.5 -1.4 1.63 -7.7 5.02 -4.41 8.72 -0.77 1.04 -4.08 3.9 -2.26 1.02 -5.8 0.56 -5.88 5.74 -1.55 0.91 -23.69 7.22 -1.48 0.15 -5.63 -0.57 -14.93 7.63 -1.47 0.42 -20.08 1.34 -6.05 12.19 -4.18 12.17 -8.26 3.96 -1.77 0.37 -19.38 -0.7 -19.28 2.68 -9.62 4.48 -0.01 -0 0 0 -15.57 -5.98 -0 0 -11.21 0.09 -10.72 9.86 -6.33 8.86 -2.81 14.33 -2.44 8.89 -0.49 1.1 -3.65 5.52 1.47 5.01 4.83 6.78 0 0 0.7 2.53 0 0 0 0 -1.18 13.36 -0.46 1.49 -5.26 9.63 -1.03 1.21 -10.45 7.96 -3.82 7.2 0.3 7.92 0.63 2.64 1.71 7.19 0 0 0 0 -8.05 8.33 -2.44 1.16 -8.04 0.64 -8.86 7.65 -5.63 5.94 -1.01 5.76 -1.09 2.06 -4.13 4.06 0.45 17.77 5.72 6.6 -0.01 0 0.01 0 -5.44 5.17 3.05 5.43 -0 0 0 0.01 -6.05 3.46c-1.73,3.8 -3.49,7.41 -5.33,11.17l5.44 11.72 0.31 2.13 0 0 -2.37 16.57 0 0.01 -0.89 1.95 -15.63 18.04 -0.86 0.75 -7.4 4.63 -5.32 11.96 -1.2 1.5 -12.4 9.19 -3.87 -3.55c-4.83,-4.37 -9.65,-8.74 -14.42,-13.21 -5.8,-0.06 -11.18,-0.21 -16.97,-0.47l-0 0 -11.78 9.5 -0 0 -2.07 0.83 -11.98 0.98 -13.73 5.25 -1.47 0.24 -18.61 -0.63 0 0 -9.04 7.46 0 0 -6.45 10.62 -0 0 0 0 -1.11 1.19 -0 0 -9.98 6.76 -2.71 0.6 -9.53 -1.5 -7.28 -12.02 -7.1 -2.84 -12.1 3.78 -1.22 0.16 -0 0 -16.68 -0.44 -4.58 9.19 -9.3 25.01 -9.78 0.07 -5.54 6.1 -1.06 0.81 -14.52 7.61 -3.52 12.18 -12.02 5.03 -3.26 7.63 0.39 2.43 2.34 1.97 0.01 0.01c0.11,0.09 0.22,0.18 0.33,0.28l0.01 0.01 1.7 1.43 0 0 0.01 0.01 -1.81 6.51 1.7 3.38c0.36,0.65 0.54,1.41 0.46,2.21l0.01 0.03 -0.72 6.82 3.73 8.61 -4.3 5.44 0.48 6.61 -0 0.04c0.02,0.4 -0.03,0.81 -0.14,1.22l-0.01 0.06 -4.7 16.07 -0.43 7.19 3.43 4.76 0.02 0.03 0 0c0.43,0.59 0.69,1.32 0.71,2.11l0.01 0.02 0.47 15.64 1.33 10.36 1.87 8.06 7.33 7.09c0.16,0.17 0.31,0.34 0.45,0.54l9.82 13.86 9.99 7.23 7.22 3.36c0.68,0.28 1.29,0.77 1.72,1.43l4.3 6.57c0.37,0.57 0.59,1.24 0.61,1.96l0 0 0 0.02 0.33 9.98 6.6 8.87 8.61 5.28 15.67 3.06c0.63,0.13 1.24,0.41 1.76,0.87l6.1 5.3 7.57 -0.85 0.01 0 0.01 -0 0.01 0 0.01 0 0.02 -0 0.01 0 0.01 0 1.8 -0.2 1.25 1.33 0.01 0.01 0.02 0.02 0.01 0.02 0.02 0.02 7.17 7.61 6.83 2.98 9.2 1.64 0.01 0 0.01 0 0.01 0 0.01 0 0.01 0 0.01 0 0 0 0.01 0 0.02 0 0.01 0 2.41 0.43 0.01 0.02 0 0 1.63 7.45 3.06 1.82 0.01 0c0.16,0.08 0.31,0.17 0.46,0.28l0.01 0.01 0.01 0 0.01 0.01 1.74 1.03 -0 0.02 0.01 0 -0.63 11 4.21 5.55c0.53,0.61 0.87,1.41 0.92,2.28l0 0.01 0 0 0.01 0.01 0.24 4.19 0 0 5.14 4.58 0.01 0.01 0.01 0.02 0.02 0.01 0.01 0.01 1.43 1.27 -0 0.01 0.01 0.01 -0.93 7.89 4.11 8.98 0.75 1.64 -0 0 0.01 0.02 -4.69 10.52 1.71 8.66 -0.01 0.04c0.16,0.9 0,1.85 -0.52,2.68l-0.01 0.05 -3.87 6.08 2.7 4.37c0.09,0.13 0.18,0.27 0.26,0.42l0 0 0.01 0.01 1.23 2 -0 0 0.01 0.02 -7.19 9.52 -3.35 16.76 3.82 7.75 0.01 0.02c0.25,0.46 0.41,0.98 0.44,1.54l0.01 0.03 0.94 13.67 2.51 9.25 0 0.06c0.15,0.6 0.15,1.24 -0.01,1.88l0 0.05 -1.43 5.22 2.79 8.31 4.7 2.52c0.31,0.17 0.61,0.39 0.88,0.66l8.35 8.29 0.01 0.02c0.3,0.27 0.57,0.59 0.78,0.96l4.58 7.99 5.09 7.6 12.73 0.81 10.47 -2.27 5.58 -4.69c0.69,-0.7 1.66,-1.15 2.72,-1.15l9.63 0 0.01 0 0.01 0 0.01 0 0.01 0 0.01 0 2.48 0 0.01 0.02 0.94 2.25 0.03 0.07 3.65 8.71 0.01 0.02 0.05 0.16 0 0.01 0 0.01 0 0.01c0.04,0.11 0.07,0.21 0.1,0.32l0 0.01 0 0.01 0 0.01 0 0.01 0.01 0.04 4.01 16.73 -5.39 4.49 -1.66 9.47 -0.04 0.09c-0.13,0.63 -0.41,1.22 -0.86,1.74l-0.04 0.07 -8.86 9.79 -4.69 9.65 2.21 14.88 7.66 9.46c0.5,0.62 0.82,1.4 0.85,2.26l0.01 0.02 0.31 8.61 -0.01 0.02c0.02,0.83 -0.23,1.68 -0.78,2.4l-0.02 0.05 -7.04 9.01 1.95 6.17 3.95 3.35 1.27 1.08 0 0.01 0.01 0 1.26 31.09 3.37 11.41 0 0.02c0.11,0.42 0.16,0.87 0.13,1.32l0 0.06 -1.27 14.11 2.92 15.14 0 0c0.17,0.91 0.01,1.87 -0.51,2.7l-0.01 0.05 -4.15 6.54 4.66 15.71 0 0.01c0.24,0.86 0.19,1.81 -0.23,2.69l-0 0.05 -5 10.22 0.41 1.91 7.65 0.39 1.86 0.6 12.48 8 0.97 0.89 0 0.01 0 0 9.22 12.1 0 0 13.5 0.44 0.01 0.01 6.96 8.35 6.98 1.09 2.07 1.03 12.51 12.13 14.39 4.89 1.73 1.2 0.01 0.01 0 0 2.23 2.72 0 0 9.9 -3.05 10.74 5.69 -0.01 -0.03 9.27 -10.49 1.19 -0.91 7.99 -3.86 1.56 -0.37 0.02 0 11.07 -0.29 31.44 -11.87 7.69 -19.21 -0.93 -14.89 17.15 -13.17 2.02 -0.78 13.41 -1.04 6.76 -7.48 2.26 -1.22 15.35 -2.26 14.2 -9.93 0.55 -0.33 16.58 -7.81 15.74 -9.56 1.25 -0.49 12.89 -2.49 14.23 -11.59 12.09 -24.48 0.49 -0.76 11.07 -13.2 0.25 -16.33 18.45 -12.6 -1.32 -22.04 8.39 -8.34 -0.32 -10 0.73 -2.35 7.31 -10.05 -1.98 -18.28 0.13 -1.49 5.76 -19.27 -3.07 -26.52 -3.5 -27.39 21.37 -20.3 13.96 -15.59 0.67 -0.59 7.13 -4.93 0.48 -5.37 0.74 -1.95 10.24 -13.66 -0.58 -17.58 0.15 -1.19 4.78 -16.06 -3.03 -6.85 6.43 -6.84 5.28 -9.76 -0.5 -11.83 5.22 -5.62 -1.16 -11.22 0.46 -2.25 9.22 -16.42 4.04 -10.94 0.86 -1.35 14.31 -14.57 0.56 -0.48 14.13 -9.63 1.29 -15.02 0.43 -1.46 8.92 -16.91 0.52 -0.74 13.91 -15.68 1.33 -12.64 11.44 -7.54 -0.62 -7.16 15.69 -8.24 9.31 -13.93 1.74 -1.41 8.98 -3.6 6.63 -10.32 7.04 -1.4 4.13 -0.82 13.47 -12.92 5.59 -22 1.16 -1.91 14.54 -12.92 9.59 -16.44 5.6 -17.36 1.46 -1.96 19.8 -13.71 8.26 -9.36 1.89 -14.54 -7.05 -15.18 -0.33 -1.21 -1.72 -16.81 -8.71 -9.19 6.24 -21.32 1.54 -2.1 13.13 -8.76 0.01 0 0.01 -0.01 18.76 10.48 14.74 5.17z"/>
   <path class="fil4" d="M901.96 411.41l2.83 -7.24 1.39 -1.74 9.51 -6.57 1.95 -0.67 0.01 0 -1.95 0.67 -9.51 6.57 -1.39 1.74 -2.84 7.25 -14.76 -5.17 -18.75 -10.47 0.01 -0.01 18.76 10.48 14.74 5.17zm20.67 -16.52l-0.29 -7.64 5 -4.89 0.02 -1.35 0.01 0 -0.02 1.35 -5 4.89 0.29 7.64 -0.01 0zm18.78 -130l0 0 -8.99 0.67 8.99 -0.67zm-25.13 -218.14l-1.42 0.14 -2.24 4.09 1.74 4.54 0.24 1.31 0.2 12.74 -9.4 8.81 -5.85 11.06 -0.57 0.8 -5.47 5.96 -6.29 25.03 -0.76 1.5 -8.18 9.91 -0.01 0 8.18 -9.91 0.76 -1.5 6.29 -25.03 5.47 -5.96 0.57 -0.8 5.85 -11.06 9.4 -8.81 -0.2 -12.74 -0.24 -1.31 -1.74 -4.54 2.24 -4.09 1.43 -0.15 0 0zm-51.38 84.25l-13.45 3.06 -0.01 0 13.45 -3.06 0.01 0zm-33.77 -18.41l-5.45 4.59 -1.39 11.95 -0.6 1.36 0.59 -1.36 1.39 -11.95 5.46 -4.59 0.01 0zm-7.72 18.57l-0.01 0.02 -0.29 0.34 0.3 -0.36zm-17.3 20.73l-0.24 0.3 -0.02 0.01 0.26 -0.31zm-0.43 0.47l-0.51 0.48 -17.82 13.05 -0.33 0.21 -19.02 11.13 -1.25 0.46 -11.65 2.09 -7.84 5.89 -0.01 -0 7.83 -5.89 11.65 -2.09 1.25 -0.46 19.02 -11.13 0.33 -0.21 17.82 -13.05 0.52 -0.48zm-77.79 23.86l0.48 1.78 0.07 1.64 -2.34 13.3 -11.68 3.8 -0.01 -0 11.68 -3.79 2.34 -13.31 -0.07 -1.64 -0.49 -1.8 0.02 0.02zm-25.47 11.34l-8.29 0.66 -0 -0 8.29 -0.66 0 0zm-18.15 -8.62l-6.76 -0.87 -0 -0 6.77 0.88 0 0zm-55.01 -74.43l-14.77 -1.44 -13.07 2.24 -11.28 4.03 -12.37 7.54 -1.24 9.19 -8.11 0.28 -3.85 8.5 -1.4 1.63 -7.7 5.02 -4.41 8.72 -0.77 1.04 -4.08 3.9 -2.26 1.02 -5.8 0.56 -5.88 5.74 -1.55 0.91 -23.69 7.22 -1.48 0.15 -5.63 -0.57 -14.93 7.63 -1.47 0.42 -20.08 1.34 -6.05 12.19 -4.18 12.17 -8.26 3.96 -1.77 0.37 -19.38 -0.7 -19.28 2.68 -9.62 4.48 -0.01 -0 9.62 -4.47 19.28 -2.68 19.38 0.7 1.77 -0.37 8.26 -3.96 4.18 -12.17 6.05 -12.18 20.07 -1.34 1.48 -0.42 14.93 -7.62 5.63 0.57 1.47 -0.15 23.69 -7.22 1.55 -0.91 5.88 -5.74 5.8 -0.56 2.26 -1.03 4.08 -3.9 0.78 -1.04 4.41 -8.72 7.71 -5.02 1.4 -1.62 3.85 -8.51 8.11 -0.28 1.24 -9.2 12.38 -7.54 11.28 -4.03 13.06 -2.24 14.78 1.44 0.01 0zm-249.94 104.22l-11.21 0.09 -10.72 9.86 -6.33 8.86 -2.81 14.33 -2.44 8.89 -0.49 1.1 -3.65 5.52 1.47 5.01 4.83 6.78 0 0 -4.83 -6.78 -1.48 -5.03 3.65 -5.51 0.49 -1.1 2.44 -8.89 2.81 -14.33 6.33 -8.86 10.72 -9.85 11.22 -0.09 0.01 0zm-51.92 114.39l1.71 7.19 0 0 -1.71 -7.19zm-37.09 60.56l5.72 6.6 -0.01 0 -5.71 -6.6 0 -0.01zm0.28 11.78l3.05 5.43 -0 0 -3.05 -5.43 0 0zm-3 8.89c-1.73,3.8 -3.49,7.41 -5.33,11.17l5.44 11.72 0.31 2.13 0 0 -0.31 -2.13 -5.44 -11.73 5.32 -11.16 0.01 -0.01zm-49.53 86.07c-4.83,-4.37 -9.65,-8.74 -14.42,-13.21 -5.8,-0.06 -11.18,-0.21 -16.97,-0.47l0.03 -0.02 16.94 0.48 14.43 13.22zm-100.08 9.97l-6.45 10.62 -0 0 6.45 -10.61 0 -0zm-74.19 6.31l-4.58 9.19 -9.3 25.01 -9.78 0.07 -5.54 6.1 -1.06 0.81 -14.52 7.61 -3.52 12.18 -12.02 5.03 -3.26 7.63 0.39 2.43 -0 -0 -0.39 -2.44 3.26 -7.63 12.02 -5.03 3.52 -12.17 14.53 -7.61 1.06 -0.81 5.53 -6.1 9.78 -0.07 9.3 -25.01 4.57 -9.19 0.02 0zm-58.79 79.76l0.01 0.01 -1.81 6.51 1.7 3.38 -0.02 -0.03 -0 -0 -1.68 -3.36 1.15 -4.17 0.02 -0.06 0.63 -2.28zm0.36 12.11l0.01 0.03 -0.72 6.82 3.73 8.61 -4.3 5.44 0.48 6.61 -0 0.04 -0 -0.06 -0.48 -6.61 4.3 -5.44 -3.73 -8.61 0.72 -6.82 0 -0.02zm-0.94 28.78l-0.01 0.06 -4.7 16.07 -0.43 7.19 -0.01 -0.01 0.44 -7.2 4.7 -16.07 0.02 -0.05zm-0.98 30.23l0.01 0.02 0.47 15.64 1.33 10.36 -0 -0.02 -1.33 -10.39 -0.47 -15.61 0 -0.01zm45.11 76.12l0 0.02 0.33 9.98 -0 -0.01 -0.33 -9.99zm75.56 46.41l0 0 1.63 7.45 -0 -0 -1.62 -7.45zm6.92 10.62l0.01 0 -0.63 11 -0.01 -0.01 0.63 -11zm4.51 18.85l0 0 0.01 0.01 0.24 4.19 -0.01 -0.01 -0.24 -4.19zm6.86 10.12l0.01 0.01 -0.93 7.89 -0 -0.02 0.7 -5.94c0.13,-1.18 -0.28,-2.29 -1.04,-3.07l1.27 1.13zm3.94 18.52l0.01 0.02 -4.69 10.52 1.71 8.66 -0.01 0.04 -0.01 -0.03 0.01 -0.03 -1.71 -8.66 3.99 -8.95 0.02 -0.05 0.68 -1.52zm-3.5 21.92l-0.01 0.05 -3.87 6.08 -0.01 -0.02 3.88 -6.09 0.02 -0.03zm0.31 12.93l0.01 0.02 -7.19 9.52 -3.35 16.76 -0.01 -0.02 3.35 -16.76 5.62 -7.44 0.04 -0.06 1.52 -2.01zm-6.25 35.6l0.01 0.03 0.94 13.67 2.51 9.25 0 0.06 -0.01 -0.03 0 -0.06 -2.51 -9.25 -0.94 -13.67 0 -0.01zm3.45 24.89l0 0.05 -1.43 5.22 2.79 8.31 -0 0 -2.8 -8.33 1.43 -5.22 0.01 -0.03zm74.05 45.37l0.01 0.02 0.05 0.16 -0.01 -0.02 -0.05 -0.16zm0.18 0.57l0.01 0.04 4.01 16.73 -5.39 4.49 -1.66 9.47 -0.04 0.09 0.01 -0.06 0.02 -0.04 1.66 -9.48 5.39 -4.48 -4.01 -16.73 -0 -0.02zm-3.93 32.56l-0.04 0.07 -8.86 9.79 -4.69 9.65 2.21 14.88 -0 -0.01 -2.22 -14.89 4.69 -9.65 8.86 -9.79 0.04 -0.05zm-2.86 46.11l0.01 0.02 0.31 8.61 -0.01 0.02 0 -0.04 -0.31 -8.61 0 -0zm-0.47 11.06l-0.02 0.05 -7.04 9.01 1.95 6.17 -0 0 -1.96 -6.19 7.04 -9.01 0.02 -0.03zm0.12 19.67l0.01 0 1.26 31.09 3.37 11.41 0 0.02 -0.01 -0.04 -3.37 -11.41 -1.26 -31.07zm4.77 43.84l0 0.06 -1.27 14.11 2.92 15.14 0 0 -0.04 -0.18 -2.89 -14.98 1.27 -14.11 0 -0.04zm1.15 32.02l-0.01 0.05 -4.15 6.54 4.66 15.71 0 0.01 -0.01 -0.03 -4.66 -15.71 4.15 -6.55 0.02 -0.03zm0.27 25l-0 0.05 -5 10.22 0.41 1.91 -0 0 -0.41 -1.94 5 -10.21 0.01 -0.03zm566.24 -595.48l4.13 -0.82 0 0 -4.13 0.82z"/>
   <path class="fil4" d="M1220.5 1573.62l-0.03 -6.48 0 -0 12.05 -7.24 14.56 -13.96 -1.76 -7.21 0 0 -0.1 -1.19 -0 0 0.74 -9.07 9.28 -6.64 0 0 5.45 5.55 5.62 -2.76 0.79 -0.28 9.04 -2.16 1.65 -0.03 8.7 1.84 4.61 -4.51 2.06 -1.03 14.22 -2.26 0 0 3.25 4.15 0 0 3.62 -0.3 0.92 -4.18 21.11 0.54 0 0 0 0 0.56 10.6 0 0 0 0 9.97 0.6 0 0 0 0 1.45 9.27 0 0 7.74 4.75 0.27 0.18 7.68 5.66 4.48 3.3 18.28 -6.7 17.05 -12.56 0 0 0.7 -0.4 0 0 11.75 -5.26 12.36 9.39 2.53 -1.64 2.8 -10.13 0 -0 1.35 -2.01 0 -0 0 0 9.23 -7.05 0 0 11.96 9.15 9.36 -0.66 0 0 10.46 17.51 0.94 -1.62 0 0 17.53 2.31 -1.04 9.49 1.5 1.03 4.1 -4.13 0 0 2.48 -1.11 0 0 5.37 -0.3 -8.94 -6.41 0 0 1.06 -1.98 2.89 -5.4 0 -0 1.37 -1.46 0 0 5.39 -3.28 -3.57 -8.45 0 0 9.54 -13.46 0.01 -0.01 7.96 8.62 10.91 -0.08 0.59 0.05 10.03 1.57 2.34 1.32 5.17 6.22 5.87 0.06 1.59 0.35 20.08 9.47 3.44 -5.67 0 0 15.65 0.98 1.62 -4.27 0 -0 8.8 -3.79 12.05 5.87 0 0 -9.8 6.39 0.61 1.54 5.01 2.48 1.61 1.5 3.15 5.45 3.66 0.7 8.56 -4.42 0 0 0 0 1.27 3.66 6.44 -5.2 0 0 8.72 7.09 5.24 0.32 -1.44 -10.97 0.18 -1.73 1.92 -5.54 -4.62 -0.13 -6.64 -7.74 -0.89 -2.03 -1.35 -11.17 -13.51 -13.3 -0.06 -19.05 0.01 -0 0 0 8.86 -4.23 1.23 -10.2 0.01 0 0 -0.01 10.81 2.42 0.03 -0.37 -7.3 -7.71 13.17 -23.4 0 0 0 -0.01 5.17 -0.42 5.25 -5.01 0 0 0.62 -9.88 -4.33 -8.63 0.01 -0.01 0 0 5.59 -4.93 0.11 -6.51 0.13 -0.98 3.22 -11.2 -2.5 -4.9 2.85 -5.93 -4 -6.08 -0.43 -0.88 -2.91 -8.7 -4.13 -0.39 -1.61 -0.52 -1.9 -1.15 -2.67 5.57 0 0 -0 0.01 -10.83 -10.19 1.54 -3.78 -4.8 -2.34 6.22 -9.49 0.4 -0.61 -1.15 0.18 -7.26 -5.78 -1.31 -2.04 -0.76 -2.94 -8.2 0.35 -3.25 -11.34 0.03 -2.19 4.68 -14.8 0 -0 0 -0.01 2.77 -1.29 -0.83 -6.17 0 -0.01 0 0 3.81 -4.65 -1.16 -7.46 -6.62 -11.83 -5.08 -5.43 -4.41 -0.04 -9.65 3.9 -5.5 -8.62 -0.55 -2.64 0.23 -1.44 -4.93 1.6 -4.78 -3.19 -4.61 -0.13 -5.31 6.7 -0 -0 -0 0.01 -11.27 -4.66 -0.99 -3.34 -12.63 3.94 -1.21 -6.92 -1.18 0.55 -1.5 0.36 -13.67 0.38 3.14 -11.82 -8.37 -0.36 -3.41 3.11 -10.63 9.72 -3.41 3.13 -1.47 7.1 -0 0 -0 0 -9.15 0.64 -8.43 2.98 -0.54 0.15 -12.46 2.45 -2.57 -13.3 -6.59 -2.02 -10.74 1.96 -0.73 0.06 -17.11 -0.3 -6.6 4.77 -0 0 -2.09 0.71 -0 0 -0 0 -6.23 0.2 -0 0 -2.64 -0.95 -4.16 -3.68 -8.6 0.78 -1.34 -0.12 -8.01 -2.2 -5.45 2.3 -2.77 8.7 -0.39 0.85 -5.36 8.65 -0.8 13.76 -0.01 0 -8.98 2.15 -4.92 14.67 -0 -0 -0 0 -13.87 -9.61 -6.97 -2.83 -3.16 3.38 -2 1.13 -0.01 0 -10.5 2.2 -0.01 0 -0.74 0.07 -0.01 0 -16.56 0.13 -1.81 -0.43 -9.07 -4.82 -5.1 4.66 -0 -0 0 0 -9.02 -2.02 -13.92 3.26 0 0 -0 0 -0.86 0.09 -0.01 0 -18.42 0.05 -0 0 1.51 -10.13 -3.32 -1.24 -11.57 2.74 0 0 -14.22 14.59 0 -0 -0 0 -9.65 -15.54 -4.25 5.07 -0 0 0 0 -13.4 -0.87 -8.93 4.93 -4.64 7.2 -4.25 11.02 8.93 6.51 -11.1 11.33 -0.83 0.64 -12.06 6.88 -0.57 0.27 -0 0 -21.45 7.91 0 0 -0 0 -8.98 -9.8 -4.71 0.39 0 0 -10.83 5.85 0 0 -0 0 -9.69 -4.59 -0.47 -0.35 -0.73 -0.54 -7.52 -8.38 0 -0 -0 -0 7.71 -13.89 0.6 -12.55 -9.65 -7.49 1.1 -6.52 -2.81 -5.52 -5.87 -1.33 1.83 -12.12 -1.64 -8.29 -0.17 -0.31c-3.73,-6.85 -7.37,-13.65 -11.02,-20.55l0 0 -0.73 -1.37 2.69 -8.84 -5.85 -7.83 -9.09 -7.87 -1.15 -1.74 -5.46 -17.37 -5.14 -5.89 1.94 -7.81 -5.99 -2.8 -4.27 -16.22 -6.41 -9.28 8.02 -11.26 2.14 -1.47 0 -0 0 0 2.1 -0.55 -2.39 -4.31 -0.43 -2.34 2.26 -16.42 -3.04 -8.63 5.96 -10.43 2.17 -7.19 -0.22 -5.89 -3.65 2.8 -4.96 13.21 -10.97 -0.5 -6.79 13.09 0.79 8.5 6.64 1.07 -8.26 23.05 0.65 19.54 -0.55 2.1 -5.9 9.67 0.1 7.37 8.08 18.38 -15.67 8.43 -5.67 -5.18 -3.56 6.53 -9.7 2.79 -11.5 13.77 -15.06 0.65 1.14 19.2 5.56 16.94 10.67 14.06 0.37 0.58 4.52 8.97 0.4 1.68 0.21 18.2 -7.13 2.74 0.88 10.76 3.99 12.52 0.18 1.43 -1.28 16.78 -0.42 1.46 -4.35 8.38 6.16 11.56 0.45 1.89 -0.28 9.73 9.82 1.43 -8.73 15.15 -0.64 0.83 -19.59 19.08 -1.89 1 -4.69 0.96 -9.56 11.74 -10.31 -0.63 -8.65 8.54 2.06 2.81 15.46 -0.93 -8.93 15.23 -22.85 -0.15 -3.97 -4.7 -1.67 0.32 3.95 11.48 0.06 2.25 -2.52 9.12 8.89 4.35 1.91 2.13 2.66 7.42 12.91 -0.99 3 6.46 -14.98 15.18 -1.35 0.89 -10.92 4.17 -6.43 15.59 2.43 11.05 -0.19 2.22 -4.75 11.84 -15.75 6.02 4.26 12.98 -20.56 18.01 -15.91 -1.09 -1.93 1.28 6.41 8.29 0.73 1.59 0 0 1.88 9.62 2.21 -3.4 13.39 1.52 6.57 17.21 0.24 1.67 -0.52 6.15 4.15 1.06 2.15 1.48 3.9 5.43 9.32 -5.5 0 0 0 0 12.92 5.62 17.92 3.74 0.36 10.27 3.79 3.48 4.26 -1.34 0.57 -14.89 0 0 0 -0 17.4 12.91 7.78 -0.57 0 0 2.52 0.73 9.61 7.06 10.39 1.32 6.64 -4.15 0 -0 1.25 -0.49 0 0 19.09 -3.89 0.01 -0 5.6 6.35 7.12 0.41 8.39 -2.92 2.01 -0.7 0.01 -0 14.5 -3.69 0 0 7.84 -14.14 0.73 -0.94 11.62 -10.82 9.11 -13.99 0.6 -0.44 1.53 -1.14 4.13 -1.19 1.99 -3.52 2.05 -1.73 9.77 -3.41 0 0 0 0 16.28 10.24 1.41 1.59 2.26 4.75 8.21 -0.31 9.59 -11.69 3.38 -12.26 1.13 -1.83 2.55 -2.27 -2.43 -7.93 11.53 -10.73 1.5 -0.86 7.24 -2.16 0 -4.29 4.97 3.31 2.66 0 0 1.39 5.68 2.64 7.69 -6.78 6.94 0.56z"/>
   <path class="fil4" d="M1363.93 1547.45l4.48 3.3 0 0 -4.48 -3.3zm67.16 -13.88l2.8 -10.13 0 -0 -2.8 10.14 -0 0zm45.18 6.81l0.94 -1.62 0 0 -0.94 1.62 0 0zm30.89 5.67l0 0 -8.94 -6.41 0 0 8.94 6.41 -0 0zm-7.88 -8.39l2.89 -5.4 0 -0 -2.89 5.41zm9.66 -10.14l-3.57 -8.45 0 0 3.57 8.45 0 0zm70.53 5.67l3.44 -5.67 0 0 -3.44 5.67 0 0zm54.39 6.76l0 0 1.27 3.66 0 0 -1.27 -3.67zm21.67 5.87l-1.44 -10.97 0.18 -1.73 1.92 -5.54 -4.62 -0.13 -6.64 -7.74 -0.89 -2.03 -1.35 -11.17 -13.51 -13.3 -0.06 -19.05 0.01 -0 0.06 19.05 13.52 13.29 1.35 11.18 0.89 2.02 6.64 7.74 4.61 0.13 -1.92 5.55 -0.18 1.73 1.44 10.98 -0.01 0zm-17.55 -75.89l1.23 -10.2 0.01 0 -1.23 10.19 -0.01 0zm12.05 -7.78l0.03 -0.37 -7.3 -7.71 13.17 -23.4 0 0 -13.17 23.39 7.3 7.71 -0.03 0.37 -0 -0zm16.33 -36.91l0.62 -9.88 -4.33 -8.63 0.01 -0.01 4.33 8.63 -0.62 9.88 -0 0.01zm1.89 -23.44l0.11 -6.51 0.13 -0.98 3.22 -11.2 -2.5 -4.9 2.85 -5.93 -4 -6.08 -0.43 -0.88 -2.91 -8.7 -4.13 -0.39 -1.61 -0.52 -1.9 -1.15 0 -0.01 1.9 1.15 1.61 0.52 4.13 0.39 2.91 8.7 0.43 0.88 4 6.08 -2.85 5.93 2.5 4.9 -3.22 11.2 -0.13 0.98 -0.11 6.51 -0 0zm-13.83 -41.67l-0 0.01 -10.83 -10.19 1.54 -3.78 -4.8 -2.34 6.22 -9.49 -6.21 9.48 4.8 2.34 -1.54 3.78 10.83 10.19zm-7.47 -26.4l-1.15 0.18 -7.26 -5.78 -1.31 -2.04 -0.76 -2.94 -8.2 0.35 -3.25 -11.34 0.03 -2.19 4.68 -14.8 0 -0 -4.67 14.79 -0.03 2.19 3.25 11.34 8.2 -0.35 0.76 2.94 1.31 2.04 7.26 5.78 1.15 -0.18 -0 0.01zm-14.46 -39.87l-0.83 -6.17 0 -0.01 0.83 6.17 -0 0zm2.98 -10.82l-1.16 -7.46 -6.62 -11.83 -5.08 -5.43 -4.41 -0.04 -9.65 3.9 -5.5 -8.62 -0.55 -2.64 0.23 -1.44 -4.93 1.6 -4.78 -3.19 -4.61 -0.13 0 -0 4.61 0.13 4.77 3.19 4.93 -1.6 -0.23 1.44 0.55 2.64 5.5 8.62 9.65 -3.9 4.41 0.04 5.07 5.43 6.62 11.83 1.16 7.46 -0.01 0.01zm-52.37 -28.59l-0 0.01 -11.27 -4.66 -0.99 -3.34 -12.63 3.94 -1.21 -6.92 -1.18 0.55 -1.5 0.36 -13.67 0.38 3.14 -11.82 -8.37 -0.36 0 -0 8.38 0.36 -3.15 11.82 13.67 -0.38 1.5 -0.36 1.18 -0.55 1.21 6.92 12.63 -3.94 0.99 3.33 11.27 4.66zm-51.1 -18.75l-10.63 9.72 5.76 -5.29 4.87 -4.44zm-15.52 19.96l-0 0 -9.15 0.64 -8.43 2.98 -0.54 0.15 -12.46 2.45 -2.57 -13.3 -6.59 -2.02 -10.74 1.96 -0.73 0.06 -17.11 -0.3 0 -0 17.12 0.3 0.73 -0.06 10.75 -1.96 6.59 2.02 2.57 13.3 12.46 -2.46 0.54 -0.15 8.43 -2.98 9.15 -0.64zm-83.26 -1.68l-0 0 -2.64 -0.95 -4.16 -3.68 -8.6 0.78 -1.34 -0.12 -8.01 -2.2 0 -0 8.01 2.2 1.34 0.12 8.6 -0.78 4.16 3.69 2.63 0.95zm-53.43 44.91l-0 0 -13.87 -9.61 -6.97 -2.83 0 0 6.97 2.83 13.87 9.6zm-37.25 -5.64l-0.01 0 -16.56 0.13 -1.81 -0.43 -9.07 -4.82 0 -0 9.07 4.83 1.82 0.43 16.56 -0.13zm-32.56 -0.46l0 0 -9.02 -2.02 0.01 -0 9.01 2.02zm-42.23 1.39l-0 0 1.51 -10.13 -3.32 -1.24 0 0 3.32 1.24 -1.51 10.13zm-27.61 5.95l-0 0 -9.65 -15.54 0 -0 9.65 15.54zm-13.91 -10.46l0 0 -13.4 -0.87 0 0 13.39 0.87zm-68.3 55.82l-0 0 -8.98 -9.8 0.01 0 8.98 9.8zm-24.53 -3.56l-0 0 -9.69 -4.59 -0.47 -0.35 0.48 0.35 9.69 4.58zm-18.42 -13.86l-0 -0 7.71 -13.89 0.6 -12.55 -9.65 -7.49 1.1 -6.52 -2.81 -5.52 -5.87 -1.33 1.83 -12.12 -1.64 -8.29 0.01 0.01 1.64 8.28 -1.83 12.11 5.87 1.33 2.81 5.52 -1.11 6.52 9.65 7.5 -0.6 12.55 -7.71 13.89zm-19.92 -88.57l-0.73 -1.37 2.69 -8.84 -5.85 -7.83 -9.09 -7.87 -1.15 -1.74 -5.46 -17.37 -5.14 -5.89 1.94 -7.81 -5.99 -2.8 -4.27 -16.22 -6.41 -9.28 8.02 -11.26 2.14 -1.47 0 -0 -2.14 1.47 -8.02 11.27 6.41 9.27 4.27 16.22 5.99 2.8 -1.94 7.81 5.14 5.89 5.46 17.38 1.15 1.74 9.09 7.87 5.85 7.83 -2.23 7.33 0.27 2.87zm-27.19 -100.3l0 -0 -2.39 -4.31 -0.43 -2.34 2.26 -16.42 -3.04 -8.63 5.96 -10.43 2.17 -7.19 0 0.01 -2.17 7.18 -5.96 10.43 3.04 8.62 -2.26 16.42 0.43 2.34 2.39 4.32 -0 0zm4.32 -55.22l-3.65 2.8 3.65 -2.8zm-158.78 569.04l-3.62 -5.04 -9.09 -2.33 0.99 -11.7 -4.61 -12.07 -4.12 -0.47 -3.92 6.02 -2.1 -10.72 0 0 2.21 -3.4 13.39 1.52 6.57 17.21 0.24 1.67 -0.52 6.15 4.15 1.06 2.15 1.48 3.9 5.43 -2.99 1.77 -1.28 1.25 -1.36 2.16zm54.2 11.1l0.57 -14.89 0 0 -0.57 14.88 -0 0zm48.29 6.56l6.64 -4.15 0 -0 -6.64 4.16 -0.01 0zm39.72 -1.78l8.39 -2.92 -8.39 2.92 -0 0zm24.91 -7.31l7.84 -14.14 0.73 -0.94 11.62 -10.82 9.11 -13.99 0.6 -0.44 -0.6 0.44 -9.11 13.99 -11.62 10.82 -0.73 0.94 -7.84 14.13 -0.01 0zm35.57 -42.66l1.99 -3.52 2.05 -1.73 9.77 -3.41 0 0 -9.76 3.41 -2.06 1.73 -1.99 3.52 -0 0zm41.97 7.62l9.59 -11.69 3.38 -12.26 1.13 -1.83 2.55 -2.27 -2.43 -7.93 11.53 -10.73 1.5 -0.86 7.24 -2.16 0 -4.29 4.97 3.31 2.66 0 0 1.39 -2.2 -1.03 -2.69 -0.19 -9.96 2.97 -1.5 0.86 -11.53 10.73 2.43 7.93 -2.55 2.27 -1.13 1.83 -3.38 12.26 -9.59 11.69 -0 0zm-210.39 -111.39l-10.92 4.17 0 0 10.92 -4.17z"/>
   <path class="fil4" d="M893.68 420.27l3.04 -2.63 -12.32 -4.32 -0.59 -0.27 -15 -8.38 -8.12 5.41 -4.62 15.8 6.6 6.96 1.03 2.24 1.78 17.46 7.24 15.61 0.31 2.08 -2.19 16.79 -0.93 2.03 -9.35 10.59 -0.69 0.61 -19.1 13.24 -5.33 16.54 -0.33 0.74 -10.1 17.32 -0.76 0.94 -14.11 12.54 -5.57 21.91 -1.06 1.8 -15.08 14.46 -1.91 1 -9.08 1.8 -5.53 8.61 -1.79 1.47 -9.03 3.62 -9.2 13.76 -1.39 1.25 -12.05 6.32 0.58 6.62 -12.24 8.06 -1.08 10.28 -0.94 2.13 -14.4 16.23 -8.35 15.83 -1.53 17.87 -16.83 11.47 -13.46 13.7 -3.87 10.47 -0.25 0.55 -8.78 15.64 1.39 13.44 -5.41 5.83 0.41 9.71 -0.44 1.95 -6 11.1 -0.58 0.8 -3.31 3.52 1.56 3.52 0.16 2.6 -5 16.83 0.6 18.29 -0.76 2.4 -10.4 13.87 -0.7 7.86 -9.7 6.7 -14.02 15.64 -18.64 17.7c2.18,17.02 4.22,33.89 6.2,50.95l-0.13 1.52 -5.77 19.29 2.06 18.95 -0.71 2.64 -7.41 10.19 0.39 12 -8.3 8.25 1.37 22.92 -18.77 12.81 -0.21 13.72 -0.88 2.4 -11.65 13.88 -12.24 24.8 -1.01 1.26 -15.63 12.73 -1.69 0.79 -13.19 2.54 -15.38 9.33 -0.34 0.19 -16.43 7.74 -14.66 10.25 -1.62 0.66 -14.89 2.19 -6.86 7.59 -2.53 1.25 -13.78 1.06 -13.03 10.01 0.73 11.7 -0.27 1.64 -9.24 23.12 -35.16 13.28 -1.25 0.24 -10.92 0.29 -6.59 3.18 -5.67 6.41 1.55 3.95 1.63 0.87 -2.82 8.25 2.13 5.5 0 2.77 -2.44 6.16 -1.44 1.77 -4.95 3.29 -1.27 4.77 -0.6 1.25 -5.28 7.3 -2.82 11.07 -0.85 14.69 4.02 6.61 0.49 2.65 -1.62 8.85 3.33 10.66 -0.2 2.76 -6.54 13.88 -0.42 0.69 -4.49 5.87 0.96 4.87 -0.19 2.13 -2.72 6.86 0.54 0.94 7.94 8.42 -1.59 11.15 6.15 7.33 0.85 1.91 2.36 16.6 4.74 8.44 18.68 10.65 0 0 0 0 0.91 0.71 0 0 15.98 17.15 0 0 9.85 0.87 0 0.02 0 0 3.1 9.98 11.45 6.62 0 0 1.67 1.99 0 0 7.78 21.39 1.14 0.16 2.21 -8.8 0 0 14.34 7.27 0 0 2.89 15.8 0 0 14.34 6.34 0 0 8.77 0.06 11.66 -17.58 0 0 3.3 16.05 11.11 -0.7 0.02 0 5.65 -0.35 -0.87 2.56 8.31 5.3 12.69 -4.71 2.3 -0.12 9.48 2.51 1.9 10.3 4.59 0.55 7.68 -8.43 7.34 14.68 19.73 9.8 17.72 3.18 13.49 -7.35 9.33 19.08 15.24 6.06 0.43 0.2 26.41 14.52 1.39 1.31 3.4 5.39 8.43 -3.65 8.69 12.26 4.32 -11.82 12.59 -0.17 -1.33 -11.09 -4.63 -7.9 -25.28 1.73 -6.76 -27.43 -14.04 -23.8 -0.46 -1.21 -1.92 -9.83 -11.73 -15.2 10.66 -8.35 0.92 -7.36 0.57 -1.56 6.14 -9.73 -0.08 -14.35 -9.76 -3.5 4.41 -14.64 1.44 -2.01 7.08 -5.02 4.61 -14.2 13.2 -5.92 13.72 -10.02 8.6 16.58 13.44 14.79 0.55 0.79 7.72 14.65 24.98 10.48 10.35 -2.39 8.92 14.57 9.24 2.59 2.86 9.25 14.81 14.14 17.46 6.54 3.57 10.11 7.86 2.12 2.14 1.52 10.68 15.44 0.64 1.64 1.35 9.5 17.09 7.03 0.34 10.17 12.83 6.3 13.23 3.83 4.78 12.89 8.99 5.41 -4.09 5.07 4.21 -0.23 0.72 0.03 15.44 2.08 1.49 0.52 5.74 3.52 -1.85 -9.44 -10.86 -14.04 9.83 -6.51 2.35 -0.63 14.06 0.96 14.38 -12.6 -4.96 -15.11 19.44 -7.42 3.06 -7.64 -2.43 -11.06 0.21 -2.25 8.15 -19.76 13.22 -5.04 7.24 -7.34 -8.53 0.65 -4.11 -11.44 -13.17 -6.45 3.87 -14.04 -2.41 -7.01 -12.69 -2.24 3.5 -14.06 10.06 3.7 9.79 -1.89 4.59 5.45 8.18 0.06 -7.5 -10.24 15.76 -15.54 9.8 0.59 7.94 -9.76 2.19 -1.33 4.92 -1.01 18.43 -17.96 2.86 -4.97 -5.43 -0.79 0.44 -15.5 -7.57 -14.2 5.81 -11.21 1.16 -15.31 -3.9 -12.25 -0.18 -0.85 -1.37 -16.79 7.53 -2.89 -0.14 -12.04 -4 -7.93 -10.83 -14.28 -0.59 -1.12 -5.89 -17.98 -0.18 -0.95 -1.63 -27.41 19.41 -0.84 10.11 -12.1 1.87 -1.22 7.77 -2.24 6.67 -12.24 8.84 8.08 4.73 -2.54 -5.56 -12.63 -0.31 -1.49 -0.12 -9.28 0.55 -2.03 5.87 -9.63 -0.64 -19.15 0.21 -1.4 5.41 -15.09 -3.39 -0.54 -1.44 -15.5 0.4 -2.08 9.55 -18.4 10.31 0.46 3.39 -9.05 1.24 -1.68 8.81 -6.77 -0.14 -3.94 -4.8 -18.77 -0.1 -0.85 -0.51 -19.25 0.04 -0.7 1.56 -9.61 -10.14 -4.53 -1.9 -9.11 -5.25 0.5 0 0 -0 0 -2.73 -0.8 -4.97 -3.94 -9.47 0.61 -0 0 -1.15 -14.54 0.55 -2.26 4.02 -6.64 -10.31 -4.05 6.41 -15.52 -7.35 -6.54 0.52 -15.76 0.62 -1.98 5.61 -8.45 0.98 -8.51 0.33 -1.15 5.98 -13.04 0 0 9.53 0.3 -0.25 -1.52 -11.17 -3.25 7.83 -16.3 0.57 -9.36 8.8 -4.47 -2.87 -2.83 4.54 -12.94 0 0 10.97 -1.44 5.8 -8.91 -3.15 -4.2 -0.73 -1.76 -2.38 -17.08 0.18 -1.8 3.54 -9.88 -4.61 -11.54 -0.22 -2.07 1 -5.61 0.03 -0.15 0.03 -0.16 0.03 -0.16 0.02 -0.15 0.03 -0.16 0.03 -0.15 0.03 -0.16 0.58 -3.26 -0.06 0 0.81 -4.2 0.6 -3.41 0.05 0 0.35 -1.83 0.67 -3.54 -6.35 -15.17 -23.13 -12.78 -1.72 -16.47 0.03 -1.04 3.65 -20.67 5.19 -2.46 1.6 -12.63 -14.28 -9.31 -0.41 -24.66 -8.65 -9.81 -0.94 -2.46 -0.19 -10.26 -13.61 -24.74 -0.46 -1.94 0.45 -15.33 -20.52 -26 -0.8 -1.95 -1.18 -11.09 -12.78 -0.1 -0.01 0 -6.73 -10.88 -8.62 1.37 0 0 -0 0 -2.53 -0.49 -11.71 -6.97 -11.57 2.28 -0 0 -0.95 0.06 0 0 -0 0 -20.27 -1.24 -0 0 -8.73 -23.11 -0.16 -0.59 -4.4 -21.84 -0.06 -1.16 2.69 -23.99 -6.72 -10.46 -0.51 -1.22 -4.44 -19.54 -0.09 -1.15 1.09 -13.13 1.31 -2.56z"/>
   <path class="fil4" d="M1375.02 1556.43l-0.18 7.1 -3.7 0 -1.63 -0.37 -8.27 -3.92 -0.04 -4.35 -9.33 -6.87 -10.58 -6.5 -1.05 -6.69 -10.65 -0.64 -0.54 -10.37 -7.78 -0.2 -0.77 3.55 -13.3 1.12 -3.04 -3.88 -8.61 1.37 -6.66 6.5 -11.84 -2.5 -7.78 1.86 -10.16 5 -4.73 -4.82 -1.11 0.79 -0.4 4.96 2.65 10.84 -18.01 17.28 -0.69 0.52 -8.72 5.24 0.05 10.45 -11.96 -0.96 -9 7.94 -11.09 -5.16 -7.72 2.3 -7.4 6.88 2.46 8.04 -5.35 4.77 -3.29 11.94 -0.73 1.4 -12.27 14.95 -16.64 0.62 -3.94 -8.28 -12.24 -7.7 -4.96 1.74 -2.05 3.62 -2.25 1.78 -4.25 1.23 -8.6 13.21 -0.6 0.71 -11.52 10.73 -9.15 16.49 -17.63 4.49 -10.54 3.67 -1.46 0.21 -11.03 -0.64 -4.8 -5.43 -14.1 2.87 -7.22 4.52 -2.48 0.54 -12.74 -1.62 -1.78 -0.7 -9.26 -6.8 -7.8 0.58 -2.53 -0.74 -6.97 -5.18 -0.22 5.85 -13.56 4.27 -9.37 -8.61 -0.27 -7.5 -12.47 -2.61 -0.74 -0.24 -9.7 -4.22 -8.19 4.83 -11.18 17.69 -1.95 1.56 -12.33 4.38 -7.01 6.78 -2.7 15.58 -12.89 -1.16 -15.6 5 -20.83 11.35 -8.04 8.26 7.55 6.28 1.28 2.06 3.65 15.47 -8.19 8.17 3.04 5.52 0.4 2.5 -2.18 12.14 3.26 10.2 10.88 2.54 -9 13.46 6.33 1.9 1.12 0.55 15.44 10.96 49.37 6.04 0.5 14.41 8.06 11.89 -6.59 13.04 -5.17 0.64 2.23 6.26 15.2 -1.76 0.63 -0.02 26.09 1.36 19.66 -2.46 1 0.02 14.89 2.15 18.43 -4.22 0.52 -0.07 11.59 -1.04 17.07 -7.75 1.61 -0.33 18.55 0.26 6.96 -5.33 1.39 -0.67 15.96 -4 1.37 -0.09 18.78 2.29 1.34 0.43 18.07 9.67 1.79 2.02 2.22 5.99 23.59 -4.39 0.43 -0.06 16 -1.12 7.93 -17.2 0.22 -0.4 11.74 -19.05 15.5 5.46 8.5 -4.46 1.38 -8.4 1.43 -2.4 13.67 -10.53 4.81 12.28 12.84 -0.81 -2.21 17.08 1.68 0.56 8.96 -5.51 7.83 6.53 5.52 -3.28 2.68 -0.46 15.4 3.1 14.62 -2.15 -0.81 -11.7 -2.84 -14.27 16.62 -8 6.69 4.64 12.82 1.13 5.42 -1.71 1.97 -16.45 17.29 5.71 17.25 -8.54 0.03 -10.61 0.49 -1.88 6.92 -12.22 1.26 -1.33 10.02 -6.4 12.91 6.13 1.61 11.71 6.37 6.3 1.09 2.13 1.2 7.9 12.85 5.13 1.71 1.35 4.65 6.65 19.82 -5.41 3.29 -1.82 1.54 -10.02 15.36 -8.43 5.66 -7.43 9.65 0.17 -3.39 -5.68 11.04 -7.79 0.61 -16.37 16.43 5.65 12.35 -6.85 10.08 13.98 0.71 2.15 0.16 8.16 13.98 -1.52 2.76 9.93 6.01 -0.81 8.76 -10.3 7 -16.54 16.74 0.81 1.17 -5.64 0.94 -1.83 8.38 -9.03 1.37 -0.94 14.28 -5.71 11.79 6.68 15.73 1.36 1.76 0.63 4.57 3.01 -4.2 -12.17 -0.19 -1.56 0.67 -7.52 -4.42 -5.35 2.65 -7.6 1.56 -1.96 0 -0 1.76 -1.11 -2.12 -1.97 -1.22 -2.54 -1.05 -15.01 0 -0 3.44 -3.74 -3.44 -2 1.13 -18.13 0.46 -1.61 2.65 -4.83 -1.36 -13.04 0 0 0 0 6.8 -3.4 0 0 -1.41 -13.71 -4.92 -6.64 0 -0 0 -0 4.68 -5.68 2.31 -32 1.81 -11.41 -6.87 -0.41 -2.17 -0.85 -4.89 -3.97 -10.05 8.13 -1.94 -5.6 -1.96 1.01 -2.46 0.35 -8.36 -1.6 -4.31 -7.46 -5.28 -2.62 -1.85 -2.01 -1.22 -3.07 -0.43 1.13 -16.69 -1.05 -4.6 7.58 -25.52 -12.04 -8.55 -0.09 -6.51 -7.82 -8.31 -1.31 -12.11 0.09c0.18,2.21 0.41,4.43 0.62,6.64l-13.64 8.3 -0.31 0.57 6.51 4.67 1.52 2.37 1.72 8.7 -14.17 0.8 -7.54 7.6 -10.48 -7.21 0.72 -6.61 -5.12 -0.67 -6.07 10.46 -11.3 -11.48 3.96 -4.87 -6.15 -10.3 -6.14 0.44 -2.58 -0.78 -8.5 -6.5 -3.59 2.74 -2.85 10.29 -1.59 2.17 -8.22 5.33 -13.02 -9.9 -7.26 3.26 -17.19 12.66 -0.94 0.51 -14.79 5.43zm141.16 -37.75l0.34 -0.14 -0.83 -0.9 -1.24 1.74 1.72 -0.7z"/>
   <path class="fil4" d="M1704.98 128.78l-1.67 -28.94 -2.64 -2.91 -0.34 0.85 -0.79 1.24 -7.77 8.08 -1.21 0.83 -22.47 9.99 -12.86 8.06 -7.33 14.18 -0.36 0.57 -12.63 16.44 -0.81 8.27 -1.09 2.31 -6.69 6.72 -0.7 0.57 -29.16 17.92 -0.01 -0.01m-8.96 -10.58l-14.33 11.26 -0.01 -0.02m-8.21 -9.67l-2.64 -0.49 -11.92 9.26 -7.85 -3.02 -12.97 6.19 -0.91 0.3 -14.48 2.84 -39.29 18.62 -0.4 0.17 -26.4 9.02 -0.52 0.13 -23.26 4.39 -22.89 9.34 -1.25 0.27 -0.02 0m-6.96 0.33l-4.7 7.96 3.86 6.69 -5.11 10.19 -0.02 0m-22.78 -8.3l-13.85 6.68 5.31 9.65 -0.02 0m-15.28 -0.9l-3.06 4.65 2.89 4.61 -0.01 0.01m-2.03 5.63l0 0.01 -229.38 75.39 -1.01 0.18 -0.02 0m-19.34 0.9l-35.67 4.51 -0.01 0m-32.78 -5l-12.89 9.06 -0.01 -0m-4.53 -3.65l6.83 7.5 -16.74 5.74 -1.34 0.19 -0.02 0m-56.54 -1.72l-0.03 2.79 -1.15 2.68 -3.7 3.63 0.44 11.72 -11.37 0.65 -7.67 5.3 -3.76 9.59 -1.06 1.49 -6.81 5.9 -0.92 11.04 4.16 18.28 7.1 11.05 0.58 2.47 -2.78 24.77 4.21 20.89 6.89 18.25 14.85 0.91 12.52 -2.47 2.67 0.48 11.79 7.02 12.27 -1.96 7.19 11.63 15.38 0.12 1.78 16.76 20.69 26.22 0.82 2.46 -0.46 15.65 13.56 24.65 0.46 1.77 0.18 9.8 8.65 9.82 0.94 2.46 0.36 22.03 14.89 9.71 -2.72 21.5 -5.38 2.55 -2.88 16.3 1.24 11.95 20.81 11.5 1.68 1.87 7.3 17.46 0.22 2.18 -0.95 4.97 0.35 -0c39.45,-0.45 78.91,-0.9 118.37,-1.34l2.04 -0.02 2.04 -0.02 0 0 8.41 11.52 1.78 -1.56 -8.19 -10.81 0 0 24.43 -5.13 0 0 0.94 -0.07 0 0 21.3 0.96 0 0 2.62 1.22 0 0 7.47 8.08 0 0 1 2.16 0 0 1.25 11.25 0 0 6.2 9.61 0 0 0 0 12.86 -8.88 6.3 16.4 -8.88 10.02 4.31 7.55 0 0 17.18 8.76 0 0 9.75 -0.43 0 0 0.38 0.61 0 0 0.38 0.61 0 0 0.38 0.6 0 0 0.38 0.61 0 0 0.38 0.61 0 0 0.38 0.6 0 0 0.38 0.61 0 0 0.38 0.6 0 0 0.38 0.61 0 0 0.38 0.6 0 0 0.38 0.61 0 0 0.38 0.6 0 0 0.38 0.6 0 0 0.38 0.61 0 0 0.38 0.6 0 0 0.38 0.61 0 0 0.37 0.6 0 0 0.37 0.6 0 0 0.37 0.6 0 0 0.37 0.6 0 0 0.37 0.61 0 0 0.38 0.6 0 0 0.38 0.6 0 0 0.37 0.6 0 0 0.37 0.61 0 0 0.38 0.6 0 0 0.37 0.6 0 0 0.38 0.6 0 0 0.37 0.61 0 0 0.37 0.6 0 0 0.37 0.6 0 0 0.37 0.61 0 0 0.37 0.6 0 0 0.37 0.6 0 0 0.37 0.61 0 0 0.37 0.6 0 0 0.37 0.61 0 0 0.37 0.6 0 0 0.37 0.61 0 0 0.37 0.6 0 0 0.37 0.61 0 0 0.37 0.61 0 0 0.37 0.61 0 0 0.37 0.6 0 0 0.37 0.61 0 0 0.37 0.61 0 0 0.37 0.61 0 0 0.37 0.61 0 0 0.37 0.61 0 0 0.37 0.61 0 0 0.37 0.61 0 0 0.37 0.61 0 0 0.37 0.61 0 0 0.37 0.61 0 0 0.37 0.61 0 0 0.37 0.61 0 0 0.37 0.61 0 0 0.37 0.61 0 0 0.37 0.61 0 0 0.37 0.61 0 0 0.37 0.61 0 0 0.37 0.61 0 0 0.37 0.61 0 0 0.37 0.61 0 0 10.27 0 0 0 2.57 1.02 0 0 11.71 10.75 17.4 11.63 0 0 19.67 7.95 0 0 13.14 2.3 0.86 -13.67 0 0 14.72 0.61 10.35 -6.87 0 0 1.04 -0.48 0 0 27.64 -8.04 1.66 -15.11 0 0m9.81 -147.39l-3.43 -10.4 0 0 0 0 8.22 -11.98 0 0 25.32 -2.78 0 0 0 0 1.06 0.03 0 0 20.22 3.53 8.35 -10.22 -1.52 -9.35 13.57 -6.56 0.12 -5.56 20.46 -19.55 0 0 0 -0 7.8 12.65 6.7 0.96 1.89 -4.53 2 -2.02 509.4 -223.36 -0.12 -8.93 3.09 -2.32 0.75 -4.1 -6.8 -6.8 -1.07 -2.06 -3.19 -18.49 -23.57 -20.09 0 -28.06 -3.45 -2.96 -0.97 -1.28 -6.15 -13.18 10.04 -6.94 1.23 -16.65 0.37 -1.37 15.06 -31.48 0.82 -1.13 22.59 -21.21 1.92 -0.97 16.98 -3.14 3.8 -5.22 -0.7 -13.41 25.24 -23.8 2.61 -1.04 3.35 0 3.79 -3.37 0 -5.13 0.88 -2.41 10.9 -13.23 5.91 0.65 6.7 -10.05 9.16 -22.89 0 -9.75 5.93 -5.92 2.68 -1.12 8.93 0 3.25 -1.22 6.21 -14.91 0.67 -1.06 11.41 -12.93 5.94 0 7.53 -10.26 3.56 0 1.44 -1.76 -15.35 -15.35 -1.11 -2.39 -0.54 -6.71 -3.52 -2.34 -10.29 0.82 -4.24 -13.85 -8.16 -4.89 -26.72 -0.66 -2.2 -0.77 -9.93 -7.53 -1.46 -2.38 -2.57 -14.75 -3.02 -3.67 -38.29 -0.36 0 -2.81 -5.31 -0.16 -1.61 2.81 -1.85 1.62 -8.73 3.66 -3.09 15.48 -13.84 5.19 -2.44 -6.92 -12.52 0 -23.73 7.09 -18.86 74.08 0 12.91 11.83 21.02 0.39 1.03 3.03 13.4 -7.46 4.1 -0.62 19.04 -0.43 1.67 -18.27 34.38 -7.72 1.78 -12.03 -7.78 -13.96 0 -12.1 10.03 -11.65 37.91 -1.1 1.72 -15.4 13.69 -1.44 0.8 -59.71 18.03 -3.82 4.96 -16.83 0 -7.53 -10.61 -5.68 0 -31.32 -38.97 -0.82 -1.96 -2.54 -22.71 -14.82 -23.54 -33.38 -12.31 -1.59 -1.11 -38.01 -44.74 -22.82 -7.17 -0.15 -2.64"/>
   <path class="fil4" d="M1705.1 128.96l-1.67 -28.94 -2.65 -2.91 -0.33 0.85 -0.79 1.24 -7.77 8.08 -1.21 0.83 -22.47 9.99 -12.86 8.06 -7.33 14.18 -0.35 0.57 -12.63 16.44 -0.81 8.27 -1.09 2.31 -6.69 6.72 -0.7 0.57 -29.16 17.92 -8.97 -10.59 -14.34 11.26 -8.21 -9.69 -2.65 -0.49 -11.92 9.26 -7.85 -3.02 -12.98 6.19 -0.91 0.3 -14.48 2.84 -39.29 18.62 -0.4 0.17 -26.4 9.02 -0.52 0.13 -23.26 4.39 -22.89 9.34 -1.25 0.27 -6.97 0.33 -4.7 7.96 3.86 6.69 -5.11 10.19 -11.03 -0.62 -2.01 -0.7 -9.75 -6.99 -13.85 6.68 5.31 9.65 -15.3 -0.89 -3.06 4.65 2.89 4.61 -2.67 1.68 0.63 3.97 -229.37 75.38 -1.02 0.18 -19.36 0.9 -35.67 4.51 -1.62 -0.15 -8.85 -2.81 -22.32 -2.04 -12.89 9.06 -4.59 -3.71 6.89 7.55 -16.74 5.74 -1.34 0.19 -56.55 -1.72 -0.04 2.79 -1.15 2.68 -3.71 3.63 0.45 11.72 -11.38 0.65 -7.67 5.3 -3.75 9.59 -1.06 1.49 -6.81 5.9 -0.91 11.04 4.15 18.28 7.11 11.05 0.58 2.47 -2.77 24.77 4.2 20.89 6.89 18.25 14.85 0.91 12.52 -2.47 2.67 0.48 11.79 7.02 12.27 -1.96 7.19 11.63 15.38 0.12 1.78 16.76 20.69 26.22 0.82 2.46 -0.46 15.66 13.56 24.65 0.46 1.77 0.18 9.8 8.66 9.82 0.94 2.46 0.36 22.03 14.89 9.7 -2.73 21.5 -5.38 2.55 -2.88 16.3 1.24 11.95 20.81 11.5 1.68 1.88 7.3 17.46 0.22 2.18 -0.95 4.97 122.8 -1.39c11.09,15.2 13.82,14.78 2,-0.83l24.44 -5.13 0.94 -0.07 21.3 0.96 2.62 1.22 7.47 8.08 1 2.16 1.25 11.25 6.2 9.61 12.86 -8.88 6.3 16.4 -8.88 10.02 4.31 7.55 17.18 8.76 9.75 -0.43c8.18,12.93 16.11,25.69 24.07,38.75l10.27 0 2.58 1.01 11.72 10.75 17.39 11.63 19.67 7.95 13.14 2.3 0.86 -13.67 14.72 0.61 10.35 -6.87 1.04 -0.48 27.64 -8.04 1.66 -15.11 9.42 -5.24 5.02 -8.02 0.25 -17.12 -6.9 -6.4 -12.11 -2.07 -1.14 -12.43 0.44 -2.18 3.59 -6.54 1.17 -35.37 1.15 -2.61 6.37 -6.17 0.99 -11.71 -5.39 -9.98 -0.44 -1.74 -0.24 -13.37 7.64 -6.44 -3.43 -10.4 8.23 -11.98 25.32 -2.78 1.06 0.03 20.22 3.53 8.35 -10.23 -1.52 -9.35 13.57 -6.56 0.12 -5.56 20.46 -19.55 7.8 12.65 6.7 0.96 1.89 -4.53 2 -2.03 509.4 -223.31 -0.13 -8.97 3.09 -2.32 0.74 -4.1 -6.8 -6.8 -1.07 -2.06 -3.19 -18.49 -23.57 -20.09 0 -28.06 -3.45 -2.96 -0.97 -1.28 -6.15 -13.17 10.04 -6.94 1.23 -16.65 0.37 -1.37 15.06 -31.48 0.82 -1.13 22.59 -21.21 1.92 -0.97 16.98 -3.14 3.8 -5.22 -0.7 -13.41 25.24 -23.79 2.61 -1.04 3.35 0 3.79 -3.37 0 -5.14 0.88 -2.41 10.9 -13.23 5.91 0.66 6.7 -10.05 9.16 -22.89 0 -9.75 5.93 -5.92 2.68 -1.12 8.93 0 3.24 -1.22 6.21 -14.91 0.67 -1.06 11.41 -12.93 5.94 0 7.53 -10.26 3.56 0 1.45 -1.76 -15.35 -15.35 -1.12 -2.4 -0.54 -6.71 -3.52 -2.34 -10.29 0.83 -4.23 -13.85 -8.17 -4.89 -26.72 -0.66 -2.2 -0.77 -9.93 -7.53 -1.46 -2.38 -2.57 -14.76 -3.02 -3.66 -38.29 -0.36 0 -2.81 -5.31 -0.16 -1.61 2.81 -1.85 1.62 -8.73 3.66 -3.1 15.48 -13.84 5.19 -2.44 -6.92 -12.52 0 -23.74 7.08 -18.86 74.08 0 12.91 11.83 21.02 0.39 1.03 3.03 13.4 -7.46 4.1 -0.61 19.04 -0.43 1.67 -18.27 34.37 -7.71 1.78 -12.04 -7.78 -13.96 0 -12.1 10.03 -11.65 37.91 -1.1 1.72 -15.4 13.69 -1.44 0.81 -59.71 18.02 -3.82 4.97 -16.83 0 -7.53 -10.61 -5.68 0 -31.31 -38.97 -0.82 -1.96 -2.54 -22.71 -14.82 -23.54 -33.38 -12.31 -1.59 -1.12 -38.01 -44.74 -22.82 -7.17 -0.15 -2.63z"/>
   <path class="fil4" d="M2091.25 440.37l-502.49 220.33 -3.58 8.58 -16.05 -2.31 -4.75 -7.7 -11.4 10.89 -0.15 7.06 -12.65 6.11 1.16 7.12 -13.34 16.34 -24.08 -4.21 -21.27 2.33 -4.11 5.99 3.86 11.7 -8.83 7.44 0.16 8.81 5.51 10.19 0.44 2.11 -1.21 14.24 -1.15 2.41 -6.3 6.1 -1.15 34.75 -0.46 1.71 -3.47 6.32 0.5 5.43 7.47 1.28 1.95 0.97 10.2 9.46 -0.31 21.56 -0.58 1.96 -6.11 9.76 -1.37 1.31 -6.82 3.8 -1.78 16.26 -31.96 9.29 -10.9 7.23 -2.25 0.63 -8.52 -0.35 -0.93 14.74 -21.88 -3.83 -0.76 -0.22 -20.43 -8.26 -0.7 -0.37 -18 -12.04 -0.46 -0.36 -10.81 -9.92 -13.06 0 -14.04 -23.04 -9.84 -15.55 -6.37 0.28 -1.89 -0.4 -19.07 -9.72 -1.58 -1.5 -7.58 -13.26 9.45 -10.67 -1.18 -3.07 -11.38 7.86 -10.94 -16.96 -0.58 -1.64 -1.21 -10.91 -5.55 -6 -19.26 -0.87 -12.21 2.56 5.21 6.87 -13.36 11.69 -11 -15.07 -120.39 1.36 -1.83 10.32 4.74 11.86 0.06 2.7 -3.7 10.36 2.11 15.18 5.76 7.66 -10.6 16.29 -9.81 1.29 -1.4 3.97 6.97 6.86 -14.33 7.28 -0.35 5.73 -0.37 1.42 -4.28 8.91 7.17 2.09 2.54 15.37 -13.74 -0.43 -3.61 7.87 -1.02 8.84 -0.61 1.67 -5.52 8.33 -0.37 11.11 8.73 7.76 -5.52 13.37 11.5 4.52 -8.06 13.3 0.47 5.85 3.45 -0.22 2.61 0.82 4.93 3.91 10.5 -0.99 2.49 11.96 11.93 5.33 -2.45 15.05 0.48 18.39 4.79 18.74 0.11 0.8 0.74 20.31 -0.15 1.22 -2.46 8.15 -0.34 0.79 -4.47 7.82 2.19 6.23 0.18 1.76 -2.21 16.07 6.51 11.77 -10.25 2.68 -4.13 5.8 3.76 5.44 0.55 1.19 3.53 13.42 8.43 3.93 -2.5 10.04 3.06 3.5 0.78 1.37 5.38 17.1 8.61 7.46 0.57 0.59 8.36 11.2 -2.91 9.53 5.25 9.92 5.46 10.03 0.4 1.09 1.87 9.48 0.03 1.3 -0.87 5.78 2.45 0.56 5 9.8 0.36 2.35 -0.56 3.3 9.17 7.12 -0.83 17.38 -0.48 1.67 -5.51 9.92 3.4 3.79 5.51 2.61 8.17 -4.41 1.5 -0.45 9.17 -0.75 8.05 8.78 16.44 -6.06 11.28 -6.44 4.58 -4.67 -6.54 -4.77 6.5 -16.84 0.34 -0.69 5.36 -8.31 1.37 -1.28 10.74 -5.93 2.07 -0.46 10.67 0.7 8.52 -10.18 10.07 16.23 8.22 -8.44 1.86 -1.06 13.75 -3.25 2.19 0.15 10.2 3.81 -1.12 7.47 9.1 -0.03 14.37 -3.37 1.68 0 6.05 1.36 6.16 -5.63 12.96 6.89 15.16 -0.12 9 -1.88 5.92 -6.33 12.15 4.93 0.73 0.4 5.93 4.11 3.05 -9.1 7.58 -1.81 0.53 -9.04 0.57 -1.79 5.63 -9.09 3.69 -11.58 9.89 -4.18 2.47 -0.17 8.62 2.37 11.18 -1.01 5.48 4.85 3.57 -0.12 6.69 -4.83 2.28 -0.72 18.01 0.32 11.28 -2.06 1.78 0.11 11.87 3.63 1.98 10.27 4.72 -0.93 8.63 -3.05 1.02 -0.21 3.91 -0.27 0.55 -2.66 1.15 -2.03c6.5,-5.97 13.01,-11.93 19.54,-17.87l2.71 -0.98 19.42 0.83 -2.96 11.13 2.71 -0.07 9.47 -4.43 1.43 8.17 11.71 -3.65 2.16 7.26 2.61 1.08 4.11 -5.19 9.53 0.27 2.01 0.64 2.61 1.75 13.26 -4.3 -1.98 12.29 1.32 2.07 4.51 -1.82 1.44 -0.27 8.43 0.07 7.64 8.17 0.55 0.74 7.16 12.8 0.43 1.27 1.79 11.53 -3.86 4.72 1.14 8.43 -4.8 2.24 -3.32 10.51 1.28 4.48 8.35 -0.35 1.97 7.67 3.68 2.93 7.54 -1.18 4.42 16.06 -8.38 -0.12 -0.08 0.12 3.43 1.68 -0.61 1.49 7.94 4.8 8.17 0.77 4.32 12.94 6.08 9.24 -3.07 6.38 1.48 2.91 0.27 2.77 -3.51 12.2 -0.16 9.35 -3.71 3.27 2.16 4.31 0.4 1.92 -0.78 12.37 -1.18 2.53 -7.31 6.98 -2.32 1.04 -2.47 0.2 -8.44 15 5.76 6.08 -0.91 12.48 -11.21 -2.51 -0.72 6.02 -8.32 3.98 0.03 11.03 12.22 12.02 1.12 2.26 1.37 11.35 3.69 4.3 11.59 0.33 -5.01 14.47 1.93 14.66 -0.02 1.09 -2.39 14.98 -2.39 33.11 -0.87 2.15 -1.69 2.04 2 2.7 0.73 1.88 2.06 19.99 -6.8 3.4 0.94 8.98 -0.44 2.22 -2.82 5.13 -0.79 12.61 7.54 4.39 -7.61 8.3 0.72 10.28 8.26 7.65 -9 5.69 -0.8 2.31 2.69 3.26 0.85 2.74 -0.74 8.26 1.57 4.56 21.62 -15 1.43 -0.61 15.79 -3.09 19.68 -6.21 2.09 -0.04 25.52 6.57 1.44 0.72 5.37 4.32 11.61 1.6 1.79 0.74 4.51 3.45 17.62 -1.17 1.74 0.31 14.87 6.45 1.96 7.97 8.94 -0.93 1.67 0.2 6.87 2.47 17.67 -4.66 10.3 10.21 17.68 -16.38 -0.26 -13.48 8.04 -4.02 15.79 -18.93 1.96 -1.25 5.67 -1.47 2.55 -8.36 0.72 -1.34 24.03 -28.65 1.04 -0.86 6.5 -3.71 0.65 -7.83 1.04 -2.31 7.51 -7.91 1.56 -8.15 0.07 -0.33 6.69 -23.33 0.76 -9.28c0.72,-4.5 1.63,-9.05 2.45,-13.54l11.11 -2.93 5.24 -14.24 0.81 -1.3 7.47 -7.93 4.19 -10.84 16.95 -5.89 9.93 -16.11 1.71 -1.49 4.95 -2.17 -0.51 -4.73 0.46 -2.25 5.42 -9.72 3.94 -17.75 0.46 -1.15 7.49 -12.34 1.63 -17.92 1.12 -2.37 7.68 -7.52 1.83 -1 10.63 -2.39 3.98 -7.31 3.38 -6.41 -6.2 -0.71 -2.53 -1.4 -6.55 -8.11 5.6 -13.72 18.93 -6.3 8.13 -13.37 2.52 -15.26 -3.66 -4.22 -0.45 -0.64 -8.37 -15 -0.48 -2.01 0.75 -17.2 14.45 -10.99 2.22 -0.78 7.36 -0.17 8.1 -7.76 -3.46 -12.5 0.1 -2.37 6.11 -16.03 1.61 -1.91 18.38 -10.97 8.29 9.96 14.88 2.81 8.88 -1.18 3.44 -8.53 5.87 2.33 -0.6 -12.6 10.83 3.42 0.52 -0.55 -2 -8.48 15.98 -9.67 4.94 7.46 1.7 -0.28 2.81 -10.11 11.12 8.95 1.7 0.58 6.44 -9.08 6.42 14.72 8.97 -0.17 0.29 10.3 0.22 0.03 1.7 -4.62 0.89 -1.39 11.5 -11.48 1.09 -8 -3.22 -8.47 3.88 -3.54 -1.52 -1.68 -0.98 -2.55 -0.04 -11.13 6.15 -3.62 -5.93 -14.02 8.23 0.9 -0.89 -2.89 0.03 -2.31 4.07 -12.24 11.37 -1.61 2.2 0.36 4.25 2.1 2.4 -1.26 0.19 -3.01 1.26 -2.62 12.3 -10.97 31.72 6.56 12.83 -5.32 10.26 4.29 9.72 -3.6 2.04 -0.17 5.03 0.98 4.72 -6.89 11.59 -1.41 -0.35 -5.33 0.37 -1.89 5.11 -10.5 -0.49 -4.09 -12.46 -9.42 19.1 -9.79 5.89 -9.76 0.79 -0.93 10.44 -8.92 7.02 1.2 1.57 -1.89 -35.87 -12.2 -19.93 -0.74 -3.28 -5.23 -6.49 0.46 -21.2 11.26 -1.91 0.43 -19.76 -0.65 -13.69 5.21 -1.35 0.25 -6.61 0 -2 -4.67 -12.81 0.64 -21.95 -23.35 -10.65 -5.32 -3.54 3.54 -2.68 1.12 -10.07 0 -3.68 3.67 -2.68 1.11 -13.29 0 -2.74 -5.47 -16.15 0 -1.28 -0.22 -9.58 -3.42 -1.95 -1.58 -6.85 -10.95 -0.58 -2.01 0 -23.93 4.8 -3.2 2.37 -6.31 -3.4 -1.36 -1.85 -1.58 -5.08 -8.46 10.73 -27.16 1.96 -55.5 -3.89 -2.92 -1.41 -2.11 -4.5 -17.97 -6.59 -5.49 -14.93 -3.89 -2.18 -1.52 -7.53 -10.94 -0.67 -2.41 1.96 -28.83 -6.11 -9.17 -0.64 -2.38 1.29 -18.05 -11.09 -20.22 -0.48 -1.83 0 -32.52 -4.26 -7.45 -6.81 -2.27 -2.13 -1.76 -32.86 -58.85 -0.36 -0.86 -15.75 -58.85 -0.13 -0.98 0 -16.76 5.39 -4.72 -0.49 -9.3 -7.36 -5.09 -1.24 -1.43 -2.87 -5.74 7.25 -4.83 0 -10.28 0.34 -1.55 8.22 -18.47 1.37 -1.63 7.03 -4.68 7.73 -28.32 2.71 -40.04 0.57 -1.74 5.96 -9.63z"/>
</svg>`,

    "Norte": `<svg xmlns="http://www.w3.org/2000/svg" width="100%" height="100%" viewBox="0 0 2820 2782">
   <path class="fil8" d="M2249.37 512.49l-15.88 5.19 -1.31 6.58 -9.69 2.29 -13.1 13.23 -8.51 -3.59 -8.15 4.92 -13.7 11.46 -16.11 -12.82 -6.23 5.87 -6.85 -4.56 -14.93 15.2 -8.36 -8.69 -16.93 8.62 -8.08 -10.17 -12.63 5.04 -13.69 16.55 -9.15 -3.35 -28.21 5.9 -1.76 -0.04 -15.95 -4.26 -1.3 -0.64 -10.39 -7.81 -1.2 -1.52 -2.94 -6.73 -8.5 0.89 -2.38 -0.54 -15.84 -9.73 -3.6 -16.3 -13.15 -4.4 -1.93 -6.6 -22.25 -1.02 -11.82 15.58 -4.8 11.76 0 0 -5.24 15.22 2.73 18.76 -0.25 1.98 -3.85 9.34 0.57 18.6 -11.96 -0.91 -3.47 2.26 6.22 15.67 -3.93 4.59 2.01 3.99 0.39 2.16 -1.74 14.53 -0.33 1.15 -8.58 18.46 -0.25 0.46 -9.7 15.09 0.07 9.93 17.11 10.5 19 6.96 0 0 0 0 -0.09 16.07 2.28 1.32 3.14 -3.66 1.02 -12.87 19.52 -13.94 2.81 -0.65 11.46 1.9 13.15 -9.65 0 0 0 0 10.74 15.81 0.61 2.72 -1.89 11.79 2.78 4.29 4.9 4.85 12.69 2.14 0 0 0 0 9.5 26.24 0 0 8.62 7.85 13.72 3.23 0 0 0 0 8.93 20.61 21.1 7.67 0 0 0 0 5.58 13.02 12.72 -3.41 0.02 -0 3.93 -1.06 0 0 2.96 15.53c0.04,0.25 0.06,0.5 0.06,0.76l-0.21 11.01c0.06,0.96 -0.25,1.94 -0.93,2.73l-18.11 20.81c-0.13,0.15 -0.28,0.29 -0.43,0.42l-21.25 17.78 -20.15 19.38 -7.69 16.79 -0.89 13.94 2.26 18.11 2.94 14.34c0.07,0.35 0.09,0.72 0.06,1.1l-1.48 15.98 0 0.01 0 0.01 0 0 0 0.01 0 0.02c-0,0.08 -0.02,0.16 -0.02,0.24l0 0.01 -0 0.01 0 0.01 -0.16 1.7 -14.92 9.44 -6 20.31 -2.4 22.22 -5.38 3.26 -3.11 14.97c-0.11,0.52 -0.33,1.03 -0.67,1.49l-9.54 12.89c-0.52,0.8 -1.33,1.4 -2.33,1.63l-9.78 2.3 -11.58 11.81 -7.96 15.72 -1.22 30.74 1.23 14.64 9.98 7.75c0.74,0.57 1.27,1.42 1.43,2.41 3.8,23.6 3.93,15.4 1.77,37.26l4.65 -1.28 0 -0 1.86 -0.04 18.17 4.19 0.78 0.27 13.09 6.18 15.22 0.98 2.53 1.19 10.1 10.77 8.94 -2.12 16.11 -8.41c12.67,-11.11 7.39,-8.39 22.8,-13.41l2.85 0.21 10.03 4.92 2.53 -2.55 0 -0 0 0 2.34 -1.1 9.98 -0.97 5.4 -3.75 0.06 -10.65 -6.46 -10.43 8.11 -6.66 8.34 -13.67c5.37,-20.81 -0.7,-19.19 13.2,-15.51l11.02 -8.64 3.63 -10.7 0.46 -0.91 7.78 -11.5 -1.88 -19.43 15.54 -14.69 -0.67 -8.87 0.63 -2.37 8.33 -12.67 0.88 -0.94 5.46 -4.15 1.47 -24.83 20.31 -13.06 17.52 -17.37 0.28 -6.65 -1.09 -11.28 0.31 -1.91 4.94 -11.05 0 0 0 -0 20.61 -5.97 6.22 -3.83 3.48 -2.14 0 0 0 -0 1.53 -0.53 0.01 -0 16.85 -2.07 14.27 -6.14 0 0 12.29 -18.24 5.28 -12.87 -3.55 -7.93 -8 -8.35 5 -12.54 0 0 0 -0 20.43 2.64 0 0 3.33 -1.99 0.52 -7.86 0.01 -0 6.35 -5.48 -3.56 -7.44 0.01 -0 12.9 -11.85 0 -0 15.39 6.87 21.38 -1.16 1.24 12.17 0.01 0.6 -0.6 9.87 4.09 4.86 8.7 -1.63 0 0 0.67 -0.06 6.2 -0.05 7.73 -20.76 5.36 -10.76 0.73 -12.62 11.01 -9.02 -4.13 -5.86 -0.67 -2.57 1.52 -14.48 5.33 -3.07 -3.28 -25.22 0.21 -1.82 6.96 -18.33 -7.56 -7.15 -1.17 -2.26 -1.57 -11.57 -3.99 -8.51 3.95 -6.87 0.04 -7.65 -5.11 -5.47 6.06 -12.61 4.96 -1.2 -3.03 -20.3 0.42 -2.34 7.32 -13.7 0.57 -9.45 0.49 -1.65 3.06 -5.41 -2.3 -5.54 5 -5.73 -1.92 -3.35 -0.46 -2.37 1.62 -12.8 -5.92 -1.39 -2.22 -1.48 -7.35 -10.12 -0.71 -2.34 0.45 -14.77 6.3 -3.3 3.67 -8.54 -6.04 -3.72 -1.24 -1.22 -9.8 -15.66 17.48 -14.81 14.69 2.89 -0.44 -6.52 -7.2 -6.96 -20.09 -3 5.59 -18.44 -0.18 -13.52 0.36 -1.67 4.49 -9.45 -2.83 -7.68 -4.89 3.04 -9.3 -12.58 -0.45 -0.77 -4.65 -10.94 -12.78 -5.69 -1.83 -12.1 -6.56 -0.51 -2.01 6.27 -9.67 -6.21 -9.09 -2.04 -12.92 2.9 1.19 3.23 -0.01 2.65 -2.24 5.88 3.09 7.73 -4.85 9.08 5.49 12 -17.8 13.06 -7.4 17.35 -1.61 31.15 -16.8 -2.85 -12.28 6.43 -8.99 8.89 -8.92 -2.11 -14.02 4.45 -16.71 -11.03z"/>
   <polygon class="fil8" points="1844.23,2500.85 1844.23,2500.85 1839.12,2489.8 1838.82,2488.87 1837.92,2483.8 1836.07,2478.49 1831.26,2474.91 1831.25,2474.91 1818.46,2469.07 1818.46,2469.07 1817.33,2468.3 1817.32,2468.3 1812.35,2463.28 1812.35,2463.27 1812.52,2455.5 1806.45,2456.2 1806.44,2456.2 1806.44,2456.2 1799.92,2449.76 1799.92,2449.76 1795.72,2449.32 1793.15,2447.94 1793.15,2447.93 1791.05,2445.36 1791.05,2445.36 1771.17,2454.11 1754.53,2464.43 1751.97,2471.39 1754.64,2482.85 1742.5,2488.19 1741.16,2494.13 1729.46,2496.41 1727.3,2502.25 1714.63,2505.04 1704.57,2498.08 1703.5,2496.96 1698.41,2488.79 1689.7,2488.56 1688.89,2493.15 1681.44,2496.54 1679.87,2496.86 1673.2,2496.82 1666.1,2499.75 1658.92,2507.67 1646.02,2507.09 1644.62,2506.76 1639.09,2504.26 1632.87,2510.02 1627.11,2508.49 1616.87,2518.41 1610.89,2516.03 1609.7,2517.88 1610.33,2521.73 1615.7,2532.1 1610.51,2538.67 1606.78,2559.36 1606.44,2560.4 1600.8,2571.56 1584.51,2576.2 1581.52,2580.89 1584.47,2589.8 1593.86,2598.65 1587.52,2609.16 1577.9,2607.18 1573.74,2608.69 1573.13,2619.68 1578.3,2622.33 1571.83,2633.64 1572.97,2641.78 1568.43,2645.18 1568.19,2653.72 1568.12,2654.41 1566.61,2661.4 1566.66,2677.93 1572.34,2689.9 1572.59,2692.43 1570.75,2699.83 1573.63,2715.22 1573.43,2717.32 1569.81,2726.38 1573.34,2741.09 1573.2,2743.36 1569.69,2752.32 1568.36,2770.18 1567.29,2772.55 1561.59,2778.41 1561.28,2782.78 1564.23,2784.2 1572.03,2783.42 1576.78,2778.17 1579.07,2776.95 1585.81,2776.02 1588.97,2778.93 1602.55,2773.52 1602.94,2773.39 1618.62,2769.04 1622.14,2755 1630.61,2762.61 1635.06,2763.86 1636.32,2764.49 1642.34,2769.02 1657.93,2771.76 1659.35,2766.26 1659.62,2765.52 1665.73,2753.14 1667.88,2743.2 1668.79,2741.46 1670.26,2739.83 1669.19,2730.56 1669.65,2728.27 1674.6,2719.47 1676.07,2714.7 1676.98,2713.17 1682.55,2707.44 1684.48,2706.37 1698.28,2703.43 1704.56,2700.89 1707.68,2692.75 1708.26,2691.74 1711.93,2687.13 1720.32,2673.24 1723.11,2662.74 1740.25,2659.88 1744.88,2670.2 1750.55,2675.85 1757.16,2673.01 1768.31,2683.7 1775.68,2687.45 1777.43,2689.3 1782.76,2701.15 1783.04,2702.11 1785.22,2715.55 1788.74,2725 1796.8,2737.04 1802,2742.6 1802.95,2744.48 1805.02,2755.19 1809.61,2760.7 1810.02,2761.3 1817.28,2774.44 1822.8,2773.31 1830.03,2765.95 1831.72,2764.95 1840.59,2762.47 1841.52,2759.85 1851.74,2756.24 1856.23,2759.18 1866.26,2754.94 1876.61,2748.53 1874.65,2744.61 1876.89,2742.67 1875.04,2739.46 1878.55,2735.93 1877.17,2727.96 1885.15,2723.19 1886.98,2722.65 1892.45,2722.47 1895.13,2711.04 1903.48,2712.89 1904.16,2712.41 1902.45,2709.47 1910.1,2697.37 1919.27,2697.91 1921.15,2700.34 1923.28,2699.03 1922.3,2690.98 1933.05,2693.5 1934.49,2696.53 1939.45,2690.9 1939.13,2680 1945.8,2681.15 1946,2678.56 1946.17,2677.68 1953.15,2656.08 1962.87,2659.41 1968.19,2658.46 1971.7,2661.82 1974.83,2662.64 1982.28,2661.2 1988.81,2657.19 1995.99,2660.45 1998.94,2656.77 1999.36,2653.34 1997.06,2647.8 1996.82,2646.96 1995.92,2641.62 1991.44,2640.29 1992.33,2630.87 1977.04,2616.67 1959.04,2604.03 1961.15,2594.17 1958.23,2588.24 1963.33,2580.95 1974.71,2583.15 1976.21,2583.78 1979.31,2586 1984.06,2584.79 1986.74,2585.1 1992.78,2588.24 1996.8,2585.65 1999.35,2585.08 2018.1,2587.55 2019.32,2587.92 2034.5,2595.6 2035.11,2595.99 2038.33,2598.48 2039.35,2598.11 2040.68,2594.17 2039.39,2588.93 2030.85,2586.34 2029.64,2578.9 2022.75,2575.56 2021.41,2574.47 2014.94,2566.19 2014.13,2564.07 2013.22,2549.47 2009.34,2541.68 2008.95,2539.88 2009.56,2518.33 2016.17,2513.96 2020.12,2503.72 2018.84,2496.49 2019.3,2493.94 2021.27,2490.52 2018.48,2486.44 2016.75,2486.79 2011.63,2491.13 2009.96,2491.94 1998.86,2494.33 1993.39,2485.53 1987.76,2484.78 1986.63,2484.45 1983.68,2483.05 1974.91,2488.94 1973.01,2489.57 1964.65,2490.06 1964.06,2490.05 1953.67,2488.96 1943.38,2491.61 1940.98,2491.44 1935.88,2489.31 1927.05,2492.62 1925.38,2492.84 1913.95,2491.76 1907.92,2493.67 1905.63,2493.66 1900.74,2492.1 1885.3,2492.07 1873.94,2495.15 1871.63,2492.4 1866.12,2493.46 1855.58,2502.03 1853.3,2502.88 1845.29,2503.15 "/>
   <path class="fil8" d="M2026.57 2484.8l3.67 5.37 -3.66 6.34 1.22 6.9 -0.21 2.01 -4.78 12.4 -1.44 1.81 -4.33 2.87 -0.47 16.61 3.8 7.64 0.39 1.48 0.89 14.22 5.19 6.64 9.67 4.69 1.08 6.68 8.15 2.47 2.58 10.5 -0.09 2.11 -2.85 8.46 -8.37 3.09 -6.26 -4.86 -14.29 -7.23 -16.71 -2.2 -6.56 4.22 -8.65 -4.48 -6.78 1.73 -5.31 -3.8 -5.13 -0.99 1.24 2.52 0.31 2.47 -1.33 6.23 14.09 9.89 0.4 0.33 18.22 16.92 -0.66 6.94 3.04 0.91 1.62 9.59 1.37 3.32 5.39 -0.85 2.02 0.22 12.27 5.01 8.41 -3.37 0.82 -0.22 11.34 -1.81 2.2 0.31 6.8 3.17 21.81 -7.34 3.29 -10.22 14.49 -0.04 5.14 -3.65 14.69 4.4 10.37 2.14 6.06 -2 5.39 3.23 13.49 1.73 4.82 -4.52 13 0.65 1.42 0.34 3.94 1.83 9.33 -6.96 -0.82 -4.81 6.72 -3.26 0.52 -2.89 -6.41 -5.66 3.81 -6.79 2 -1.7 12.31 -4.6 1.65 -0.24 12.05 1.06 7.01 -8.19 2.01 -1.24 6.68 -1.59 3.25 -3.2 0.18 -9.18 0.24 -1.28 5.14 -13.61 0.51 -0.94 4.76 -6.38 1.06 -6.3 0.46 -1.26 7.59 -13.21 8.05 0.62 5.47 -6.94 0.64 -0.64 15.51 -12.19 3.38 -7.27 5.62 0.49 7.17 -5.67 3.59 3.01 2.57 -2.64 8 2.57 6.95 -2.19 8.35 -4.99 2.91 -3.61 0.9 -8.63 12.82 2.07 2.31 1.31 5.11 6.07 12.73 -0.27 29.02 -6.86 0.48 -0.07 6.6 -0.7 1.12 0.04 15.78 3.08 14.37 24.39 4.85 3.02 0.89 7.26 3.82 0.11 5.87 -3.28 1.94 -0.48 14.92 0.36 -2.87 -9.18 3.24 -5.67 -1.2 -5.26 5.68 -8.72 -1.06 -7.04 16.77 -16.74 1.24 -0.82 4.82 -1.98 0.05 -7.81 6.62 -1.32 1.27 -2.32 -2.2 -8.5 8.61 -7.73 0.48 -0.37 11.73 -7.57 1.37 -0.54 8.74 -1.61 3.59 -2.27 0.8 -11.65 1.22 -2.55 4.54 -4.19 7.72 -10.59 4.33 1.2 3.57 -2.49 2.77 -0.63 9.93 1.58 0.45 0.09 8.7 2.49 2.39 -0.25 2.04 -5.22 1.04 -1.47 7.83 -6.86 -1.22 -1.29 -8.55 -1.15 -4.72 -7.17 -6.31 1.65 -2.59 -0.25 -5.67 -2.72 -6.86 4.45 -6.69 -7.69 -9.89 -4.31 0.65 -8.57 -5.39 3.89 -9.51 -7.64 -9.85 0 -3.64 -9.21 -3.93 2.23 -1.22 0.44 -7.5 1.33 -2 -0.2 -10.7 -4.05 -6.75 4.65 -9.77 -3.29 -12.26 0.58 -2.96 8.84 -0 0 -0.01 0.01 -8.65 2.06 -10.27 6.05 -1.98 0.52 -4.28 -0.07 -2.04 6.24 -0 0 -0 0.01 -11.55 4.32 -1.2 0.24 -9.54 0.31 -5.43 4.48 -1.55 0.77 -6.59 1.56 -0.67 3.18 -0.01 0.01 -0 0.02 -1.32 1.97 -0.24 0.35 0 0 -0.01 0.01 -8.54 5.89 -1.16 0.54 -19.34 5.32c-11.09,2.33 -21.96,4.54 -33.09,6.67l-1.07 0.04 -8.12 -0.78 -7.92 4.65 -2.13 0.52 -8.72 -0.5 -1.56 -0.43 -6.76 -3.57 -8.54 1.53 -1.26 0 -11.59 -1.87 -15.66 4.48 -2.26 -0.06 -19.63 -6.71 -6.78 1.15 -5.5 3.98 0 0 -4.5 7.6 0 0 -0.01 0.02 -6.08 0.34 -1.58 -0.26 -2.21 -0.85 -16.29 2.19 -1.25 -0.05 -7.57 -1.54 -2.9 2.74 1.51 3.02 0.33 2.44 -1.2 6.03 2.2 7.28 0.09 1.86 -1.59 7.72 4.49 15.28 -0.02 0 0.01 0.02 -15.31 -0.6 -2.63 -1.2 -8.5 -9.12 -11.14 -2.46 -2.22 -1.43 -2.61 -3.47 -8.1 -1.24 -1.76 -0.76 -7.83 -6.04 -1.03 -1.2 -5.22 -9.65 -0.44 -1.91 0.3 -10.65 -2.25 -2.81 -7.55 -1.6 -12.67 16.43 -10.34 0.36 -6.96 6.5 -0.54 0.42 -10.53 6.74 1.14 3.17 7.08 7.83 -3.62 9.11 -0.01 0 -0 0.02 -7.55 0.41 -0.58 2.82 1.3 4.91 -0.02 1.96 -2.6 9.5 -0 0 -0.01 0.02 -9.93 -1.84 -8.72 -0.99 -10.57 6.33 -1.2 0.46 -0.68 0.14z"/>
   <path class="fil8" d="M1190.72 522.32l-17.74 22.75 -1172.91 -6.22c10.81,24.5 7.86,14.5 12.78,40.12l0.06 0.76 -0.41 26.31 56.18 44.21 58.91 36.7 0.48 0.36 76.32 65.79 67.8 41.5 1.16 1.11 27.74 40.83 21.96 29.12 26.57 19.72 0.49 0.43 27.94 29.28 0.3 0.36 18.61 25.06 66.21 52.06 61.52 22.83 1.68 1.24 9.11 11.71 39.34 -12.8 0.71 -0.16 28.24 -3.51 11.74 -5.17 1.67 -0.31 13.92 0.54 14.36 -8.98 3.74 -13.58 22.95 -9.92 26.13 17.3 17.89 3.83 2.38 1.62 12.13 18.3 14.65 4.19 18.06 -3.98 2.13 0.15 20.22 7.43 1.25 0.78 22.57 20.66 14.81 1.39 2.38 1.13 15.61 16.01 0.91 1.55 3.51 11.46 19.22 1.67 1.93 0.73 9.31 6.83 20.22 -14.81 -0.03 -9.94 0.34 -1.58 5.83 -12.72 18.16 -6.5 1.75 -9.77 1.34 -2.28 10.06 -8.22 -0.73 -31.5 -17.27 -16.93 24.42 -13.59 2.59 -0.4 24.32 4.9 32.13 -15.67 -8.04 -10.56 19.55 -16.69 8.48 -14.95 6.23 -27.94 18.34 6.55 15.17 -2.81 13.19 -6.61 2.59 -0.3 18.81 4.54 -5.29 32.25 3.25 26.04 11.07 25.83 0.22 0.7 4.85 22.76 -9.47 5.46 -5.15 10.93 -1.67 1.74 -13.26 6.97 -4.66 7.13 6.83 12.71 29.78 10.3 -4.47 11.72 1.41 14.07 -0.48 2.25 -8.06 14.15 -3.25 17.11 -2.52 16.8 31.5 3.91c-2.71,12.59 -5.47,25.04 -8.34,37.59l5.47 8.17 23.31 -20.91 20.67 4.56 18.66 -7.49 29.1 20.99 31.81 13.23 1.37 0.98 14.01 15.65 19.26 2.15 -0.11 0.98 0.85 2.8 2.66 0 -0.02 0.08 -0.91 45.32 17.82 9.01 1.3 1.07 9.22 11.91 6.72 0.65 -1.18 -4.57 0.34 -2.76 4.9 -8.95 10.46 -2.17 3.41 -7.61 0.63 -0.97 3.41 -3.87 -0.85 -1.71 4.26 -1.33c9.3,-2.9 7.75,-1.88 19.53,-1.51l6.39 -3.5 2.33 -6.94 1.35 -1.86 7.27 -5.34 5.18 -7.61 4.58 -9.76 0 0 10.64 -2.16 0 0 0 -0 5.5 6.91 0.79 -6.11 1.31 -2.41 6.64 -5.65 1.3 -0.73 9.23 -2.95 0 0 2.62 0.1 0 0 7.88 3.27 10.11 0.33 12.93 -4.39 19.77 -9.38 0 0 1.62 -0.37 0 0 9.72 0 5.95 -2.22 0 0 1.57 -0.24 0 0 0 0 8.94 0.62 0 0 2.53 1.21 7.23 7.81 1.75 -0.18 0.01 -0 7.67 -4.8 0 0 18.12 -14.44 2.48 -8.35 0.21 -0.57 16.39 -34.36 0 0 4.91 -36.83 0 0 0.12 -0.59 0 0 6.54 -21.81 0 0 11.44 -5.15 0 0 1.5 -0.33 0 0 9.18 -0.11 0.23 -0.54 18.99 3.58 18.52 -3.41 5.46 -11.92 0 0 0 -0 0.94 -1.28 8.9 -7.84 0.65 -0.46 22.87 -12.84 12.52 -14.02 0 0 6.97 -18.67 0 -0.01 0.26 -0.57 0 -0 8.96 -15.41 0.88 -1.03 18.75 -15.47 1.3 -0.7 28.12 -8.62 18.9 -11.03 12.55 -11.16 1.06 -0.65 12.87 -5.46 0.82 -0.25 12.98 -2.29 0.48 -0.04 41.59 -2.09 13.2 -3.42 12.54 -12 18.21 -29.06 0 -0.01 0.91 -1.01 16.38 -12.5 1.95 -0.76 16.25 -1.56 1.22 0.07 23.53 5.52 0.64 0.21 24.39 10.54 12.16 -0.97 35.69 -29.13 7.96 -11.22 1.07 -1.01 23.87 -15.09 -4.31 -10.05 -21.06 -7.65 -8.72 -20.11 -10.98 -2.58 -1.7 -0.89 -10.05 -9.15 -1.01 -1.52 -8.31 -22.95 -9.49 -1.6 -2.06 -1.06 -6.05 -5.99 -0.51 -0.62 -3.8 -5.86 -0.57 -2.67 1.88 -11.75 -5.45 -8.02 -9.38 6.89 -13.07 -2.17 -15.33 10.96 -0.83 10.58 -0.91 2.17 -8.08 9.41 -11.55 -6.71 0.09 -15.13 -14.33 -5.25 -0.67 -0.33 -21.05 -12.92 -0.11 -15.31 0.59 -2.07 10.17 -15.82 8.21 -17.67 1.53 -12.81 -3.78 -7.48 4.26 -4.96 -6.81 -17.18 9.77 -6.35 2.35 -0.61 4.81 0.36 -0.33 -10.96 0.28 -1.55 3.76 -9.11 -2.72 -18.66 0.17 -1.77 5.13 -14.9 -3.41 -10.57 -4.28 -2.44 -25.63 8.5 -16.4 11.55 -22.16 -5.08 -2.3 -7.82 -5.93 0.28 -7.26 5.57 -29.2 -14.23 -15.31 -0.31 -7.87 -17.51 -0.33 -1.4 -0.84 -20.91 -4.01 -16.31 24.21 -19.92 24.33 -55.89 -10.36 -32.41 -0.18 -1.22 0.5 -23.2 0.34 -1.5 9.11 -19.94 0.94 -15.43 0.28 -1.24 8.85 -21.09 -11.68 -18.85 -0.25 -0.49 -8.27 -19.13 -0.31 -1.33 -1.05 -21.95 -13.37 -19.81 -0.64 -2.26 1.28 -34.01 -4.35 -13.53 -0.18 -1.24 0.43 -20.29 -15.23 -18.02 -20.98 -13.22 -1.5 -1.8 -8.6 -21.41 -21.82 -18.36 5.01 10.02 -6.97 12.94 -17.86 3.76 -3.41 -3.41 -48.33 -2.89 -2.47 -1.1 -4.87 -4.87 -36.74 -0.76 -3.82 -10.7 -2.49 -0.35 -14.38 1.44 -1.91 -0.31 -21.81 -9.69 -1.97 -8.54 -2.33 0 -8.92 14.02 -4.22 16.89 -16.37 1.63 -14.7 12.38 -19.7 -4.93 -2.11 -1.41 -1.08 -1.44 -3.22 0 -7.15 7.15 -12.56 -3.59 -2.11 -1.55 -11.56 -17.33 -26.89 -21.07 -11.81 -8.13 -1.04 -1.09 -10.4 -16.34 -0.57 -1.51 -0.87 -6.07 -4.29 1.23 -2.23 6.69 -20.02 5.61 -17.69 10.46 -7.49 -3.75 -2.13 1.18 3.02 8.54 13.39 10.24 -4.17 46.76 -7.38 0.92 -17.58 23.66 0 32.72 -8.91 0.74 0 2.18 16.63 28.41 4.91 1.96 0 13.71 -1.01 2.58 -10.85 11.76 -7.01 -3.5 -6.72 2.59 -4.85 9.71 -5.47 0 -4.7 7.32 0.96 4.33 17.88 24.1 -8.3 20.3 -8.04 1.34 -0.47 6.61 3.43 9.43 -16.55 20.31 4.08 19.03 -0.03 1.68 -5.2 21.54 -1.49 2.2 -22.14 15.71 -4.28 10.26 -11.88 0 -2.79 -7.67 -12.54 2.28 -16.64 9.51 -6.26 -2.5 -3.34 5.01 3.05 13.71 -8.65 9.43 -0.39 4.26 14.7 7.03 1.81 1.85 9.25 20.17 -17.37 18.2 -2.1 1.13 -10.5 1.85 -15.17 39.61 6.19 15.69 -1.34 1.72z"/>
   <path class="fil8" d="M1772.38 1581.37l1 15.4 2.65 4.95 0.44 1.95 -0.63 13.97 2.96 5.23 0.37 2.86 -3.37 12.54 -11.05 3.36 -10.31 5.62 -13.26 11.6 -1.53 0.82 -3.9 1.03 -0.77 6.1 2.67 7.43 8.22 2.86 0.61 0.28 6.61 3.73 13.76 0.64 2.35 4.81 190.83 195.63 2.15 -2.71 2.41 -2 6.51 -3.43 1.19 -5.19 -0.79 -6.22 -7.72 -9.42 -0.42 -0.57 -8.37 -12.32 -1.25 -3.33 -1.45 -11.54 0.95 -4.77 2.98 -5.11 -1.08 -10.31 1.4 -5.21 8.01 -11.12 4.56 -3.01 4.74 -1.03 8.68 -5.89 15.22 -13.52 0.83 -3.76 1.4 -2.98 8.38 -10.96 3.9 -2.68 6.84 -2.01 6.72 -6.4 -1.83 -4.71 8.66 -17.42 3.99 0 0.83 -13.54 -4.87 -16.45 18.24 -1.29 2.29 -6.95 -3.09 -12.29 5.82 -6.24 0.15 -15.6 14.34 -2.81 3.07 -3.44 -0.5 -6.01 0.83 -4.11 7.16 -13.8 16.01 5.83 6.95 -2.84 5.6 -0.03 3.52 1.36 1.04 -1.27 2.04 -13.59 12.96 -2.9 1.71 -1.93 0.26 -3.89 -4.1 -6.08 3.74 -18.51 26.01 6.06 0.7 5.77 6.86 -1.16 2.38 -0.03 8.99 1.36 4.77 2.74 3.75 4.59 1.28 2.26 1.02 2.88 6.97 2.05 11.38 -3.85 3.72 -0.3 8.24 1.46 4.51 -4.93 2.11 -1.64 2.06 -1.06 0.03 -4.72 6.8 -6.59 5.44 -14.85 14.65 4.24 1.76 -1.47 2.11 -5.65 -1.86 -8.3 0.65 -5.09 8.59 -16.73 14.3 -4.45 9.91 5.45 2.63 -3.98 3.78 -2.71 0.03 -2.23 -4.76 -8.29 4.37 -4.62 -0.12 -0.04 -3.71 -1.2 -1.57 1.82 -0.02 0.02c-0.07,0.08 -0.14,0.17 -0.21,0.25l-0.02 0.01 -1.64 1.91 -2.49 -0.98 -0.02 -0 -6.84 -2.69 -5.87 1.28c-0.17,0.04 -0.35,0.06 -0.54,0.07l-10.63 0.77 -0.02 0 -2.48 0.18 -3.57 -6.95c-0.02,-0.03 -0.03,-0.06 -0.04,-0.08 -0.28,-0.54 -0.43,-1.15 -0.42,-1.79l0.13 -7.02 -6.33 -8.87c-0.04,-0.06 -0.09,-0.11 -0.13,-0.17 -0.26,-0.36 -0.46,-0.77 -0.58,-1.22l-2.09 -7.72 -0.66 -2.46 1.97 -1.5 0.06 -0.04 5.26 -4.01 0.09 -4.92c-0,-0.08 -0,-0.16 -0,-0.24 0,-0.41 0.08,-0.84 0.23,-1.25l3.92 -10.7 1.04 -13.14 -1.95 -6.73c-0.05,-0.13 -0.09,-0.27 -0.12,-0.4l-1.16 -4.02 8.75 -1.22 0.07 -0.24 -4.11 -3.75 9.89 -20.31 2.31 -0.06 6.81 -0.17 0.06 -0 2.04 -0.05 6.35 9.62 5.48 -3.09 -1.97 -3.55c-0.38,-0.68 -0.55,-1.49 -0.44,-2.32l1.33 -10.36 -3.63 -15.06c-0.02,-0.06 -0.03,-0.12 -0.05,-0.18 -0.05,-0.22 -0.09,-0.46 -0.1,-0.7l-1.43 -28.96c-0.01,-0.08 -0.02,-0.16 -0.02,-0.24 -0.05,-0.95 0.26,-1.93 0.94,-2.7l6.38 -7.24 1.26 -7.26 -0.46 -13.46c-0.01,-0.09 -0.02,-0.18 -0.02,-0.27 -0.02,-0.68 0.14,-1.38 0.5,-2.01l5.51 -9.64 1.35 -10.43c0,-0.09 0.01,-0.19 0.02,-0.28 0.07,-0.54 0.26,-1.07 0.56,-1.56l1.51 -2.38 -6.06 -8.6 -0.95 -1.35 0.3 -1.59 1.29 -6.74 -2.69 -16.84c-0.03,-0.15 -0.06,-0.3 -0.07,-0.44l-0.42 -2.65 6.55 -2.97 2.18 -8.35c0.02,-0.09 0.04,-0.17 0.06,-0.26 0.11,-0.41 0.28,-0.8 0.53,-1.17l3.37 -4.99 -6.6 -13.03 -2.36 -4.66 15.05 -2.34 0.51 -3.14c0,-0.03 0.01,-0.06 0.01,-0.08 0.09,-0.57 0.32,-1.14 0.69,-1.64l7.53 -10.26 1.25 -14.63 -3.62 -13.66c-0.02,-0.07 -0.04,-0.14 -0.06,-0.22 -0.14,-0.51 -0.17,-1.06 -0.07,-1.62l1.41 -7.96 -1.31 -8.35c-0.04,-0.17 -0.07,-0.34 -0.08,-0.5l-0.38 -2.39 6.15 -3.4 0.54 -2.77 0.02 -0.05c0.11,-0.56 0.36,-1.1 0.74,-1.57l3.71 -4.69 -1.65 -6.24c-0.11,0.02 -0.22,0.04 -0.33,0.06l-2.71 0.54 -4.15 -9.14c-0.22,-0.5 -0.34,-1.06 -0.33,-1.64l0.22 -10.05 -5.18 -3.39c-0.48,-0.32 -0.89,-0.75 -1.2,-1.28l-0.02 -0.02 -3.98 -6.96 -0 -0.02 -0 -0.02c-0.25,-0.46 -0.42,-0.97 -0.47,-1.53l-1.47 -16.46c-0.01,-0.07 -0.02,-0.14 -0.02,-0.21 -0.02,-0.28 -0.02,-0.56 0.02,-0.83l2.29 -16.94c0.13,-0.95 0.62,-1.86 1.44,-2.5l6.41 -4.96 0.23 -11.93c0,-0.06 0,-0.11 0,-0.16 0,-0.14 0.01,-0.29 0.03,-0.43l0 -0.02 1.44 -10.65 -6.32 -10.15c-0.4,-0.65 -0.61,-1.42 -0.56,-2.23l1.37 -21.93c0,-0.06 0,-0.11 0,-0.16 0.02,-0.21 0.04,-0.43 0.09,-0.64l4.22 -17.87c0.11,-0.44 0.29,-0.88 0.56,-1.28l4.91 -7.17c0.24,-0.33 0.52,-0.65 0.87,-0.9l12.11 -8.96 7.81 -23.03 1.22 -8.92 -0.44 -7.81c-0,-0.06 -0.01,-0.11 -0.01,-0.16 -0.02,-0.43 0.02,-0.86 0.15,-1.3l1.78 -5.98 -0.65 -4.05 0.25 -2.09 4.3 -10.06 2.04 -2.02 10.08 -4.22 3.41 -11.78 13.38 -7.01 -7.83 -9.3 -0.89 -2.68 0.68 -11.11 -0.47 -4.61 -15.07 0.81 -1.74 -0.33 -11.66 -5.2 -5.09 4.68 3.64 7.6 -8.33 7.19 -0.57 8.67 -7.9 4.72 -2.43 0.51 -15.9 -2.05 -1 2.51 5.07 5.29 0.73 1.09 5.16 11.51 -6.69 16.28 -0.36 0.69 -13.11 19.46 -1.65 1.37 -15.8 6.8 -1.04 0.28 -16.57 2.03 -9.39 5.78 -0.94 0.4 -17.76 5.14 -3.09 6.92 1.03 10.56 0.02 0.51 -0.36 8.39 -1.12 2.55 -18.87 18.71 -0.63 0.51 -17.38 11.17 -1.45 24.44 -7.74 5.88 -7.25 11.03 0.85 11.2 -15.49 14.63 1.65 17.09 -0.64 2.49 -8.24 12.18 -3.83 11.31 -1.26 1.77 -14.9 11.69 -4.86 -1.29 -2.82 10.93 -0.43 1.03 -8.95 14.69 -0.83 0.95 -3.48 2.86 3.53 5.7 0.57 2.01 -0.09 15.73 -9.43 6.55 -1.82 0.65 -9.62 0.94 -5.4 5.45 -13.54 -6.64 -9.04 2.94 -9.98 8.76 -0.74 0.51 -16.99 8.87 -0.89 0.34 -13.63 3.23 -12.09 -12.89 -14.44 -0.93 -1.38 -0.36 -13.38 -6.31 -16.85 -3.89 -6.41 1.77 -1.19 23.83 3.49 19.2 9.64 11.37 0.02 0.02 9.84 9.69 -9.86 9.98 -1.22 0.83 -13.17 5.6 -1.03 0.28 -11.01 1.36 1.22 4.4 6.89 12.83 0.45 1.74 0.17 9.54 -0.76 2.35 -3.17 4.18 -4.11 16.78 -0.72 1.47 -4.58 5.76 -6.91 13.45 -1.56 17.79 -1.3 2.53 -6.67 5.84 -5.97 7.28 -17.31 -1.16 -1.49 -0.42 -2.91 -1.49 -17.22 9.7 -10.67 -4.45 -4.69 0.61 -6.78 7 -8.53 -2.89 -6.47 5.27 -2.62 0.85 -9.63 -0.6 -1.64 -0.48 -8.63 -4.85 -2.05 -11.15 -7.67 -8.68 -21.21 -3.38 -3.27 -9.04 -8.11 -5.2 0.13 -12.61 0.4 -1.7 2.16 -4.24 -9.13 -3.31 -11.06 1.57 -16.24 10.63 -2.8 -23.91 -7.44 -14.11 -9.26 -12.94 2.13 -8.2 -2.67 -18.25 0.02 -1.13 1.53 -9.85 -3.57 -3.26 -16.73 -3.77 -1.96 -8.18 -20.33 12.46 -1.64 18.67 -17.96 8.62 -8.31 5.62 -2.43 8.63 -0.67 1.32 -6.91 8.8 -2.5 1.42 -13.64 1.8 -5.29 5.35 -1.64 0.98 -12.26 3.6 -0.98 0.15 -10.53 0.26 -2.35 0.5 6.08 6.89 -0.72 4.78 6.95 10.97 0.57 1.65 0.72 7.12 6.38 8.38 10.73 0.14 22.36 -3.76 4.93 11.57 12.86 5.79 1.89 1.88 6.02 13.03 6.14 9.03 7.12 2.01 2.58 8.58 0.15 0.86 0.38 6.42 5.77 4.31 10.5 0.46 -2.78 7.37 6.91 5.71 1.24 1.92 3.88 13.95 -2.67 3.8 3.85 7.52 0.24 2.87 -2.57 8.07 -0.4 0.88 -3.87 6.12 2.44 6.59 0.22 1.27 0.21 12.03 21.15 20.93 0.48 0.58 13.26 19.78 -4 4.79 1.19 10.94 6.65 7.6 0.94 2.29 0.26 4.57 10.3 0.41 -0.63 13.77 7.09 5.33z"/>
   <polygon class="fil8" points="2470.86,1468.67 2487.15,1476.92 2503.94,1479.65 2508.05,1485.28 2509.51,1491.46 2513.73,1496.52 2510.72,1502.3 2519.66,1515.76 2517.24,1525.24 2521.64,1533.29 2524.23,1539.58 2520.88,1545.23 2518.5,1556.28 2518.5,1564.93 2514.34,1568.98 2516.44,1578.88 2514.69,1585.53 2517.62,1593.56 2508.95,1598.78 2499.24,1606.74 2489.05,1607.06 2491.53,1614.46 2488.22,1624.84 2482.61,1628.99 2481.29,1634.41 2486.99,1642.57 2490.48,1652.09 2488.56,1663.39 2490.64,1668.2 2490.39,1674.01 2484.55,1674.91 2481.05,1680.05 2483.23,1686.5 2481.85,1695.67 2482.73,1705.42 2484.57,1710.64 2484.61,1722.67 2476.81,1727.99 2469.65,1725.75 2463.7,1727.39 2460.33,1733.36 2460.98,1753.25 2453.57,1754.54 2443.81,1762.62 2443.42,1769.31 2435.43,1784.07 2426.46,1788.85 2427.17,1781.59 2423.26,1780.26 2420.53,1777.55 2413.51,1784.69 2403.07,1784.21 2398.11,1781.89 2386.41,1796.48 2381.67,1803.04 2373.34,1803.75 2360.83,1813.27 2352.1,1826.28 2343.06,1826.23 2339.85,1830.58 2334.02,1830.11 2329.79,1830.99 2325.85,1824.56 2316.68,1819.75 2306.62,1817.82 2301.22,1811.72 2297.42,1817.05 2288.16,1822.1 2272.09,1834.83 2258.14,1836.94 2247.86,1836.91 2242.7,1838.28 2233.76,1848.08 2222.33,1854.08 2224.21,1860.7 2222.44,1867.35 2223.98,1872.31 2220.3,1879.02 2202.43,1875.32 2189.47,1878.93 2183.6,1879.04 2179.4,1885.4 2169.73,1890.12 2163.3,1890.5 2160.42,1885.1 2147.53,1883.89 2140.46,1885.49 2128.33,1877.52 2127.69,1869.94 2120.67,1863.43 2119.91,1853.71 2112.03,1859.05 2103.74,1859.68 2097.45,1864.32 2092.75,1862.92 2083.03,1867.37 2084.79,1873.54 2081.86,1876.37 2073.84,1870.51 2064.88,1871.91 2058.87,1868.51 2046.94,1874.06 2042.11,1869.8 2041.96,1864.95 2035.42,1865.11 2031.08,1869.91 2019.41,1874.62 2002.78,1886.16 1989.61,1893.57 1972.97,1893.16 1963,1890.66 1968.13,1884.2 1977.73,1879.13 1980,1869.26 1978.76,1859.5 1969.64,1848.39 1961.28,1836.06 1959.82,1824.52 1964.05,1817.29 1962.71,1804.49 1970.72,1793.37 1976.85,1792.04 1987.36,1784.9 2004.67,1769.52 2006.03,1763.36 2014.41,1752.39 2023.01,1749.87 2034.75,1738.69 2032.3,1732.37 2037.35,1722.19 2043.79,1722.19 2045.14,1700.15 2042.58,1691.5 2056.47,1690.52 2061.04,1676.61 2058.43,1666.2 2063.42,1660.85 2063.54,1648.48 2074.28,1646.37 2081.28,1638.54 2080.51,1629.31 2084.59,1621.46 2097.09,1626.02 2106.74,1622.08 2115.39,1625.41 2121.26,1618.25 2122.84,1607.76 2133.13,1605.46 2138.18,1599.78 2138.79,1590.67 2134.99,1585.04 2136.54,1577.37 2149.75,1580.44 2150.77,1588.84 2165.48,1586.35 2174.47,1587.71 2178.22,1592.31 2180.55,1598.85 2193.55,1602.68 2207.19,1598.07 2219.5,1600.24 2226.85,1592.22 2232.98,1589.04 2233.02,1582.91 2238.8,1577.3 2242.39,1567.5 2254.09,1570.89 2260.51,1565.55 2264.12,1555.9 2261.77,1545.42 2268.89,1531.56 2277.07,1529.02 2286.04,1533.94 2293.72,1533.64 2294.89,1528.42 2301.77,1523.47 2301.88,1515.34 2298.9,1510.15 2303.99,1504.77 2307.28,1507.69 2312.78,1507.74 2318.27,1503.44 2325.83,1501.17 2329.51,1494.15 2338.28,1491.51 2342.44,1487.02 2358,1482.7 2367.39,1480.76 2366.78,1474.8 2370.74,1468.05 2375.06,1470.07 2375.61,1466.28 2381.94,1462.32 2384.97,1455.89 2400.93,1456.54 2405.83,1462.08 2409.76,1458.5 2427.46,1455.78 2432.33,1451.66 2436.93,1461.04 2460.41,1449.57 2467.74,1453.58 2471.43,1460.02 2470.86,1468.65 2470.86,1468.65 2470.86,1468.65 "/>
   <path class="fil8" d="M2350.8 993.75l-0.32 -10.73 -3.57 -4.96 -0.71 -2.44 0.54 -8.94 0.15 -0.83 4.63 -15.83 -0.54 -7.41 0.82 -2.62 2.41 -3.06 -1.53 -3.54 -0.1 0.7 -0.17 0.71 -8.3 24.48 -1.34 1.83 -12.54 9.29 -4.14 6.05 -3.98 16.89 -1.28 20.52 6.4 10.28 0.54 2.52 -1.6 11.83 -0.3 15.48 -8.05 6.24 -2.02 15 1.37 15.39 3.11 5.45 7.95 5.2 -0.3 13.4 1.3 2.86 4.12 -0.82 4.45 16.82 -5.49 6.94 -1.06 5.37 -4.61 2.54 1.05 6.65 0 1.24 -1.38 7.73 3.63 13.71 0.12 1.28 -1.39 16.33 -0.73 1.94 -7.63 10.4 -1.27 7.74 -10.15 1.58 6.26 12.36 -5.51 8.18 -2.99 11.48 -4.57 2.07 2.37 14.87 -0.02 1.31 -1.11 5.79 8.09 11.48 -3.8 5.98 -1.37 10.61 -0.46 1.41 -5.34 9.35 0.44 13.06 -0.04 0.76 -1.5 8.67 -0.89 1.88 -6.08 6.89 1.35 27.32 3.75 15.55 0.07 1.35 -1.26 9.81 5.02 9.04 -18.22 10.3 -7.92 -12.01 -2.39 0.06 -5.37 11.04 3.31 3.02 -2.53 9.59 -5.08 0.71 0.98 3.4 0.15 1.35 -1.14 14.32 -0.22 1.02 -3.89 10.62 -0.15 8.19 -6.14 4.68 1.25 4.61 6.77 9.49 0.7 2.26 -0.13 7.33 0.87 1.69 7.84 -0.57 6.75 -1.47 2.19 0.18 5.41 2.13 3.23 -3.74 7.73 2.49 6.31 -0.67 1.93 -2.04 3.1 2.76 5.11 1.96 1.83 -1.44 2.5 -1.31 4.51 -1.35 3.67 -7.01 9.88 -2.97 2.72 -2.93 3.54 -2.17 15.56 -4.32 0.5 -0.12 2.93 -0.61 0.81 -3.69 7.46 -12.72 3.67 1.72 4.66 -2.91 4.22 -8.96 24.24 1 2.41 2.72 1.74 -0.83 15.57 -2.39 10.67 -9.01 5.53 11.3 20.19 -9.86 10.78 5.9 2.98 2.89 3.69 6.45 0.98 4.26 -0.24 3.65 10.75 5.46 15.62 2.54 4.92 3.01 4.11 5.63 1.28 2.77 1.05 4.46 6.28 7.54 -3.27 6.26 8.34 12.56 -2.52 9.88 2.12 3.87 3.52 -5.89 2.1 -1.67 9.7 -3.15 8.16 6.47 4.61 0.89 -0.09 -0.43 0.31 -2.46 4.93 -10.07 -5.22 -17.62 5.18 -8.18 -2.73 -14.14 -0.04 -1.04 1.25 -13.94 -3.31 -11.18 -0.15 -0.93 -1.15 -28.22 -3.53 -2.99 -1.18 -1.76 -3.48 -11.03 8.66 -11.09 -0.22 -5.96 -7.53 -9.3 -0.82 -1.85 -2.54 -17.06 0.34 -2.2 5.43 -11.18 0.61 -0.89 8.49 -9.38 1.71 -9.77 1.33 -2.26 2.85 -2.37 -2.82 -11.76 -2.59 -6.17 -5.74 0 -5.52 4.64 -1.64 0.82 -11.87 2.57 -1.04 0.07 -17.02 -1.09c-2.49,-3.72 -5,-7.43 -7.46,-11.16l-4.34 -7.58 -7.74 -7.69 -5.54 -2.98 -1.8 -2.14 -3.64 -10.86 -0.06 -2.2 1.45 -5.31 -2.34 -8.61 -0.12 -0.74 -0.92 -13.33 -4.15 -8.4 -0.33 -2.43 3.77 -18.86 0.7 -1.55 4.59 -6.07 -3.97 -6.43 5.61 -8.81 -1.65 -8.35 0.27 -2.28 3.79 -8.5 -3.89 -8.49 -0.33 -2.01 0.59 -5.02 -6.02 -5.37 -0.35 -6.22 -4.52 -5.95 -0.78 -2.5 0.45 -7.82 -4.19 -2.49 -1.24 -5.68 -7.09 -1.26 -0.87 -0.27 -7.99 -3.49 -1.25 -0.88 -6.39 -6.8 -8.98 1.01 -7.85 -6.81 -15.35 -3 -1.25 -0.49 -9.83 -6.03 -1.07 -0.98 -7.75 -10.42 -0.74 -2.15 -0.34 -10.11 -3.13 -4.79 -6.7 -3.11 -0.64 -0.37 -10.75 -7.78 -0.87 -0.89 -9.98 -14.09 -7.92 -7.66 -1.06 -1.87 -2.15 -9.29 -0.06 -0.37 -1.93 -15.09 0.4 0z"/>
   <path class="fil8" d="M2089.06 817.37c0.04,0.25 0.06,0.5 0.06,0.76l-0.06 -0.76zm-0.15 11.77c0.06,0.96 -0.25,1.94 -0.93,2.73l0.93 -2.44 0 -0.29zm-19.04 23.54c-0.13,0.15 -0.28,0.29 -0.43,0.42l0.43 -0.42zm-45.2 100.74c0.07,0.35 0.09,0.72 0.06,1.1l-0.06 -1.1zm-1.42 17.11c-0,0.09 -0.01,0.18 -0.02,0.27l0.02 -0.27zm-31.99 72.21c-0.11,0.52 -0.33,1.03 -0.67,1.49l0.67 -1.49zm-10.21 14.39c-0.52,0.8 -1.33,1.4 -2.33,1.63l2.19 -1.44 0.14 -0.19zm-21.65 84.59c0.74,0.57 1.27,1.42 1.43,2.41l-1.43 -2.41zm4.72 22.9c0.05,0.32 0.06,0.66 0.03,1l-0.03 -0.97 -0 -0.03z"/>
   <polygon class="fil8" points="1566.45,1411.9 1563.15,1426.01 1562.35,1427.59 1556.74,1434.27 1554.61,1440 1553.98,1441.09 1532.52,1467.15 1532.02,1467.65 1511.51,1484.73 1506.23,1493.07 1505.58,1493.86 1499.4,1499.47 1488.55,1517.29 1488.24,1517.72 1478.3,1529.76 1465.65,1528.23 1454.94,1528.01 1444.65,1529.53 1433.3,1536.55 1432.07,1537.04 1415.71,1540.48 1414.8,1541.57 1415.98,1543.89 1412.75,1547.74 1412.72,1548.31 1418.52,1551.25 1406.94,1561.91 1406.79,1563.29 1409.27,1567.43 1409.78,1568.89 1410.57,1574.87 1410.37,1576.67 1407.63,1584.11 1407.3,1588.73 1413.77,1598.45 1401.9,1608.03 1402.1,1613.48 1402.07,1614.18 1401.17,1620.15 1400.72,1621.44 1395.09,1631.5 1394.61,1632.17 1389.47,1637.96 1387.91,1641.43 1386.48,1643.08 1382.77,1645.44 1379.95,1653.88 1381.39,1657.56 1381.64,1658.66 1382.48,1669.39 1380.01,1671.42 1382.9,1673.82 1380.14,1679.98 1379.15,1681.31 1376.85,1683.29 1377.3,1696.83 1367.85,1693.24 1367.33,1693.75 1366.43,1698.17 1365.35,1700.15 1363.39,1702.03 1366.63,1711.98 1366.42,1714.84 1363.98,1719.76 1368.18,1725.78 1365.57,1729.38 1371.21,1735.52 1367.99,1741.65 1367.01,1742.86 1363.91,1745.35 1363.71,1750.78 1362.74,1753.19 1357.91,1758.6 1357.3,1762.08 1365.98,1772.54 1359.24,1780.98 1357.1,1782.31 1356.66,1782.42 1360.2,1791.87 1373.15,1801.7 1373.2,1809.54 1372.78,1811.3 1367.09,1822.32 1365.9,1823.69 1360.7,1827.35 1360.07,1841.85 1359.77,1843.16 1358.16,1846.97 1358.5,1850.73 1361.26,1850.15 1370.89,1841.46 1376.09,1828.32 1376.49,1817.5 1392.75,1814.36 1397.35,1808.06 1409.17,1810.49 1409.17,1801.66 1409.2,1801.21 1410.35,1791.69 1413.78,1790.11 1416.02,1774.72 1416.53,1773.31 1426.77,1756.27 1427.76,1737.96 1427.89,1737.16 1430.39,1728.07 1430.65,1718.26 1431.53,1715.9 1434.77,1712.03 1436.66,1702.35 1436.5,1689.9 1436.81,1688.35 1442.46,1675.28 1440.74,1670.92 1444.04,1663.97 1444.76,1662.93 1455.28,1652.21 1461.26,1643.49 1463.55,1641.93 1472.38,1639.9 1473.45,1639.81 1484.83,1640.48 1486.43,1639.34 1484.71,1634.7 1494.07,1623.14 1501.46,1624.83 1525.39,1621.87 1525.39,1621.89 1525.4,1621.88 1516.87,1639.48 1522.85,1647.13 1520.6,1652.78 1521.81,1654.99 1522.31,1654.33 1523.42,1653.33 1538.88,1644.2 1540.01,1643.75 1559.32,1639.5 1573.03,1634.35 1582.79,1623.43 1593.53,1626.13 1595.2,1627.06 1595.2,1627.06 1595.21,1627.06 1601.3,1632.76 1607.09,1633.28 1609.43,1634.35 1609.43,1634.36 1609.44,1634.37 1614.68,1639.49 1615.79,1641.79 1617.13,1653.77 1619.32,1658.96 1620.56,1659.3 1623.42,1654.57 1642.4,1661.66 1655.17,1660.2 1657.73,1660.82 1662.22,1663.85 1682.36,1659.43 1685.13,1659.89 1702.74,1670.55 1716.09,1658.24 1727.91,1662.14 1728.86,1654.64 1736.86,1652.53 1749.75,1641.25 1750.43,1640.78 1761.45,1634.77 1762.17,1634.47 1769.53,1632.23 1771.41,1625.25 1768.68,1620.43 1768.19,1618.39 1768.82,1604.37 1766.28,1599.61 1765.83,1598.06 1765.01,1585.33 1757.52,1579.69 1757.52,1579.69 1757.51,1579.69 1757.97,1569.56 1748.42,1569.18 1748.42,1569.17 1748.41,1569.17 1747.84,1559.01 1741.26,1551.5 1741.26,1551.49 1741.26,1551.49 1740.33,1549.39 1738.67,1534.05 1741.09,1531.16 1731.23,1516.44 1731.23,1516.44 1709.26,1494.69 1709.25,1494.69 1709.25,1494.69 1708.13,1492.05 1707.91,1479.16 1704.37,1469.62 1710.02,1460.7 1711.96,1454.61 1707.08,1445.09 1706.72,1444.4 1706.72,1444.39 1709.95,1439.78 1707.36,1430.46 1697.19,1422.06 1697.19,1422.06 1697.19,1422.05 1698.18,1419.41 1697,1419.35 1694.89,1418.59 1685.35,1411.46 1685.35,1411.45 1685.34,1411.45 1684.79,1401.98 1683.54,1397.82 1679.13,1396.58 1677.01,1395.06 1669.88,1384.58 1669.61,1384.09 1669.57,1384.02 1664.03,1372.04 1651.12,1366.23 1651.11,1366.22 1649.19,1364.25 1649.19,1364.25 1649.18,1364.24 1646.02,1356.83 1629.27,1359.65 1628.6,1359.69 1613.77,1359.5 1613.76,1359.49 1604.51,1347.33 1604.51,1347.33 1604.5,1347.33 1603.74,1345.39 1603,1338.09 1595.77,1326.67 1595.77,1326.67 1595.22,1324.07 1595.62,1321.39 1592.61,1317.98 1591.27,1318.09 1592.47,1321.06 1585.97,1323.2 1590.29,1328.86 1585.66,1340.72 1584.51,1347.17 1585.7,1356.96 1585.28,1359.17 1582.03,1365.37 1576.2,1392.65 1576,1393.3 1572.22,1402.51 1571.94,1403.06 "/>
   <polygon class="fil8" points="1573.61,1887.84 1583.19,1876.94 1584.86,1868.3 1591.48,1864.35 1592.79,1855.44 1605.33,1857.52 1615.48,1848.92 1617.78,1842.3 1618.21,1841.42 1622.91,1834.45 1630.65,1833.88 1637.48,1828.76 1649.88,1833.61 1651.66,1834.31 1651.36,1840.37 1655.37,1838.39 1654.48,1831.77 1654.49,1831.77 1654.48,1831.76 1664.59,1828.89 1667.18,1826 1666.54,1816.82 1666.54,1816.81 1666.54,1816.81 1672.97,1810.37 1668.04,1807 1665.63,1788 1655.52,1787.79 1649.25,1779.25 1649.26,1779.24 1652.25,1770.47 1649.18,1764.95 1648.74,1763.74 1647.33,1755.61 1640.44,1746.73 1639.83,1745.58 1634.07,1728.07 1629.48,1727.89 1626.89,1726.75 1614.56,1714.04 1614.56,1714.03 1614.56,1714.03 1626.96,1696.25 1625.08,1686.22 1613.04,1685.3 1613.04,1685.29 1617.9,1673.6 1610.13,1666.94 1610.13,1666.93 1610.13,1666.93 1612.38,1662.06 1609.89,1656.18 1609.61,1655.12 1608.37,1643.96 1605.06,1640.72 1599.33,1640.21 1597.07,1639.2 1590.75,1633.28 1585.37,1631.93 1578.06,1640.12 1576.57,1641.15 1561.71,1646.73 1561.18,1646.89 1542.22,1651.07 1527.96,1659.49 1520.84,1669.05 1512.2,1653.31 1514.17,1648.37 1507.94,1640.42 1512.43,1631.16 1501.74,1632.48 1500.43,1632.41 1496.99,1631.61 1493.35,1636.11 1495.59,1642.15 1488.15,1647.46 1485.72,1648.16 1473.55,1647.44 1466.7,1649.01 1461.38,1656.77 1460.95,1657.29 1450.64,1667.8 1449.04,1671.18 1450.12,1673.93 1450.06,1676.83 1444.1,1690.61 1444.26,1702.7 1444.2,1703.47 1442.06,1714.44 1441.24,1716.16 1438.21,1719.78 1437.97,1728.71 1437.83,1729.62 1435.33,1738.74 1434.32,1757.6 1433.78,1759.36 1423.45,1776.55 1420.72,1795.29 1417.4,1796.82 1416.79,1801.85 1416.79,1813.55 1528.54,1923.15 1542.09,1925.09 1544.32,1934.65 1544.38,1936 1543.48,1942.89 1547.07,1940.54 1552.87,1934.35 1553.76,1933.65 1559.59,1930.34 1559.5,1928.72 1556.02,1921.65 1555.67,1919.32 1556.8,1912.79 1552.89,1907.38 1561.95,1887.19 1561.96,1887.18 1563.52,1883.72 1569.87,1890.37 "/>
   <polygon class="fil8" points="1650.3,1884.4 1641.8,1878.26 1641.8,1878.25 1641.8,1878.25 1644.22,1867.54 1640.67,1856.39 1640.67,1856.39 1640.67,1856.38 1647.33,1848.63 1644.48,1845.09 1643.64,1842.53 1643.8,1839.41 1638.64,1837.39 1634.3,1840.63 1632.31,1841.39 1627.16,1841.78 1624.79,1845.3 1622.32,1852.41 1621.19,1854.06 1607.56,1865.61 1599.2,1864.22 1598.5,1869.01 1591.69,1873.07 1590.48,1879.4 1589.6,1881.2 1579.02,1893.24 1578.29,1893.87 1568.8,1900.27 1565.82,1897.15 1561.63,1906.49 1564.85,1910.96 1563.4,1919.39 1566.68,1926.05 1567.07,1927.54 1567.45,1934.63 1558.03,1939.97 1552.33,1946.05 1551.65,1946.61 1533.79,1958.35 1536.75,1935.72 1535.85,1931.89 1526.24,1930.51 1524.11,1929.45 1429.91,1837.07 1430.14,1837.6 1430.44,1839.12 1430.37,1846.74 1434.99,1852.52 1435.78,1854.32 1439.32,1876.92 1439.35,1877.83 1438.31,1889.44 1437.2,1891.82 1433.86,1895.09 1434.97,1900.9 1435.03,1901.66 1434.77,1921.58 1447.52,1934.72 1453.5,1935.82 1455.5,1936.87 1464.81,1946.15 1454.44,1962.82 1453.64,1971.57 1453.06,1973.27 1448.29,1980.76 1454.67,1992.91 1455.1,1994.41 1456.7,2017.61 1456.69,2018.26 1455.28,2031.69 1454.41,2033.72 1447.09,2042.52 1450.53,2049.45 1450.8,2050.17 1457.27,2074.56 1457.39,2075.6 1456.88,2100.93 1459.13,2106.27 1459.37,2108.41 1456.28,2125.56 1455.42,2127.37 1451.2,2132.27 1453.31,2140.06 1446.76,2146.93 1443.11,2159.69 1450.04,2167.77 1444.46,2196.19 1458.84,2210.63 1459.71,2211.98 1466.41,2229.78 1475.51,2236.1 1476.08,2236.59 1490.7,2251.85 1497.45,2256.86 1498.88,2259.02 1503.15,2276.72 1503.25,2277.73 1502.72,2293.09 1497.86,2292.85 1494.52,2311.6 1503.25,2319.57 1504.46,2321.91 1504.75,2324.18 1508.73,2324.29 1514.86,2333.74 1526.54,2336.08 1527.65,2336.48 1543.35,2345.23 1544.41,2346.09 1554.49,2358 1549.61,2364.54 1550.63,2371.04 1550.64,2372.18 1549.33,2380.76 1549.02,2381.77 1547.04,2386.07 1549.06,2388.34 1561.27,2387.51 1573.83,2406.43 1577.52,2410.95 1589.61,2414.44 1595.98,2430.81 1596.24,2432.02 1596.69,2442.57 1601.61,2442.79 1607.68,2450.52 1608.48,2452.55 1609.59,2465.29 1609.02,2467.63 1603.99,2475.72 1610.68,2487.69 1608.75,2490.85 1614.08,2495.49 1612.33,2505.14 1612.85,2508.63 1615.11,2509.53 1624.93,2500.02 1624.94,2500.02 1624.94,2500.02 1630.79,2501.58 1637.62,2495.24 1637.63,2495.24 1637.63,2495.24 1647.11,2499.52 1655.7,2499.91 1661.05,2494.01 1662.42,2493.04 1671.01,2489.51 1672.47,2489.22 1672.48,2489.22 1672.48,2489.22 1679.05,2489.26 1682.08,2487.89 1683.33,2480.79 1683.34,2480.79 1702.71,2481.3 1702.72,2481.3 1709.57,2492.28 1716.22,2496.89 1721.6,2495.7 1723.8,2489.76 1734.84,2487.61 1735.94,2482.76 1745.79,2478.43 1744.3,2472 1744.43,2469.83 1747.83,2460.59 1749.41,2458.67 1767.45,2447.47 1767.91,2447.22 1786.98,2438.83 1786.19,2437.24 1785.99,2436.75 1783.23,2428.48 1775.19,2417.04 1778.27,2408.28 1776.22,2407.25 1769.19,2407.55 1758.24,2410.49 1747.86,2419.21 1747.86,2419.21 1747.85,2419.22 1739.22,2408.03 1730.18,2402.35 1722.16,2400.94 1719.52,2392.31 1719.63,2389.79 1723.05,2381.3 1723.02,2375.32 1719.16,2369.83 1718.56,2368.49 1717.21,2362.61 1711.98,2357.27 1702.87,2354.2 1701.7,2353.56 1687.96,2342.48 1687.42,2337.19 1687.71,2335.27 1690.43,2329.09 1691.5,2316.69 1688.18,2308.62 1682.62,2305.26 1681.91,2304.69 1672.56,2295.36 1671.83,2294.34 1667.39,2285.37 1662.98,2282.22 1661.89,2281.03 1656.87,2272.41 1647.74,2267.33 1635.53,2267.65 1635.51,2267.61 1635.32,2267.61 1627.58,2255.3 1616.38,2246.76 1615.44,2245.72 1611.43,2239.18 1616.83,2230.63 1607.97,2221.88 1606.96,2220.12 1605.12,2213.07 1597.78,2209.75 1587.72,2210.36 1578.23,2213.86 1576.49,2214.06 1576.48,2214.06 1564.74,2212.68 1564.74,2212.68 1564.73,2212.68 1558.15,2201.38 1563.92,2196.44 1571.7,2184.36 1572.76,2175.54 1579.94,2170.4 1580.4,2165.34 1580.76,2164.04 1586.34,2152.37 1586.35,2152.37 1586.35,2152.37 1594.19,2153.74 1597.39,2151.73 1597.43,2146.45 1607.67,2143.98 1609.92,2140.05 1612.17,2138.28 1621.87,2135.46 1621.61,2133.19 1635.2,2121.6 1635.21,2121.61 1635.21,2121.6 1643.22,2125.24 1644.85,2126.64 1647.9,2131.34 1651.17,2132.24 1654.26,2119.51 1654.26,2119.52 1654.27,2119.51 1663.42,2125.15 1665.89,2124 1665.89,2123.99 1665.9,2123.99 1668.47,2123.75 1676.99,2126.02 1685.96,2123.31 1690.81,2118.67 1690.82,2118.67 1690.82,2118.66 1706.67,2123 1731.85,2122.63 1735.26,2119.58 1736.93,2114.15 1737.3,2113.32 1738.42,2111.44 1721.5,2107.81 1719.94,2107.08 1707.54,2097.33 1707.54,2097.31 1707.53,2097.31 1707.92,2083.63 1707.92,2083.63 1702.84,2069.13 1702.84,2069.13 1702.83,2069.12 1702.63,2068.11 1702.03,2058.78 1697.24,2054.08 1691.46,2055.98 1681.87,2050.57 1681.87,2050.55 1681.87,2050.55 1687.17,2029.15 1688.22,2027.31 1695.03,2020.75 1692.93,2017.33 1692.93,2017.33 1692.92,2017.31 1700.96,2010.78 1703.71,2003.63 1702.85,1998.86 1696.03,1987.63 1696.03,1987.63 1696.02,1987.61 1699.35,1981.02 1696.92,1966.88 1700.27,1964.1 1697.34,1958.46 1697.35,1958.46 1697.34,1958.44 1705.05,1949.26 1706.6,1948.15 1710.26,1946.74 1706.47,1940.41 1706.47,1940.41 1706.46,1940.39 1710.14,1931.72 1706.09,1925.67 1705.8,1925.18 1698.84,1910.45 1688.12,1909.06 1682.8,1899.94 1682.8,1899.93 1682.8,1899.92 1682.32,1897.52 1683.51,1888.57 1680.3,1881.3 1680.3,1881.29 1680.29,1881.28 1684.53,1873.91 1681.14,1869.3 1676.3,1868.79 1673.8,1870.14 1671.15,1879.91 1661.41,1881.29 1650.3,1890.65 "/>
   <path class="fil8" d="M1851.77 2495.32l10.31 -8.38 1.12 1.38 -0.43 -1.82 1.49 2.29 -0.5 -2.63 10.83 -2.07 2.04 2.44 7.11 -1.93 1 -0.12 16.58 0.04 1.15 0.18 4.28 1.36 5.61 -1.78 1.49 -0.15 11.36 1.07 9.43 -3.53 2.78 0.04 5.32 2.23 9.71 -2.51 1.33 -0.11 10.74 1.13 7.02 -0.41 11.48 -7.72 6.33 3 8.6 1.15 4.54 7.3 4.94 -1.07 5.13 -4.34 1.71 -0.82 10.82 -2.19 4.72 -2.83 -6.5 -2.8 0 -0.02 1.25 -8.49 -3.02 -5.18 -0.5 -1.96 0.06 -3.88 -4.14 -7.2 -8.17 -9.39 -0.27 -0.34 -4.57 -6.71 -0.61 -2.77 0 -0.02 0 0 0.43 -2.56 0 0 -11.98 -2.07 -2.5 -9.59 -3.7 -1.56 -7.91 -1.08 -1.15 -0.34 -7.09 -3.43 -1.91 -2.1 -0.85 -2.26 -12.01 -2.3 -3.06 -11.54 -12.62 -1.98 0.01 -0.02 -0.01 -0 5.74 -8.89 -5.9 -5.16 -0.49 -0.52 -2.62 -3.35 -8.65 5.74 -3.19 -6.99 -9.37 -0.12 0 -0.02 -0 0 4.09 -12.02 -1.73 -3.69 -0.36 -1.87 0 -0.02 0 0 0.54 -7.41 0 -0.02 1.13 -2.44 3.02 -2.96 -9.62 -6.44 -1.44 -1.83 -2.69 -7.22 -0.15 -2.19 0 -0.01 -0 -0.01 1.13 -4.79 -11.5 -4.23 0.01 -0.01 -0.01 -0 7 -7.61 -8.8 -4.57 0.01 -0.01 -0.01 -0 6.3 -8.78 5.7 -10.39 10.09 -2.41 5.04 -7.29 10.92 -0.91 4.72 -4.39 3.65 -5.4 -5.53 -4.88 -0.94 -1.25 -4.06 -8.77 -7.57 -4.5 -1.33 -5.38 -6.62 -7.97 -6.18 -2.23 -1.19 -0.69 -6.47 -5.52 -1.31 -2.43 -0.21 -1.74 -5.71 2.01 -11.57 7.97 -6.11 -9.99 -4.33 -1.4 -1.74 -1.18 -6.86 -8.18 -0.86 -2.06 -1.55 -14.8 -9.27 -6.58 -1.39 -8.78 0 -0.02 0.31 -2.2 0 -0 0 -0.01 5.92 -12.56 6.56 1.39 10.09 -14.78 7.82 7.48 1.46 -0.7 1.32 -2.22 -5.14 -3.06 2.05 -11.75 -10.33 -9.59 -1 -1.5 -1.27 -3.55 -9.03 -1.08 -2.31 -4.65 -10.67 0.03 -2.38 -0.83 -2.22 -1.79 -1.79 2.13 -6.11 0.22 -0.6 2.67 -0 0.01 0 0.01 -1.1 1.94 -6.85 6.48 -2.47 1.03 -9.26 0.35 -4.02 4.49 -1 0.8 -3.67 2.01c-3.36,1.85 -6.73,3.7 -10.09,5.53l-0.36 0.2 -0.36 0.2 -8.72 4.78 -3.33 -11.09 -5.82 1.83 -2.87 -0.26 -4.98 -2.58 -1.55 -1.47 -1.62 -2.79 -2.92 1.72 -10.3 -4.26 -2.72 -7.57 -3.07 -0.42 -2.31 3.87 -1.85 6 -1.1 1.71 -5.26 4.7 -2.49 0.97 -27.14 0.4 -1.04 -0.13 -12.24 -3.35 -2.43 2.32 -1.52 0.91 -10.83 3.28 -2.07 0.03 -8.26 -2.2 -4.93 2.3 -3.73 -2.3 -2.47 10.19 -12.23 -3.38 -2.18 -1.59 -3.23 -4.97 -2.61 -1.19 -6.83 5.81 0.52 4.62 -14.38 4.18 -3.11 5.46 -7.67 1.85 -0.03 3.51 -7.96 5.01 -2.68 0.54 -3.61 -0.64 -2.79 5.83 -0.71 7.86 -7.27 5.2 -0.76 6.36 -0.58 1.61 -8.56 13.29 -0.73 0.83 -1.38 1.18 1.48 2.54 7.06 0.83 9.15 -3.37 1.09 -0.22 11.59 -0.7 1.79 0.33 11.5 5.21 2.5 9.57 12.48 12.31 -6.14 9.73 1.17 1.91 11.18 8.52 0.91 1 5.83 9.26 9.14 -0.21 1.92 0.48 10.96 6.09 1.44 1.41 5.13 8.8 4.53 3.23 1.2 1.42 4.58 9.27 8.56 8.55 6.25 3.78 1.55 1.82 4.17 10.11 0.28 1.76 -1.2 13.93 -0.31 1.22 -2.57 5.85 0.11 1.12 10.74 8.66 9.32 3.15 1.5 0.94 6.63 6.76 1 1.81 1.42 6.19 4.11 5.84 0.69 2.17 0.04 7.94 -0.27 1.43 -3.2 7.94 0.87 2.85 4.15 0.73 1.37 0.54 10.26 6.45 0.98 0.89 4.2 5.44 4.97 -4.17 1.46 -0.76 12.14 -3.27 0.83 -0.12 8.46 -0.35 1.85 0.4 8.94 4.47 -4.01 11.38 6.07 8.63 0.43 0.79 5.33 13.5 2.55 3.13 3.97 0.42 2.28 1.07 4.88 4.81 11.13 -1.28 -0.3 13.24 2.26 2.29 12.5 5.7 0.69 0.4 6.07 4.52 1.33 1.82 2.35 6.76 0.15 0.57 0.86 4.8 3.85 8.35 1.69 -0.06z"/>
   <polygon class="fil8" points="2583.44,2377.91 2589.88,2378.78 2589.59,2380.94 2592.14,2379.92 2595.13,2383.06 2596.7,2382.32 2596.7,2378.24 2597.65,2375.72 2607.73,2364.28 2608.98,2358.46 2602.7,2351.66 2608.92,2343.84 2610.38,2342.72 2615.53,2340.48 2613.59,2340.36 2613.59,2340.35 2613.59,2340.35 2611.65,2324.47 2618.23,2321.61 2618.16,2320.87 2613.91,2320.23 2613.91,2320.22 2613.91,2320.22 2613.48,2306.93 2615.53,2306.03 2607.15,2297.92 2606.07,2296 2606.07,2295.99 2606.07,2295.98 2605.26,2292.22 2602.97,2289.04 2590.28,2282.47 2588.57,2280.67 2588.56,2280.66 2588.56,2280.66 2585.41,2273.78 2585.41,2273.77 2588.63,2269.57 2588.64,2268.93 2579.79,2265.01 2579.79,2265 2579.78,2265 2579.23,2261.81 2569.97,2259.28 2568.52,2258.52 2561.17,2252.34 2552.98,2252.66 2547.77,2246.97 2546.79,2244.8 2546.79,2244.79 2546.79,2244.79 2546.23,2239.42 2540.41,2232.7 2540.41,2232.7 2539.95,2232.05 2539.95,2232.04 2539.94,2232.04 2536.66,2226.06 2533.99,2224.43 2532.92,2223.44 2525.62,2213.6 2515.7,2204.6 2515.7,2204.59 2514.69,2203.09 2514.69,2203.09 2514.68,2203.09 2513.91,2200.98 2509.75,2201.46 2503.14,2194.92 2502.6,2194.26 2501.17,2192.04 2497.69,2193.12 2494.91,2192.9 2493.48,2192.2 2490.51,2194.55 2488.02,2195.37 2478.64,2195.07 2477.7,2194.92 2469.06,2192.39 2469.05,2192.39 2467.36,2188.85 2456.01,2185.81 2448.66,2186.52 2445.35,2181.02 2439.3,2180.52 2437.29,2179.73 2434.19,2177.33 2428.44,2177.87 2428.44,2177.86 2428.44,2177.86 2426.08,2167.79 2426.08,2166.07 2427.2,2161.17 2426.17,2159.39 2422.25,2152.61 2423.96,2150.63 2422.87,2150.17 2419.09,2153.06 2412.74,2161.08 2406.6,2154.26 2406.6,2154.25 2405.68,2152.33 2405.67,2152.32 2405.37,2150.44 2401.54,2147.4 2401.54,2147.4 2401.54,2147.39 2401.39,2140.33 2401.48,2139.44 2401.98,2137.16 2398.57,2135.75 2398.57,2135.75 2398.56,2135.74 2402.21,2125.15 2402.82,2124.03 2405.71,2120.35 2404.54,2112.63 2410.09,2109.19 2409,2106.06 2403.26,2107.07 2402.77,2107.12 2392.85,2107.56 2392.34,2106.06 2390.03,2099.22 2390.15,2096.49 2390.59,2095.49 2388.62,2094.33 2381.78,2093.96 2381.78,2093.95 2381.78,2093.95 2379.02,2084.8 2378.87,2083.91 2378.39,2075.01 2376.81,2073.61 2370.26,2072.79 2368,2071.69 2362.3,2065.92 2355.97,2064.15 2355.64,2064.05 2349.62,2061.77 2348.21,2060.83 2344.89,2057.35 2341.04,2056.05 2333.05,2055.39 2330.76,2054.36 2327.1,2050.92 2326.3,2049.83 2321.89,2040.92 2321.89,2040.91 2321.89,2040.91 2321.5,2039.16 2321.5,2039.16 2321.62,2033.78 2321.32,2033.45 2317.37,2034.21 2314.89,2033.84 2307.78,2030.1 2306.07,2028.25 2306.07,2028.24 2302.59,2020.31 2297.66,2018.96 2296.16,2018.17 2286.92,2010.14 2283.22,2009.43 2281.11,2008.24 2277.11,2003.8 2276.48,2002.84 2276.44,2002.75 2276.44,2002.74 2276.41,2002.69 2273.64,1996.67 2272.3,1993.29 2269.24,1993.31 2255.44,1995.44 2254.62,1995.47 2245.07,1994.84 2240.56,1985.88 2240.57,1985.87 2240.56,1985.87 2242.7,1981.18 2236.93,1985.12 2236.45,1985.39 2228.25,1989.4 2224.42,1994.04 2221.87,1995.4 2211.69,1996.45 2209.69,1996.11 2200.44,1991.78 2200.45,1991.78 2200.44,1991.77 2206.82,1977.98 2204.92,1976.59 2204.07,1975.74 2199.83,1969.88 2196.56,1968.51 2193.4,1970.13 2185.44,1976.22 2183.44,1976.99 2171.15,1978.02 2167.34,1970.86 2167.34,1970.85 2167.34,1970.85 2167,1968.19 2172.54,1944.88 2172.54,1944.88 2162.63,1919.02 2162.63,1919.02 2162.63,1919.02 2155.69,1894.54 2155.69,1894.53 2155.69,1894.53 2155.59,1893.03 2155.59,1893.02 2155.67,1892.34 2155.64,1892.28 2148.04,1891.57 2139,1893.62 2121.04,1881.82 2120.34,1873.5 2115.49,1869 2114.09,1866.12 2112.59,1866.65 2106.48,1867.11 2098.91,1872.69 2093.3,1871.02 2092.15,1871.56 2093.37,1875.83 2082.53,1886.28 2071.89,1878.5 2066.04,1879.42 2061.13,1878.53 2058.55,1877.07 2045.65,1883.07 2036.61,1875.1 2033.91,1876.97 2023.02,1881.36 2007.1,1892.41 2006.5,1892.8 1993.34,1900.22 1989.44,1901.17 1972.8,1900.75 1971.13,1900.54 1949.69,1895.18 1955.26,1888.17 1763.34,1691.42 1762.65,1690.44 1762.01,1689.12 1751.86,1688.65 1750.16,1688.15 1743.08,1684.16 1731.73,1680.21 1728.15,1670.25 1717.95,1666.88 1703.69,1680.02 1682.49,1667.2 1660.67,1671.99 1654.64,1667.92 1642.37,1669.33 1640.62,1669.11 1626.68,1663.9 1624.1,1668.16 1622.87,1667.82 1627.06,1671.41 1624.11,1678.5 1631.48,1679.06 1635.02,1697.96 1624.37,1713.23 1631.29,1720.35 1639.65,1720.67 1646.87,1742.6 1653.93,1751.7 1654.67,1753.39 1656.14,1761.83 1660.54,1769.74 1657.74,1777.94 1659.44,1780.26 1672.33,1780.53 1675.15,1802.63 1684.83,1809.24 1674.37,1819.72 1674.99,1828.65 1669.5,1834.79 1667.72,1835.92 1662.89,1837.29 1663.63,1842.79 1656.58,1846.28 1656.04,1849.36 1655.17,1851.17 1649.2,1858.13 1651.78,1866.23 1651.87,1868.21 1650.32,1875.04 1653.93,1877.64 1657.37,1874.75 1659.29,1873.89 1665.1,1873.06 1667.3,1864.98 1673.72,1861.52 1675.91,1861.09 1685.28,1862.07 1693.59,1873.39 1688.8,1881.7 1690.91,1886.46 1691.19,1888.48 1690.03,1897.22 1692.81,1901.99 1703.94,1903.43 1712.57,1921.68 1718.74,1930.89 1714.96,1939.8 1721.43,1950.58 1710.26,1954.89 1706.43,1959.45 1709.84,1966.02 1705.17,1969.9 1707.07,1980.97 1706.72,1983.32 1704.71,1987.3 1709.71,1995.52 1710.2,1996.82 1711.37,2003.33 1711.18,2005.35 1707.69,2014.46 1706.54,2016.05 1702.91,2019 1704.73,2021.96 1694.29,2032.03 1690.63,2046.79 1692.24,2047.69 1699.25,2045.39 1708.4,2054.37 1709.53,2056.84 1710.19,2067.11 1715.33,2081.78 1715.54,2083.13 1715.24,2093.69 1723.95,2100.54 1745.11,2105.08 1755.04,2106.43 1758.19,2115.17 1761.87,2116.69 1768.12,2113 1773.05,2121.46 1775.65,2122.81 1787.33,2119.13 1790.17,2128.63 1794.52,2126.28 1804.57,2120.72 1810.3,2114.32 1821.34,2113.9 1826.32,2109.2 1827.96,2101.93 1836.54,2101.61 1840.95,2096.35 1847.94,2101.98 1862,2101.94 1864.58,2107.13 1874.19,2108.28 1876.74,2115.39 1889.44,2127.18 1887.57,2137.83 1894.74,2142.09 1888.94,2151.86 1887.3,2153.36 1880.07,2156.81 1874.93,2151.89 1867.02,2163.47 1861.36,2162.27 1858.5,2168.34 1859.21,2172.79 1868.69,2179.52 1870.47,2196.57 1875.88,2203.03 1880.5,2204.53 1882.57,2206.17 1885.22,2210.51 1890.61,2206.8 1891.5,2206.33 1906.6,2201.02 1907.8,2210.69 1912.61,2214.8 1919.1,2217.14 1920.74,2218.28 1928.58,2227.74 1929.36,2229.26 1930.13,2232.37 1935.97,2235.84 1937.49,2237.52 1941.72,2246.65 1951.65,2255.41 1943.98,2266.74 1943.43,2267.39 1937.45,2272.96 1935.17,2273.97 1926.51,2274.7 1922.7,2280.2 1920.46,2281.74 1912.25,2283.7 1908.08,2291.3 1907.83,2291.69 1906.49,2293.55 1916.33,2298.67 1910.29,2305.24 1917.44,2307.87 1915.04,2318.13 1916.89,2323.1 1933.28,2334.06 1924.6,2342.57 1924.24,2347.6 1926.19,2351.78 1926.35,2354.61 1925.15,2358.17 1928.87,2358.21 1930.35,2361.47 1937.42,2356.78 1944.16,2365.38 1954.75,2374.64 1951.78,2379.25 1957.75,2380.19 1960.85,2391.89 1972.34,2394.08 1974.16,2398.93 1979.34,2401.43 1987.13,2402.5 1988.1,2402.76 1995.74,2405.99 1997.94,2414.45 2012.58,2416.97 2011.13,2425.51 2014.73,2430.8 2023,2440.31 2023.43,2440.9 2028.24,2449.29 2028.74,2451.24 2028.67,2455.11 2031.83,2460.54 2032.31,2463 2031.72,2467.03 2039.15,2470.22 2048.66,2471.31 2052.2,2471.96 2052.69,2470.2 2051.42,2465.41 2051.38,2463.68 2053.33,2454.2 2061.89,2453.74 2061.96,2453.56 2057.52,2448.65 2056.75,2447.38 2053.33,2437.83 2068.69,2427.99 2076.43,2420.76 2078.9,2419.75 2087.08,2419.46 2100.49,2402.06 2114.03,2404.94 2116.2,2406.3 2120.18,2411.28 2121.02,2413.75 2120.7,2424.76 2125.06,2432.82 2131.46,2437.74 2140.12,2439.07 2142.59,2440.56 2145.3,2444.16 2156.23,2446.58 2158.2,2447.7 2166.43,2456.54 2169.59,2456.66 2167.82,2450.63 2167.75,2448.8 2169.33,2441.09 2167.12,2433.79 2167.02,2431.94 2168.15,2426.29 2164.71,2419.39 2174.61,2410.04 2185.42,2412.24 2202.04,2410.02 2203.9,2410.24 2206.25,2411.15 2207.46,2411.08 2210.29,2406.3 2211.35,2405.15 2218.24,2400.17 2219.83,2399.5 2228.43,2398.04 2230.28,2398.19 2249.69,2404.82 2265,2400.44 2266.64,2400.35 2278.41,2402.26 2287.62,2400.61 2290.06,2401 2297.26,2404.8 2304.02,2405.18 2312,2400.49 2314.28,2399.98 2323.05,2400.83 2337.8,2398.02 2355.48,2394.3 2373.77,2389.27 2380.53,2384.6 2381.9,2378.14 2392.35,2375.67 2398.09,2370.95 2400.38,2370.09 2410.59,2369.75 2418.1,2366.94 2420.74,2358.82 2429.58,2358.97 2439.46,2353.16 2440.5,2352.72 2445.57,2351.52 2448.83,2341.75 2467.01,2340.9 2468.4,2341.09 2475.25,2343.4 2482.16,2338.65 2495.58,2343.73 2501.44,2342.7 2512.41,2336.48 2517.35,2349 2523.35,2349 2525.73,2349.84 2531.79,2354.71 2535.57,2351.98 2537.65,2351.27 2545.27,2350.98 2544.28,2364.13 2550,2366.61 2551.35,2367.61 2554.26,2370.96 2559.16,2367.79 2567.41,2371.75 2577.64,2369.09 "/>
   <polygon class="fil8" points="2430,1795.58 2429.9,1797.78 2432.87,1805.11 2433.1,1805.93 2434.28,1813.07 2439.27,1816.9 2444.36,1816 2445.84,1816.04 2457.89,1818.74 2459.21,1824.54 2466.45,1831.58 2471.76,1829.93 2475.78,1819.57 2488.26,1823.15 2489.05,1823.48 2493.79,1826.08 2505.11,1823.29 2507.57,1823.51 2529.54,1833.29 2547.59,1838.46 2548.2,1842.85 2551.7,1844.89 2556.38,1844.09 2557.23,1842.15 2558.81,1840.37 2558.81,1840.37 2563.17,1837.83 2563.17,1837.83 2563.41,1833.89 2563.41,1833.89 2569.02,1830.93 2568.9,1829.74 2568.9,1829.74 2569.43,1827.41 2569.43,1827.4 2573.22,1821.17 2577.62,1812.18 2584.23,1810.49 2585.53,1809.17 2584.59,1805.49 2584.59,1805.49 2584.65,1803.42 2584.65,1803.42 2587.48,1794.46 2587.48,1794.46 2588.77,1792.6 2599.63,1784.15 2598.66,1779.54 2598.66,1779.54 2606.37,1775.9 2609.01,1757.71 2609.01,1757.71 2621.91,1754.29 2621.91,1754.29 2627.67,1750.03 2627.67,1750.02 2632.85,1740.98 2632.85,1740.98 2635.12,1739.21 2635.12,1739.21 2644.29,1736.63 2644.29,1736.63 2650.36,1732.38 2650.36,1732.38 2654.2,1724.79 2653.54,1723.65 2653.55,1723.65 2652.64,1722.06 2656.29,1712.84 2654.89,1705.72 2661.22,1697.43 2666.95,1685.26 2663.79,1675.13 2663.68,1673.31 2665.21,1664.95 2661.33,1658.56 2660.78,1656.39 2661.72,1640.12 2661.83,1639.39 2664.91,1627.3 2665.52,1626 2670.82,1618.69 2672.28,1613.21 2673.86,1611.02 2679.01,1607.6 2680.47,1603.92 2678.37,1598.52 2678.31,1595.93 2679.48,1592.51 2665.31,1585.01 2653.54,1588.63 2648.76,1582.78 2634.58,1577.97 2633.15,1577.09 2620.89,1565.19 2613.69,1564.07 2611.35,1562.76 2605.63,1555.91 2591.93,1555.46 2580.93,1541.02 2569.86,1533.92 2565.26,1533.68 2565.43,1534.45 2559.9,1533.38 2559.78,1533.37 2548.61,1531.2 2547.15,1530.58 2540.73,1526.1 2536.78,1527.38 2531.81,1535.71 2530.9,1535.83 2532.7,1540.21 2528.06,1548.04 2526.13,1557.02 2526.13,1568.12 2522.66,1571.5 2523.89,1577.3 2523.8,1580.81 2522.65,1585.17 2526.92,1596.85 2513.24,1605.09 2504.07,1612.61 2499.45,1614.34 2498.76,1614.36 2498.77,1616.76 2495.46,1627.13 2492.75,1630.94 2489.71,1633.2 2493.22,1638.22 2494.14,1639.95 2497.63,1649.47 2497.99,1653.35 2496.44,1662.43 2497.64,1665.19 2498.23,1668.5 2497.72,1680.59 2489.67,1681.83 2490.44,1684.09 2490.76,1687.63 2489.5,1696 2490.2,1703.72 2491.75,1708.11 2492.16,1710.64 2492.21,1726.69 2478.06,1736.36 2469.5,1733.68 2468.75,1733.89 2468,1735.22 2468.79,1759.62 2456.87,1761.7 2451.21,1766.38 2451.02,1769.73 2450.12,1772.92 2442.13,1787.68 2439.01,1790.78 "/>
   <path class="fil8" d="M1599.08 1060.53l-10.5 0.13 -7.54 3.39 -5.47 18.24 -4.95 37.12 -0.33 1.15 -16.53 34.64 -2.72 9.18 -1.28 1.91 -19.15 15.26 -0.36 0.24 -6.87 4.3 0.22 12.26 2.55 9.05 8.29 1.85 -0 0.01 0.01 0 -1.76 10.61 3.06 13.53 6.99 6.48 6.67 -0.25 2.47 0.8 9.5 7.39 0 0.01 0.01 0.01 -1.47 11.74 3.69 12.06 8.04 10.1 0 0.01 0 0 0.79 1.85 2.45 17.29 8 6.6 15.78 -3.36 0.7 -0.07 10.4 -0.25 10.85 -3.19 5.51 -5.57 2.22 -1.1 13.39 -1.76 5.5 -7 2.6 -9.24 1.53 -2.13 9.62 -6.51 0.49 -0.27 14.35 -6.89 1.59 -18.19 32.54 -19.94 3.29 13.75 13.11 2.96 1.73 0.89 7.31 6.67 -2.07 13.29 2.7 18.46 -0.09 1.5 -1.44 5.52 7.36 10.29 0.27 0.43 7.89 14.96 0.42 1.34 1.44 12.36 6.64 -4.35 1.55 -0.58 12.83 -1.82 1.83 0.19 18.14 6.56 -5.68 11.15 -0.08 7.47 5.66 3.63 1.52 1.91 2.19 6.04 18.12 2.89 2.25 1.24 9.27 10.5 0.89 1.83 1.59 8.66 4.78 2.69 7.28 0.45 8.57 -6.99 7.95 2.69 4.36 -4.5 2.23 -1.12 7.03 -0.92 1.95 0.26 8.18 3.41 17.56 -9.88 5.85 3.01 12.64 0.85 3.69 -4.49 0.43 -0.44 5.74 -5.03 1.48 -16.98 0.42 -1.4 7.46 -14.52 0.4 -0.64 4.28 -5.38 4.1 -16.73 0.65 -1.4 2.85 -3.76 -0.13 -7.27 -6.65 -12.38 -0.31 -0.79 -3.7 -13.35 19.27 -2.37 11.97 -5.09 3.98 -4.02 -4.56 -4.48 -0.24 -0.25 -10.41 -12.27 -0.83 -1.79 -3.76 -20.66 -0.06 -0.85c0.84,-16.8 1.78,-31.34 3.42,-47.99l-2.98 -18.54 -11.46 -8.9 -1.52 -18.11 0 -0.46 1.27 -31.89 0.4 -1.56 8.59 -16.97 0.69 -0.95 12.78 -13.04 1.85 -1.04 9.5 -2.22 8.34 -11.28 3.62 -17.38 4.99 -3.02 2.03 -18.83 0.13 -0.67 6.5 -22.01 1.62 -2.15 12.96 -8.21 1.26 -13.7 -2.95 -14.37 -2.3 -18.44 -0.02 -0.7 0.96 -15.01 0.34 -1.34 8.3 -18.11 0.82 -1.16 20.98 -20.18 21.06 -17.61 17.04 -19.58 0.19 -9.48 -1.35 -7.1 -11.41 3.06 -25.47 16.1 -7.83 11.03 -0.7 0.74 -37.02 30.21 -2.1 0.85 -14.28 1.13 -1.8 -0.3 -24.96 -10.78 -22.61 -5.3 -14.52 1.4 -15 11.44 -18.11 28.89 -0.58 0.73 -13.57 12.98 -1.68 0.94 -14.54 3.77 -0.78 0.12 -41.67 2.09 -12.44 2.19 -11.83 5.01 -12.4 11.02 -0.61 0.44 -19.56 11.42 -0.8 0.34 -27.87 8.55 -17.62 14.54 -8.48 14.57 -7.1 19.01 -0.73 1.2 -13.44 15.05 -0.96 0.79 -23.03 12.93 -8.02 7.07 -6.77 14.77 -23.11 4.25 -1.39 0 -16.3 -3.07z"/>
   <path class="fil8" d="M1515.81 1188.22l-2.26 0.24 -8.78 -9.48 -6.65 -0.46 -5.85 2.18 -1.33 0.25 -9.52 0 -19.19 9.11 -0.41 0.16 -13.76 4.68 -1.2 0.19 -10.5 0.05 -1.48 -0.28 -8.26 -3.43 -7.19 2.3 -4.92 4.19 -1.07 8.33 -5.84 4.16 -4.72 -1.81 -1.62 -1.19 -3.44 -4.33 -2.32 0.47 -3.11 6.62 -0.3 0.54 -5.69 8.36 -0.89 0.93 -6.83 5.02 -2.42 7.2 -1.77 2.13 -8.59 4.71 -1.95 0.46 -13.07 -0.41 -0.75 0.23 4.18 8.43 0.39 1.39 0.25 3.11 1.89 3.55 3.14 1.39 1.04 0.69 8.39 7.72c0.09,5.02 1.52,20.33 -0.96,23.92l-4.11 18.87 -0.24 11.76 1.09 1.91 7.66 1.11 2.87 10.01 0.13 1.09 -0.12 9.06 4.62 3.45 1.28 1.7 3.62 9.44 0.22 0.95 0.43 3.88 2.81 3.06 0.76 1.24 2.37 6.3 0.24 1.24 0.18 6.02 2.33 6.12 3.79 5.42 0.54 1.11 1.43 4.94 0.11 1.65 -1.15 7.12 1.67 3.18 -1.88 6.04 1.89 7.4 0.1 1.21 -0.67 8.96 2.23 6.31 2.96 1.99 1.61 2.4 4.91 23.7 -5.25 4.38 0.78 24.11 3.83 2.12 1.53 1.58 3.35 6.48 -6.39 4.61 3.33 3.95 -5.35 11.44 3.55 3.2 -1.88 5.49 0.17 0.14 0.95 -1.13 2.13 -1.26 17 -3.57 11.46 -7.09 1.44 -0.54 11.3 -1.67 0.62 -0.03 11.76 0.26 8.63 1.04 7.08 -8.58 11.02 -18.09 0.69 -0.83 6.2 -5.63 5.31 -8.38 0.79 -0.89 20.69 -17.24 20.83 -25.3 2.15 -5.77 0.64 -1.11 5.43 -6.47 3.25 -13.84 0.48 -1.13 5.64 -9.1 3.52 -8.57 5.87 -27.46 0.35 -0.97 2.94 -5.62 -1.11 -9.22 0.03 -1.12 1.31 -7.32 0.21 -0.71 3.22 -8.26 -8.22 -10.77 8.49 -2.8c-4.37,-3.52 -8.68,-7.11 -13,-10.68l-1.36 -2.41 -2.51 -17.72 -7.83 -9.85 -0.66 -1.27 -4.15 -13.58 -0.15 -1.57 1.03 -8.26 -4.98 -3.88 -6.87 0.26 -2.72 -1.01 -9.01 -8.35 -1.12 -1.95 -3.48 -15.42 -0.05 -1.44 0.71 -4.26 -5.71 -1.27c-1.45,-5.15 -4.14,-20.66 -4.23,-25.6z"/>
   <path class="fil8" d="M2490.02 1992.83l2.48 -6.13 -6.54 1.15 4.02 -11.39 1.34 -1.8 5.36 -3.92 -4.98 -4.25 1.81 -4.85 -12.05 5.92 3.31 -12.46 0.54 -1.18 7.51 -11.04 7.63 2.93 2.01 1.79 1.22 2.33 6.37 1.06 -1.07 -1 -1.19 -2.56 -0.17 -3.1 -8.03 -3.13 1.91 -9.26 0.76 -0 -0.26 -8.01 3.91 -1.03 -0.3 -0.22 -1.32 -1.78 -1.81 -5.06 3.32 -2.98 -3.59 -0.24 -0.13 -1.93 -8.26 5.81 3.01 -19.06 2.33 -1.31 -0.28 -1.44 -9.09 -5.65 5.89 -8.57 -1.21 -5.21 10.9 -0.15 1.39 -3.9 12.77 -1.18 2.58 -5.58 1.52 -0.55 0.24 -0.08 6.76 -2.39 1.34 -0.2 0.05 -0.01 3.33 0.11 4.56 -2.89 1.27 -4.72 -0.28 -8.13 -0.16 -1.14 -13.98 -4.06 -21.09 -9.38 -11.5 2.84c-3.22,0.18 -5.69,-2.35 -8.39,-3.46l-5.43 -1.56 -2.83 7.3 -13.11 4.07 -11.3 -10.96 -1.56 -4.11c-8.41,-1.88 -5.06,-1.74 -14.22,-0.11l-8.85 -6.79c-2.37,-2.67 -1.88,-7.34 -2.8,-10.6l-2.97 -8.13 -5.15 2.74 1.15 -11.95 -2.14 2.18 -13.81 -0.64 -2.37 -0.59 -8.03 10.02 -6.58 9.1 -9.63 0.82 -9.68 7.36 -10.31 15.38 -9.25 -0.06 -3.44 4.66 -8.99 -0.72 -8.35 1.74 -5.66 -9.23 -6.24 -3.28 -9.01 -1.73 -3.59 -2.06 -0.55 0.48 -8.71 4.76 -15.54 12.31 -3.57 1.58 -13.95 2.11 -1.13 0.06 -9.25 -0.04 -2.07 0.55 -7.43 8.14 -2.11 1.61 -5.94 3.12 0.19 0.69 0.03 4.02 -1.21 4.56 1.85 5.96 -7.94 14.44 -21.57 -4.46 -11.21 3.12 -1.91 0.27 -1.86 0.03 -1.99 3.01 -3.01 2.68 -9.67 4.72 -2.89 0.74 -5.58 0.33 5.2 18.38 10.29 26.85 0.15 2.23 -5.48 23.04 0.78 1.46c9.81,-0.82 4.05,0.39 13.49,-6.1l7.24 -3.78 9.11 4.42 4.52 6.26 6.45 4.7 -5.81 12.59 1.43 0.67 7.59 -0.79 4.62 -5.04 8.66 -4.24 10.97 -7.49 8.8 6.6 -3.59 7.88 0.92 1.82 4.75 0.31 14.17 -2.13 8.62 -0.06 5.7 13.46 2.76 3.07 5.24 1.53 9.37 8.15 7.58 2.07 4.39 10.04 4.74 2.5 6.86 -1.32c1.87,2.07 4.65,4.35 5.14,7.25l-0.13 5.96 3.7 7.47 2.18 2.05 7.98 0.78 6.78 2.74c3.52,2.89 0.77,2.94 8.44,5.46l8.83 2.97 5.47 5.53c1.02,0.5 5.93,0.09 8.45,1.74l4.87 4.32 0.62 11.59 1.09 3.61 4.17 0.65 8.57 5.08 -2.56 5.82 0.51 1.51 3.9 -0.18 11.94 -2.11 2.77 7.98 0.12 0 2.86 -4.46 1.58 -1.38 7.28 -3.45 1.1 -0.33 7.25 -1.01 1.34 0.06 4.97 1.11c2.58,-2.01 4.08,-3.29 5.26,-4.09l0.65 -0.51 0.46 -0.16c0.47,-0.23 0.92,-0.39 1.43,-0.48l0.48 -0.16 0.85 0.01c1.42,-0.07 3.37,0.03 6.58,0.06l7.02 -4.47 -0.73 -6.2 0.55 -2.43 2.83 -4.58 -1.12 -5.09 6.16 -5.94 1.52 -0.89 3.77 -1.16 2.41 -5.47 0.3 -6.85 -3.62 -2.38 0.97 -4.68 -6.09 0.22 3.78 -11.18 -3.37 -7.18 5.45 -6.94 -0.93 -3.79 -2.6 -4.08 -0.59 -1.95 -0.17 -7.02 1.03 -2.69 6.2 -6.59 7.79 3.22 0.42 0.33z"/>
   <polygon class="fil8" points="2549.07,1852.16 2548.72,1851.96 2548.8,1854.04 2548.67,1855.14 2546.88,1861.82 2545.24,1864.05 2538.45,1868.36 2536.3,1868.94 2532.51,1868.81 2527.68,1870.53 2524.62,1877.17 2512.31,1878.3 2510.78,1882.61 2503.35,1882.71 2500.57,1886.76 2505.72,1889.96 2507.25,1897.74 2508.8,1896.65 2509.37,1905.45 2513.78,1905.74 2522.65,1917.19 2520.21,1933.73 2517.78,1930.89 2517.15,1939.38 2514.98,1939.4 2515.31,1945.47 2518.68,1948.65 2520.67,1948.17 2521.46,1948.06 2530.69,1947.81 2532.11,1965.15 2523.43,1962.03 2515.39,1965.56 2508.66,1958.44 2502.1,1957.36 2502.88,1958.28 2500.69,1964.15 2508.95,1971.2 2498.04,1979.16 2502.35,1982.68 2498.28,1992.71 2501.44,1997.43 2501.92,1998.44 2503.44,2003.45 2510.2,2010.94 2501.26,2021.59 2491.81,2012.13 2490.85,2010.46 2489.04,2003.94 2485.67,1999.09 2483.76,1998.3 2482.22,1999.93 2482.32,2004.33 2484.7,2008.05 2485.19,2009.19 2487.14,2017.19 2482.3,2023.35 2484.33,2027.66 2484.5,2030.47 2483.75,2032.69 2488.54,2032.51 2486.64,2041.63 2489.55,2043.54 2489.02,2055.41 2488.71,2056.76 2484.62,2066.08 2478.39,2068 2475.96,2070.35 2476.5,2072.81 2476.01,2075.61 2473.06,2080.37 2474.19,2089.97 2462.19,2097.63 2460.12,2098.22 2452.89,2098.15 2445.18,2104.15 2437.41,2102.41 2431.4,2103.26 2425.63,2105.98 2423.24,2109.71 2425.16,2114.68 2414.14,2119.84 2413.24,2119.12 2413.75,2122.47 2409.21,2128.23 2408.1,2131.46 2410.79,2132.57 2409,2140.65 2409.06,2143.66 2411.25,2145.4 2412.64,2147.77 2412.8,2148.75 2413.43,2147.96 2414.1,2147.3 2421.75,2141.45 2436.57,2147.72 2431.56,2153.5 2434.54,2158.67 2434.96,2161.42 2433.7,2166.92 2434.35,2169.69 2434.99,2169.63 2437.66,2170.41 2441.04,2173.02 2449.85,2173.74 2452.7,2178.5 2455.99,2178.17 2457.33,2178.28 2472.69,2182.39 2474.44,2186.05 2479.36,2187.49 2486.87,2187.72 2492.5,2183.26 2496.88,2185.41 2504.45,2183.07 2508.78,2189.81 2512.5,2193.48 2519,2192.74 2521.52,2199.59 2531,2208.2 2531.48,2208.75 2538.58,2218.32 2541.49,2220.1 2542.85,2221.52 2546.44,2228.05 2552.77,2235.36 2553.68,2237.46 2554.22,2242.78 2556.19,2244.93 2562.35,2244.69 2564.93,2245.59 2572.76,2252.17 2585.91,2255.76 2586.59,2259.69 2596.28,2263.98 2596.22,2270.93 2595.44,2273.2 2594.23,2274.79 2594.93,2276.31 2607.26,2282.7 2608.6,2283.86 2611.91,2288.46 2612.54,2289.87 2613.28,2293.27 2622.45,2302.15 2623.58,2304.52 2624.18,2310.56 2621.25,2311.85 2621.3,2313.63 2625.14,2314.21 2626.35,2326.37 2619.9,2329.17 2620.39,2333.15 2620.61,2333.16 2636.8,2323.57 2638.48,2323.05 2649.02,2322.34 2652.33,2309.84 2667.88,2317.09 2676.83,2312.04 2678.94,2311.54 2700.01,2312.94 2704.3,2302.1 2694.48,2272.69 2706.7,2260.92 2711.87,2249.36 2713.79,2234.66 2711.85,2221.05 2711.83,2220.69 2710.38,2191.16 2720.72,2184.64 2720.93,2169.94 2731.29,2165.79 2738.11,2158.99 2740.63,2157.89 2761.19,2156.98 2774.69,2145.48 2788.08,2147.06 2786.97,2133.96 2774.96,2128.51 2774.71,2116.29 2775.63,2113.71 2786.42,2101.33 2772.39,2089.67 2780.78,2078.18 2778.15,2071.09 2790.38,2047.4 2791.81,2045.88 2806.67,2036.96 2819.93,2021.69 2799.18,2009.61 2797.49,1999.06 2778.11,1979.22 2777.13,1977.44 2772.76,1958.86 2773.22,1956.02 2788.31,1931.33 2788.89,1930.6 2802.17,1917.54 2804.78,1910.07 2796.33,1903.34 2800.58,1886.46 2812.9,1881.56 2816.08,1872.19 2804.04,1872.94 2803.09,1868.33 2799.28,1874.09 2785.57,1874 2784.06,1873.69 2765.34,1865.41 2762.4,1849.35 2759.92,1848.09 2758.37,1854.26 2745.92,1852.56 2737.04,1828.15 2725.5,1821.48 2723.78,1819.31 2721.74,1812.78 2715.53,1812.22 2713.07,1811.03 2696.48,1793.22 2677.38,1782.34 2675.93,1780.89 2670.33,1770.92 2669.89,1769.59 2667.58,1753.36 2659.95,1744.26 2661.5,1733.38 2659.47,1731.22 2656.73,1736.65 2655.51,1738.04 2648.09,1743.24 2646.95,1743.79 2638.69,1746.12 2633.89,1754.48 2632.85,1755.65 2625.84,1760.83 2624.55,1761.46 2615.82,1763.78 2613.31,1781.04 2607.33,1783.86 2608.04,1787.22 2594.39,1797.85 2592.25,1804.65 2593.98,1811.44 2588.89,1816.6 2587.12,1817.63 2582.88,1818.71 2579.98,1824.64 2579.81,1824.94 2576.59,1830.25 2577.09,1835.27 2570.74,1838.62 2570.52,1842.36 2563.7,1846.33 2561.69,1850.91 2554.79,1852.08 2554.79,1855.49 "/>
</svg>`,

    "Occidente": `<svg xmlns="http://www.w3.org/2000/svg" width="100%" height="100%" viewBox="0 0 2187 2528">
   <path class="fil7" d="M1534.19 1948.75l-12.24 1.43 -4.06 5.91 -0.01 0.01 -19.06 3.13 -0.02 0 -15.13 2.83 -0.02 0 -1.2 0.03 -0.02 0 -4.61 -0.65 -9.89 5.32 -5.13 5.79 -1.24 0.93 -0.01 0 -8.66 4.06 -0.02 0.01 -2.14 0.32 -0.02 0 -14.31 -2.13 -8.14 1.71 -0.02 0 -1 0.07 -0.02 0 -12.33 -0.8 -2.32 2.21 -2.93 4.92 1.02 8.87 -0.18 1.65 -2.19 6.46 1.84 12.25 -0.46 2.46 -5.65 9.87 3.61 16.61 -6.52 3.62 -11.65 17.84 0.62 3.19 5.57 8.25 -8.74 15.04 0.69 7.16 -7.41 4.05 -1.2 1.63 3.72 7.59 -5.65 4.44 3.41 5.28 1.95 0.91 1.71 1.59 4.03 7.15 0.24 0.5 6 15.72 -3.87 6.66 1.48 0.86 0.85 0.69 8.48 8.97 0.77 1.22 1.73 4.4 4.08 1.63 2.41 7.13 6.47 1.89 3.51 6.91 10.9 6.71c-0.18,8.01 -0.46,14.23 -1.2,22.19l7.26 1.09 8.77 -1.81 13.17 -7.93 4.27 8.37 12.34 17.99 3.64 1.88 13.77 -0.09 4.25 4.51 12.38 5.98 0.66 0.4 8.51 6.5 1.2 1.56 2.37 5.65 9.46 3.27 6.11 -1.45 1.62 -0.01 10.09 2.06 15.1 -1.98 0.93 -3.86 7.99 0.39 2.7 -16.99 6.79 -4.29 1.54 -2.31c0.23,-0.37 0.48,-0.76 0.75,-1.14l0.48 -0.72 0.34 -0.28c0.43,-0.45 0.92,-0.86 1.47,-1.19l3.63 -1.39 4.71 -11.28 18.78 -1.32 5.26 -4.23 8.7 0.98 2.89 -4.3 5.96 0.76 3.59 -2.99 1.5 -0.78 16.24 -4.11 4.62 -6.74 0.36 -0.45 8.76 -9.38 16.16 -0.5 2.01 0.5 15.79 9.2 1.61 -1.33 0.03 -0.03 5.76 -4.76 1.49 -0.76 6.04 -1.54 1.64 -0.04 9.93 1.86 4.96 -1.98 2.39 -5.16c0.16,-5.24 0.5,-6.3 0.3,-7.65l-3.01 -9.27 -0.21 0 -0.51 -2.03 -5.22 -6.1 -0.91 -2.76 0.97 -12.59 0.39 -1.41 4.97 -9.97c0.28,-0.4 0.65,-0.78 1.07,-1.15l0.41 -0.44 0.8 -0.46c0.87,-0.59 1.84,-1.13 2.75,-1.61l3.15 -1.84 4.3 -6.33 -0.65 -3.75 -3.36 -1.78 -10.65 -0.33 -10.14 -11.29 -0.91 -1.88 -1.91 -10.55 0.03 -1.53 3.35 -14.2 0.23 -14.89 4.83 -4.47 3.16 -4.24 -0.56 -5.2 -3.99 -3.55 -1.8 -0.56c-0.76,-0.2 -1.65,-0.44 -2.51,-0.78l-0.54 -0.17 -0.29 -0.2c-0.57,-0.29 -1.11,-0.63 -1.54,-1.05l-9.17 -11.42 -4.9 -1.18 -1.25 -0.55 -6.9 -4.73 -1.09 -10.85 0.25 -1.77 2.33 -5.88c0.38,-0.63 0.86,-1.14 1.39,-1.59l0.31 -0.35 0.82 -0.45c0.46,-0.28 0.95,-0.54 1.44,-0.79l3.4 -1.87 3.56 -3.31c-0.34,-1.65 -0.99,-3.84 -1.2,-5.88l-0.15 -0.7 0.07 -0.56c0,-0.67 0.07,-1.3 0.24,-1.87l3.21 -6.56 0.64 -0.94 7.85 -8.37 1.24 -4.84 -6.16 -4.17 -1.61 -2.43 -1.13 -5.85 -2.91 -8.96 -0.18 -1.41 0.54 -8.53 0.25 -1.15 2.74 -7.01 1.04 -1.47 5.96 -5.2 1.34 -0.76 6.06 -1.96 1.03 -0.98 -1.68 -18.45 0.41 -2.1 3.02 -5.8 0.28 -0.35 0.57 -0.72 7.46 -6.67c-0.09,-5.89 6.69,-9.84 11.28,-13.84l-0.88 0.06 -6.06 -8.08 -6.56 2.07 -2.78 -1.62 -2.68 5.09 -7.91 -3.3 -7.05 6.03 -9.41 -13.09 1.54 -7.48 -0.59 -0.46 -8.57 2.41 0.6 -4.63 -4.73 -0.59 0.12 -3.97 -0.63 -0.2 -2.25 5.45 -10.63 -6.93 -3.78 -0.44 -4.58 6.11 -4.06 -5.54 -0.31 0.14 -2.8 0.69 -10.11 0.55 -3.78 -0.77 -1.84 -0.91 -11.41 1.4 -1.64 -4.8 -3.22 3.67 -0.83 0.83 -4.12 3.44 -5.39 1.76 -5.78 -0.4 -3.09 1.96 -2.5 1.04 -7.37 1.57 -3.65 6.03 0.18 2.53 -0.89 4.11 -4.71 8.83 -7.24 -5.31c4.8,3.54 10.57,8.14 0.79,4.56l-2.07 2.22c0.4,1.63 1.12,3.8 1.41,5.83l0.17 0.68 -0.05 0.55c0.03,0.67 -0.02,1.3 -0.16,1.87l-6.14 14.09 3.35 17.33 -9.44 10.15 -3.31 4.5 -1.46 1.19 -0.01 0.01 -9.79 4.59 -4.97 4.54 -1.07 0.69 -0.02 0.01 -14.59 6.24 -3.7 3.06c-1.35,1.23 -2.8,2.53 -4.19,3.46l-0.39 0.31 -0.01 0.01 -0.39 0.17 -0.03 0.01c-0.54,0.3 -1.06,0.53 -1.56,0.67 -0,0 -0.01,0 -0.02,0z"/>
   <polygon class="fil7" points="1968.65,2350.68 1968.65,2350.68 1968.46,2363.86 1972.44,2374.55 1972.42,2374.56 1972.43,2374.59 1969.06,2379.28 1964.94,2392.57 1961.63,2393.18 1963.13,2395.82 1963.12,2395.84 1963.13,2395.87 1958.41,2402.93 1956.59,2404.37 1953.78,2405.43 1954.06,2412.15 1956.36,2414.65 1956.35,2414.7 1956.36,2414.7 1955.57,2420.78 1955.57,2420.81 1955.77,2426.88 1955.96,2427.19 1956.06,2423.76 1966.09,2421.25 1966.44,2419.27 1967.48,2417.26 1975.13,2409.5 1978.76,2399.12 1993.35,2400.17 1996.19,2405.71 2006.06,2409.1 2007.58,2413.93 2011.02,2414.62 2012.53,2417.93 2019.08,2415.59 2021.81,2416.95 2025.07,2413.04 2028.58,2413.95 2029.89,2409.9 2038.34,2409.31 2041.69,2405.93 2045.13,2406.76 2048.39,2403.3 2048.04,2398.5 2048.43,2396.57 2053.3,2386.62 2054.71,2385.06 2060.18,2381.66 2059.98,2377.08 2060.7,2374.67 2063.28,2371.18 2061.28,2365.17 2061.32,2362.65 2064.63,2353.8 2066.48,2337.77 2064.83,2334.64 2064.4,2332.58 2065.31,2320.67 2066.89,2319.37 2061.2,2312.55 2060.77,2311.91 2058.69,2308.02 2049.85,2301.37 2050.33,2293.6 2050.54,2292.57 2052.46,2287.04 2053.58,2285.41 2056.73,2282.71 2056.64,2272.57 2054.28,2264.09 2054.34,2261.89 2055.53,2258.31 2052.68,2255.43 2051.74,2253.81 2049.05,2244.53 2049.11,2242.22 2051.61,2235.06 2051.74,2228.22 2048.57,2220.71 2045.1,2214.98 2035.16,2213.87 2033.44,2205.43 2033.48,2203.7 2035.52,2196.06 2035.64,2186.24 2035.85,2185.02 2038.3,2178.17 2037.23,2177.66 2037.1,2177.61 2022.52,2170.72 2020.71,2165.38 2020.64,2165.69 2020.06,2166.98 2014.69,2174.68 2014.69,2174.68 2014.69,2174.69 2007.88,2170.61 2007.41,2170.27 1998.15,2162.56 1997.08,2161.13 1995.7,2157.91 1985.27,2157.02 1981.45,2160.56 1981.44,2160.57 1979.39,2161.55 1979.39,2161.55 1979.39,2161.55 1973.89,2162.34 1970.3,2166.7 1969.22,2167.61 1957.57,2174.06 1943.81,2182.84 1941,2186.08 1940.81,2190.91 1940.22,2192.52 1940.02,2193.07 1940.02,2193.07 1940.02,2193.08 1936.76,2197.31 1935.66,2198.28 1929.43,2201.91 1929.42,2201.91 1929.42,2201.92 1927.4,2202.42 1927.39,2202.42 1921.2,2202.2 1918.82,2201.27 1915.42,2198.3 1912.87,2197.52 1905.75,2199.17 1903.19,2198.86 1898.85,2196.67 1898.13,2197.47 1895.95,2198.66 1895.94,2198.67 1895.94,2198.67 1894.82,2198.86 1889.93,2209.51 1889.93,2209.5 1889.93,2209.52 1881.17,2198.17 1880.39,2196.17 1880.05,2192.33 1865.04,2176.81 1864.33,2175.79 1858.65,2163.8 1858.29,2162.48 1857.9,2157.5 1855.2,2155.35 1856.36,2158.9 1849.39,2162.92 1849.39,2162.93 1847.48,2163.44 1843.5,2163.44 1843.49,2163.44 1832.52,2170.5 1832.52,2170.5 1832.51,2170.51 1830.26,2171.1 1823.69,2170.76 1820.46,2173.56 1820.46,2173.56 1820.45,2173.56 1818.68,2174.42 1818.67,2174.43 1813.27,2175.44 1811.16,2178.54 1808.83,2185.15 1808.82,2185.15 1808.82,2185.15 1802.3,2186.3 1800,2188.3 1800,2188.3 1799.99,2188.3 1798.09,2188.11 1797.01,2190.31 1801.65,2190.58 1804.12,2198.87 1800.7,2205.01 1800.7,2205.01 1800.7,2205.02 1795.9,2205.11 1795.57,2205.35 1801.4,2207.75 1801.39,2207.76 1801.39,2207.76 1795.03,2212.38 1795.96,2214.17 1796.38,2217.49 1802.2,2220.26 1797.52,2225.57 1803.29,2226.28 1798.47,2233.15 1799.29,2235.24 1799.54,2236.75 1799.17,2248.16 1805.96,2254.91 1806.77,2256.08 1809.21,2261.69 1813.15,2264.18 1814.37,2265.4 1822.4,2278.45 1822.86,2279.61 1824.23,2285.66 1830.51,2291.5 1834.71,2293.91 1839.77,2294.41 1840.84,2294.69 1851.74,2299.19 1853.15,2300.2 1859.59,2307.59 1864.85,2314.83 1871.67,2322.37 1872.46,2323.73 1875.74,2333.56 1878.63,2339.56 1880.26,2339.56 1882.57,2340.35 1887.07,2343.8 1892.11,2344.69 1896.54,2344.76 1899.48,2343.41 1901.37,2343.07 1910.09,2343.82 1910.65,2347.1 1912.89,2347.22 1914.74,2347.8 1918.85,2350.41 1920.94,2348.73 1921.79,2348.21 1930.08,2344.56 1932.06,2344.26 1938.35,2345 1941.32,2343.89 1942.44,2342.42 1945.11,2343.58 1945.16,2343.58 1952.13,2346.59 1955.19,2344.17 1961.21,2350.61 1968.65,2350.66 "/>
   <path class="fil7" d="M1960.85 2364.5l0.09 -6.3 -3.07 -0.02 -3.47 -3.71 -1.15 0.91 -9.72 -4.2 -3.41 1.27 -1.78 0.22 -6.15 -0.72 -6.89 3.04 -5.94 4.78 -7.88 -5 -7.32 -0.4 -0.59 -3.46 -1.86 -0.16 -2.79 1.28 -1.64 0.34 -5.67 -0.1 -0.59 -0.04 -6.16 -1.09 -1.65 -0.73 -4.21 -3.22 -5.13 0 -5.07 -10.56 -0.18 -0.45 -3.1 -9.31 -6.5 -7.18 -0.27 -0.31 -5.27 -7.26 -5.46 -6.26 -9.54 -3.95 -5.31 -0.52 -1.52 -0.49 -5.32 -3.07 -0.7 -0.5 -7.43 -6.9 -1.12 -1.95 -1.48 -6.56 -7.26 -11.8 -4.17 -2.63 -1.46 -1.7 -2.62 -6.01 -6.38 -6.33 -6.83 -0.45 -0.85 -0.15 -7.76 -2.31 -2.2 -1.74 -0.8 -1.37 -4.09 -1.77 -3.07 2.86 -6.81 -3.85 -2.24 -0.75 0 -4.83 -5.63 -3 -11.1 -3.18 -1.06 -0.49 -7.37 -4.87 -1.33 -1.52 -2.02 -4.2 -0.35 -1.31 -0.35 -3.8 -6.93 -9.23 -0.57 -0.51 -5.91 -5.16 -4.26 -1.17 -0.7 0.71 -0.7 10.01 -0.46 1.58 -4.64 8.46 0.69 14.75 1.93 11.45 2.71 3.67 3.13 0.98 8.63 -2.83 2.35 0 6.06 1.98 1.61 1.03 4.22 4.54 1.01 2.55 0.12 10.26 0.92 11.93 -0.22 1.59c-2.99,8.17 -6.05,16.07 -9.22,24.18l-3.65 12.38 0.65 7.38 5.73 9.83 0.51 1.58 1.17 13.36 4.47 5.04 4.1 4.39 1.03 2.4 0.7 13.31 0 0.45 -1 14.53 -0.31 1.28 -5.61 12.71 0.35 1.81 4.13 3.98 -0.91 8.45 -0.69 7.84 -0.31 1.18 -4.28 9.87 2.28 10.99 0.07 0.89 -0.22 7.08 -0.57 1.89c-7.85,12.56 -15.48,24.91 -23.7,37.19l-1.46 4.28 1.6 7.94 0.06 0.41 1.16 12.62 -0.71 2.57 -2.31 3.17 0.46 1.47 7.64 0.66 2.83 -1.65 2.67 -0.43 7.65 1.56 1.89 -1.65 1.28 -0.74 7.58 -2.59 3.84 -3.17 8.66 0.99 2.04 0.89 4.08 3.49 3.58 0.06 2.43 -2.35 1.71 -0.97 7.01 -1.78 8.47 -6.51 13.19 3.57 11 -2.46 1.73 0.02 6.3 1.56 3.84 -0.06 0.67 -3.05 1.5 -2.28 5.31 -3.81 4.18 -3.41 2.5 -5.03 1.11 -6.77 1.44 -2.41 1.39 -1.06 -0.5 -3.72 5.79 -3.26 7.07 -7.49 5.28 1.71 2.83 -3.06 1.56 -1.03 7.15 -2.43 2.91 -3.05 1.95 -1.1 3.09 -0.67 2.18 -1.65 0.8 -0.46 3.08 -1.32 6.82 -7.62 4.86 0.37 7.82 -5.25 2.34 -0.64 2.1 0.13 2.91 -2.95 1.01 -2.89 1.44 -1.89 5.02 -3.42 2.46 -0.65 1.19 0.1 2.04 -3.41 2.04 -1.65 4.44 -1.52 3.54 -5.07 9.31 1.06 4.15 -0.39 1.54 -1.33 -0.17 -5.13 0.03 -0.61 0.38 -2.9 -0.85 -0.92 -1 -2.43 -0.56 -13.65 6.81 -2.56 1.42 -2.12 -4.53 -7.92 9.38 -1.72 2.93 -9.47 0.55 -1.1 1.37 -1.91 -2.81 -7.55 3.18 -1.19 -3.02 -0.14 -0.41 0 0.08 -0.01 -0.07 -0z"/>
   <path class="fil7" d="M1945.35 807.21l1.07 0.41 -0.19 -5.74 4.41 -3.8 0.06 -0.13 -5.51 -4.58 6.48 -5.33 -0.49 -6.26 -1.73 -4.42 -0.06 -2.59 3.69 -11.05 1.57 -2.01 3.87 -2.46 1.33 -2.96 0.63 -0.97 5.25 -5.91 5.09 -9.08 0.76 -5 -0.31 -8.84 9.42 -7.6 -3.35 -5.03 -0.63 -2.35 0.45 -6.46 0.22 -1.06 2.61 -7.07 -0.56 -4.25 -2.74 -4.58 -0.52 -2.37 0.23 -2.04 -2.18 -3.19 4.04 -7.98 0.01 0.01 0 -0.01 3.65 2.17 0.38 -6.6 0.89 -2.24 0.64 -0.76 -3.81 -3.2c-0.15,-0.11 -0.3,-0.23 -0.43,-0.36l-1.77 -1.49 0 0 -0.02 -0.02 0.82 -2.38 0 -0.02 0 -0.01 0 -0.01 0 -0.01 0 -0.01 1.09 -3.2 -1.9 -1.72 -0.06 -0.05 0 0 -2.01 -1.81 -0.02 -0.02 1.16 -2.46 0 -0.01 0.01 -0.02 0 -0.01 0 -0.01 0.01 -0.01 0 -0.01 0.01 -0.01 4.49 -9.6 -5.46 -6.49 3.22 -2.33 0.01 -0.01 0.01 -0.01 0.01 -0.01 0.01 -0.01 0.01 -0.01 0.01 -0.01 0.01 -0.01 0.01 -0.01 4.19 -3.02 -6.18 -3.43 0 -0.01 -0.02 -0.01 -0.07 -2.07 0 -0.01 0 -0.01 0 -0.01 0 -0.01 -0 -0.01 0 -0.01 0 -0.01 0 -0.01 -0.91 -28.12 0 -0.01 0 -0.01 0 -0.01 0 -0.01 0 -0.01 0 -0.01 0 -0.01 -0.06 -1.77 1.37 -1.14 0.01 -0.01 0.01 -0.01 0.01 -0.01 0.01 -0.01 0.01 -0.01 0.01 -0.01 3.17 -2.64 -3.67 -17.74 -2.6 -1.75 -0.03 -0.02c-0.7,-0.44 -1.26,-1.11 -1.56,-1.96l-2.87 -8.14 -0.01 -0.02 -0.01 -0.02c-0.19,-0.49 -0.26,-1.03 -0.23,-1.59l0.68 -9.13 -2.01 -7.85c-0.16,-0.66 -0.16,-1.37 0.06,-2.07l1.27 -4.07 -0.79 -1.5c-0.37,-0.7 -0.52,-1.52 -0.39,-2.37l1.22 -7.54 -1.02 -3.51 -3.57 -5.11c-0.24,-0.31 -0.44,-0.65 -0.59,-1.04l-2.71 -7.12c-0.14,-0.39 -0.22,-0.8 -0.24,-1.24l-0.18 -6.03 -1.89 -5.02 -3.15 -3.43c-0.54,-0.58 -0.89,-1.33 -0.98,-2.17l-0.5 -4.61 -3.06 -7.98 -5.28 -3.95 -1.53 -1.14 -0.02 -0.02 0.02 -1.83 0 -0.01 0 -0.01 0 -0.01 0 -0.01 0 -0.01 0 -0.01 0 -0.01 0 -0.01 0 -0.01 0.14 -10.41 -1.37 -4.77 -6.41 -0.93 -0 -0.01 -0.01 0 -0.9 -1.57 -0.01 -0.02 -0.01 -0.02 -0.01 -0.02 -2.48 -4.33 -0.02 -0.03c-0.36,-0.59 -0.56,-1.3 -0.55,-2.04l0.26 -13.16 0 -0.02c-0.01,-0.4 0.04,-0.81 0.17,-1.22l2.74 -8.89 -6.44 0.44 0.01 -0.02 -0.03 0 4.44 -6.42 0.01 -0.01 0.01 -0.01 0 -0.01 0.01 -0.01 0.01 -0.01 0.01 -0.01 0.01 -0.01 4.45 -6.43 -0.28 -16.26 -5.53 -5.08 -3.75 -1.66 -0.01 -0.01 -0.01 -0c-0.75,-0.34 -1.4,-0.92 -1.81,-1.7l-2.77 -5.17c-0.33,-0.51 -0.54,-1.11 -0.59,-1.75l-0.25 -3.17 -3.31 -6.67 -0.97 1.09 -4.77 10.65 -10.83 2.24 -2.49 4.55 1.49 5.79 1.76 0.17c-0.31,1.21 -0.59,2.38 -0.82,3.53l1.06 4.12 -1.74 -0.17 -1.32 9.63 -7.86 5.14 -0.02 0 -0.01 0 -2.44 0.59 -10.22 -0.97 -7.76 1.17 -1.75 2.64 -0.15 4.83 4.68 4.17 -0.42 6.11 -0.71 1.98 -3.15 4.33 -1.7 1.31 -6.11 2.41 -0.02 0.01 -2.85 -1.45 -4.25 8 -1.13 7.01 -12.05 7.41 -7.19 5.41 -1.83 0.74 -0.01 0 -0.02 0.01 -11.47 1.36 -0.17 1.14 12.87 6.39 0.63 8.36 -0.42 2.03 -7.85 15.13 -0.34 0.55 -5.64 7.47 2.3 12.89 -0.18 1.94 -4.43 12.29 -1.24 1.71 -18.45 14.42 -1.1 0.6 -0.02 0.01 -2.08 0.72 0.38 8.11 -0.33 1.73 -5.3 11.72 -2.33 22.76 4.01 7.97 0.24 2.8 -4.36 14.34 -2.95 11.24 -1.28 1.98 -6.6 5.35 1.48 8.5 8.49 11.69 -6.95 26.89 -0.87 21.08 -0.79 2.17 -5.32 6.91 1.69 2.32 0.71 1.96 0.78 10.78 1.74 4.12 0.3 1.72 -0.65 9.31 -0.48 1.59 -6.4 11.54 -1.6 7.96 -0.65 1.49 -6.19 8.5 -1.92 1.4 -0.02 0.01 -0 0 -10.87 3.44 0 0 -5.19 5.5 0.44 7.18 10.69 8.33 -4.72 10.57 0.26 16.29 -17.46 10.42 -12.75 15.42 -1.28 1 -4.04 1.96 -12.37 10.8 1.41 11.27 -4.67 5.98 7.33 9.8 0.46 0.83 3.54 8.54 4.35 2.07 1.61 1.46 5.89 9.61 -11.67 20.81 -0.57 0.76 -6 6.28 -6.04 9.44 -5.29 -1.42 -2.77 9.59 -0.36 0.85 -2.37 4.07 22.41 -3.8 2.15 -0.37 7.44 -0.65 0.02 0 0 0 2.2 0.49 0.02 0 7.44 4.28 1.8 7.74 7 7.09 3.86 -0.37 3.34 -3.31 0.02 0 6.5 0.61 6.33 -2.59 12.64 -8.09 2.47 -0.58 0.02 0 4.6 0.52 0.02 0 2.17 1 3.56 3.31 5.76 -0.3 0.02 0 1.6 0.26 0 0 0.02 0 1.43 0.58 0.9 -1.67 0.8 -1.02 7.34 -6.65 0.02 0 9.41 1.18 6.31 -3.67 0.01 0 0 0 21.25 6.64 0 0 8.13 1.17 0 0 3.41 -0.74 4.65 -2.81 8.94 -9.39 2.61 -1.17 8.41 -0.35 0 0 0.01 0 5.92 9.46 3.89 3.83 5.61 2.01 10.13 0.48 0.19 -2.2 0.33 -1.24 5.37 -11.93 0.02 0.01 0 -0.01 6.74 5.19 0.02 -0.15 0.42 -1.24 4.02 -7.51 0.22 -0.37 6.98 -10.09 1.02 -1 0.71 -0.47 9.07 -6.26 4.83 -9.36 -0.02 -3.14 -10.85 -8.23 -1.27 -1.7 0 -0 -6.97 -18.62 0 -0 7.63 -1.74 2.06 -2.57 -6.99 -8.42 0 -0 -0 -0 1.41 -7.95 0.93 -1.87 4.65 -5.21 0.27 -7.56 5.2 -4.18 0.36 -0.68 -6.22 -6.78 0 0 -0 -0 3.09 -4.27 -3.68 -5.27 0 0 -0 -0 3.74 -7.55 -0.79 -2.43 -3.44 -10.57 0 0 0 -0 4.55 -4.37 0.89 -4.37 1.03 -1.92 4.81 -4.82 2.3 0.88z"/>
   <path class="fil7" d="M1932.39 943.82l-3.6 2.41 9.07 -6.26 4.83 -9.36 -0.02 -3.14 0 0 0.02 3.15 -4.84 9.37 -5.47 3.84zm-8.8 -44.91l0 -0 7.63 -1.74 2.06 -2.57 0 0 -2.06 2.58 -7.63 1.73zm2.7 -12.74l-0 -0 1.41 -7.95 0.93 -1.87 4.65 -5.21 0.27 -7.56 5.2 -4.18 0.36 -0.68 0 0 -0.36 0.69 -5.2 4.18 -0.27 7.56 -4.65 5.21 -0.92 1.88 -1.41 7.94zm6.58 -34.24l-0 -0 3.09 -4.27 0 0 -3.09 4.27zm-0.59 -9.54l-0 -0 3.74 -7.55 -0.79 -2.43 0.79 2.44 -3.73 7.54zm-0.5 -20.55l0 -0 4.55 -4.37 0.89 -4.37 1.03 -1.92 4.81 -4.82 2.3 0.88 1.07 0.41 0 0 -3.37 -1.28 -4.81 4.82 -1.03 1.92 -0.89 4.37 -4.55 4.37zm46.52 -149.35l0 -0.01 3.65 2.17 0 0 -3.65 -2.17zm5.57 -7.44l-3.81 -3.2 0.01 0 3.8 3.2 -0 0zm-4.24 -3.57l-1.77 -1.49 0 0 1.74 1.46 0.02 0.02zm3.88 -34.81l-6.18 -3.43 0 -0.01 1.81 1.01 0 0 0.05 0.03 4.33 2.4 -0 0zm-6.32 -57.14l-2.6 -1.75 0.04 0.02 2.57 1.72 0 0zm-33.2 -117.51l-6.41 -0.93 -0 -0.01 1.77 0.26 0.05 0.01 4.59 0.67 0 0.01zm-7.24 -32.24l-6.44 0.44 0.01 -0.02 6.43 -0.44 -0 0.02zm-3.31 -33.84l-3.75 -1.66 -0.01 -0.01 3.75 1.66 0.01 0.01zm-12.5 -20.13l-0.97 1.09 -4.77 10.65 -10.83 2.24 -2.49 4.55 1.49 5.79 -0.02 -0 -1.49 -5.79 2.49 -4.55 10.83 -2.24 4.77 -10.65 0.98 -1.11 0.01 0.02zm-17.31 31.97l-1.32 9.63 -7.86 5.14 -0.02 0 7.85 -5.14c0.46,-3.46 0.81,-6.55 1.3,-9.64l0.04 0zm-29.63 15.57l-1.75 2.64 -0.15 4.83 4.68 4.17 -0.42 6.11 -0.71 1.98 -3.15 4.33 -1.7 1.31 -6.11 2.41 6.09 -2.4 1.7 -1.31 3.15 -4.33 0.71 -1.98 0.42 -6.11 -4.68 -4.17 0.15 -4.83 1.75 -2.65 0.02 -0zm-12.17 26.34l-4.25 8 -1.13 7.01 -12.05 7.41 -7.19 5.41 -1.83 0.74 -0.01 0 1.82 -0.74 7.19 -5.41 12.05 -7.42 1.14 -7.01 4.26 -8.01 0.02 0.01zm-37.96 29.94l-0.17 1.14 12.87 6.39 0.63 8.36 -0.42 2.03 -7.85 15.13 -0.34 0.55 -5.64 7.47 2.3 12.89 -0.18 1.94 -4.43 12.29 -1.24 1.71 -18.45 14.42 -1.1 0.6 -0.02 0.01 1.1 -0.6 18.45 -14.42 1.24 -1.71 4.43 -12.29 0.18 -1.94 -2.3 -12.89 5.64 -7.47 0.34 -0.55 7.85 -15.13 0.42 -2.02 -0.63 -8.36 -12.87 -6.4 0.17 -1.14 0.02 -0zm-26.12 85.64l0.38 8.11 -0.33 1.73 -5.3 11.72 -2.33 22.76 4.01 7.97 0.24 2.8 -4.36 14.34 -2.95 11.24 -1.28 1.98 -6.6 5.35 1.48 8.5 8.49 11.69 -6.95 26.89 -0.87 21.08 -0.79 2.17 -5.32 6.91 1.69 2.32 0.71 1.96 0.78 10.78 1.74 4.12 0.3 1.72 -0.65 9.31 -0.48 1.59 -6.4 11.54 -1.6 7.96 -0.65 1.49 -6.19 8.5 -1.92 1.4 -0.02 0.01 1.92 -1.4 6.19 -8.5 0.65 -1.49 1.6 -7.96 6.4 -11.54 0.48 -1.59 0.65 -9.31 -0.3 -1.73 -1.74 -4.11 -0.78 -10.78 -0.71 -1.96 -1.69 -2.33 5.32 -6.91 0.79 -2.18 0.86 -21.07 6.96 -26.89 -8.49 -11.69 -1.48 -8.5 6.6 -5.35 1.28 -1.98 2.95 -11.24 4.36 -14.34 -0.24 -2.8 -4.01 -7.98 2.33 -22.76 5.3 -11.72 0.33 -1.73 -0.38 -8.1 0.02 -0.01zm-46.04 231.37l-5.19 5.5 0.44 7.18 10.69 8.33 -4.72 10.57 0.26 16.29 -17.46 10.42 -12.75 15.42 -1.28 1 -4.04 1.96 -12.37 10.8 1.41 11.27 -4.67 5.98 7.33 9.8 0.46 0.83 3.54 8.54 4.35 2.07 1.61 1.46 5.89 9.61 -11.67 20.81 -0.57 0.76 -6 6.28 -6.04 9.44 -5.29 -1.42 -2.77 9.59 -0.36 0.85 -2.37 4.07 22.41 -3.8 -22.45 3.87 2.41 -4.14 0.36 -0.85 2.77 -9.59 5.29 1.42 6.05 -9.46 6.26 -6.72 0.54 -0.73 11.43 -20.38 -5.89 -9.61 -1.61 -1.46 -4.35 -2.07 -3.54 -8.54 -0.46 -0.83 -7.33 -9.8 4.67 -5.98 -1.41 -11.26 12.37 -10.8 4.04 -1.96 1.28 -1 12.75 -15.42 17.46 -10.42 -0.26 -16.29 4.72 -10.57 -10.69 -8.34 -0.31 -5.21 -0.01 -0.01 -0.12 -1.95 5.19 -5.5 0.02 -0.01zm-27.33 183.11l0.02 0 7.44 4.28 1.8 7.74 7 7.09 -0.02 0 -7 -7.09 -1.8 -7.74 -7.45 -4.28zm56.04 5.31l0.02 0 2.17 1 3.56 3.31 -0.02 0 -3.56 -3.31 -2.18 -1zm13.14 4.29l0.02 0 1.43 0.58 0 0 -1.44 -0.59zm26.24 -11.23l0 0 21.25 6.64 -0.02 -0 -21.24 -6.63zm57.4 -6.66l0.01 0 5.92 9.46 3.89 3.83 5.61 2.01 -0.01 0 -5.61 -2.01 -3.89 -3.83 -5.91 -9.46zm31.46 0.43l0 -0.01 6.74 5.19 0 0.01 -6.75 -5.19z"/>
   <polygon class="fil7" points="1831.69,1273.64 1833.07,1272.87 1833.07,1272.62 1834.67,1273.22 1835.54,1270.94 1837.44,1268.87 1849.8,1262.89 1850.8,1262.56 1855.47,1261.73 1864.77,1252.58 1884.14,1253.9 1887.4,1251.99 1889.55,1251.47 1905.09,1252.42 1905.09,1252.43 1905.11,1252.43 1911.62,1261.67 1915.03,1262.17 1915.05,1262.18 1919.15,1268.85 1922.35,1270.84 1927.93,1272.41 1929.69,1273.48 1939.28,1283.76 1936.75,1287.44 1937.81,1287.54 1937.82,1287.54 1937.83,1287.54 1940.01,1288.44 1945.4,1293.05 1946.53,1294.7 1947.39,1297.19 1950.85,1295.22 1955.59,1285.54 1965.48,1285.93 1965.49,1285.94 1965.5,1285.94 1967.69,1286.73 1974.02,1291.65 1974.02,1291.65 1982.28,1293.02 1991.85,1277.07 1991.87,1277.07 1991.87,1277.07 1999.63,1280.63 2004.69,1278.83 2007.08,1278.78 2007.09,1278.78 2007.1,1278.78 2011.43,1280.11 2012.85,1279.62 2016.78,1265.93 2017.69,1264.34 2021.92,1259.89 2019.88,1252.35 2026.07,1245.17 2028.78,1230.16 2026.65,1225.12 2026.35,1223.57 2026.87,1197.98 2020.63,1174.46 2015.17,1163.45 2024.92,1151.74 2026.17,1139.8 2024.64,1117.69 2016.61,1102.37 2023.25,1091.95 2024.05,1083.2 2024.6,1081.53 2032.24,1069.24 2028.05,1065.06 2022.04,1063.95 2019.99,1062.87 2005.31,1047.74 2004.24,1045.04 2004.52,1023.97 2002.7,1014.5 2007.96,1009.35 2008.83,999.61 2005.52,978.46 2000.69,972.43 2000.69,972.43 2000.68,972.41 1999.85,970.02 1999.92,961.84 1994.7,949.55 1987.9,940.56 1977.71,938.46 1975.1,942.04 1972.75,943.53 1960.96,945.8 1960.75,951.26 1960.5,952.52 1954.76,967.06 1953.76,968.49 1942.7,978.46 1940.93,979.36 1928.8,981.91 1928.8,981.89 1928.78,981.9 1927.59,968.66 1927.87,966.86 1929.58,962.81 1929.83,957.05 1926.44,961.94 1922.87,968.63 1921.06,981 1911.63,973.75 1910.48,976.31 1909.7,985.17 1891.69,984.31 1890.58,984.09 1883.63,981.59 1882.24,980.73 1877.43,975.99 1876.87,975.29 1873.07,969.22 1870.63,969.32 1862.42,977.94 1861.63,978.56 1855.94,982.01 1854.78,982.48 1850.13,983.49 1848.79,983.54 1839.65,982.22 1839.05,982.09 1820.7,976.36 1816.17,979 1813.8,979.49 1806.52,978.58 1802.29,982.4 1798.45,989.56 1791.45,986.7 1783.31,987.12 1778.32,982.47 1776.28,982.24 1764.55,989.75 1763.92,990.06 1756.34,993.16 1754.57,993.43 1750.67,993.06 1748.89,994.83 1746.56,995.91 1737.74,996.75 1727.44,986.31 1726.44,984.51 1725.15,978.96 1721.62,976.94 1715.47,977.48 1692.38,981.46 1687.67,985.74 1684.6,984.91 1690.89,994.27 1703.44,1005.59 1704.5,1007.21 1710.05,1023.63 1724.89,1050.73 1733.06,1054.53 1730.83,1076.32 1730.06,1078.26 1715.48,1097.09 1712.39,1115.41 1706.37,1118.52 1708.09,1124.67 1717.8,1142.26 1738.25,1158.92 1738.98,1159.71 1753.65,1181.01 1754.26,1182.44 1758.32,1203.01 1766.87,1220.34 1768.19,1220.7 1768.06,1222.76 1771.35,1229.45 1767.69,1228.45 1766.59,1244.78 1774.85,1266.54 1775.09,1267.56 1777.67,1298.57 1784.73,1306.21 1786.97,1305.63 1787.54,1302.15 1784.97,1298.06 1784.39,1295.9 1784.64,1289.72 1785.22,1287.83 1788.77,1282.23 1789.15,1277.57 1790.42,1275.02 1799.6,1266.85 1799.61,1266.86 1799.61,1266.85 1804.2,1272.66 1810.96,1273.08 1810.96,1273.08 1810.98,1273.08 1812.47,1273.5 1815.79,1275.2 1821.49,1274.33 1821.49,1274.33 1821.5,1274.33 1823.83,1277.26 1825.6,1277 "/>
   <path class="fil7" d="M2029.97 1337.39l0 -0 -16.66 -16.73 0 0 -0 -0 5.65 -28.76 -4.17 -4.87 -2.03 0.7 -2.35 0.03 -4.33 -1.33 -5.34 1.9 -2.84 -0.13 -3.01 -1.38 -8.75 14.57 -14.33 -2.4 -1.71 -0.74 -6.13 -4.76 -3.72 -0.15 -3.08 6.3 -1.54 1.64 -12.47 7.06 -3.5 -10.18 -3.65 -3.11 -12.95 -1.06 6.5 -9.48 -4.7 -5.05 -5.06 -1.42 -0.97 -0.43 -4.46 -2.77 -1.25 -1.24 -2.7 -4.41 -3.12 -0.46 -6.3 -8.93 -10.73 -0.66 -3.28 1.93 -2.17 0.52 -17.13 -1.17 -7.7 7.59 -2.01 1.04 -5.33 0.95 -10.5 5.08 -2.98 7.82 -5.26 -1.77 -5.24 2.9 -1.28 0.43 -6.78 0.99 -2.31 -2.9 -2.56 0.39 -2.3 -0.39 -3.71 -1.91 -9.37 -0.59 -1.7 -2.15 -2.03 1.81 -0.33 4.08 -0.58 1.74 -3.52 5.55 -0.16 3.98 2.7 4.31 0.54 2.62 -1.52 9.39 7.81 3.91 1.55 1.42 4.62 7.52 0.54 1.59 1.12 10.69 3.11 9.44 0.16 0.76 1.26 10.79 5.05 12.22 0.18 0.57 3.61 14.98 4.88 6.98 7.81 8.26 1.03 2.49 0.38 11.72c3.36,3.26 6.63,6.53 9.91,9.83l2.57 2.54 -1.19 14.8 1.49 13.96 -0.02 0.98 -2.48 16.06c-1.15,16.91 -2.46,32.74 -4.13,49.6l4.47 4 0.34 0.34 4.94 5.68 6.1 -2.36 1.74 0.83 4.36 -4.16 4.61 0.17 6.3 -6.54 10.86 7.03 2.08 -1.55 2.15 -0.74 6.96 -0.24 0.79 0.06 9.19 1.65 3.52 -3.28 1.04 -0.69 6.64 -2.96 0.7 -0.24 6.76 -1.57 0.51 -0.07 4.12 -0.38 0.66 -6.68 0 0 0 -0 4.81 0.23 0.02 -1.39 -3.4 -7.27 0 -0 0 0 1.91 -2.38 -2.38 -1.77 -0.29 -7.79 -1.55 -4.35 -2.87 -2.71 -1.1 -1.92 -1.69 -7.38 0 0 -0 -0.02 2.65 -1.93 -2.58 -5.62 0 -0 0 -0 1.85 -2.76 -1.08 -3.96 -1.46 -0.33 -2.28 -1.5 -1.6 -2.23 -4.54 -2.91 -1.64 -2.26 -1.06 -4.16 0 -0.01 0.3 -2.63 0 0 0 -0 1.32 -2.63 -0.3 -3.39 -1.28 -6.19 0.18 -2.15 0 -0.01 0 0 1 -2.55 -0.09 -2.74 -1.96 -4.28 0 -0 0 0 5.17 -9.33 -0.52 -6.25 0 -0 0 -0 7.27 -5.42 0 0 0.28 -10.76 0 -0 8.56 3.31 1.49 -1.02 1.82 -8.12 0 -0 6 -2.38 0 0 1.69 -6.5 0 -0 1.25 -1.98 4.78 -3.96 4.74 -6.23 10.68 0.41 11.81 -4.3 3.56 -6.35 6.47 3.17 3.97 -0.49 14.35 -5.62 7.82 3.99 8.8 1.09 10.56 -6.76 -3.33 -8.85z"/>
   <polygon class="fil7" points="1945.73,1678.11 1945.73,1676.74 1949.54,1676.84 1949.62,1676.83 1955.65,1676.98 1957.55,1674.07 1959.43,1672.57 1967.16,1669.71 1969.08,1669.53 1972.55,1670.09 1975.67,1660.78 1977.5,1658.62 1982.92,1655.76 1984.15,1641.71 1994.46,1640.37 1996.13,1640.52 2004.35,1643.22 2014.37,1642.99 2020.58,1639.15 2025.2,1631.75 2027.48,1630.08 2040.33,1626.71 2041.2,1626.59 2049.59,1626.43 2049.63,1624.72 2057.14,1621.18 2058.31,1620.83 2075.73,1618.73 2076.89,1613.86 2086.11,1610.85 2097.67,1605.88 2098.47,1605.64 2110.57,1603.37 2113.21,1603.83 2118.78,1607.13 2129.3,1608.8 2139.12,1608.98 2141.61,1609.96 2141.61,1609.97 2145.89,1613.83 2151.73,1612.67 2152.43,1612.61 2160.02,1612.52 2161.21,1612.68 2172.98,1616.41 2175.25,1616.38 2176.19,1614.48 2176.01,1614.33 2177.44,1612 2178.82,1609.23 2172.25,1597.48 2178.98,1586.67 2178.08,1576.3 2174.86,1572.2 2166.5,1571.83 2166.5,1571.82 2166.49,1571.82 2165.76,1554.95 2160.98,1542.66 2160.98,1542.66 2151.38,1539.89 2151.37,1539.89 2151.37,1539.89 2149.46,1538.64 2144.9,1533.04 2144.67,1532.74 2134.47,1517.38 2122.96,1518.16 2122.96,1518.15 2122.95,1518.15 2115.16,1509.38 2118.96,1501.1 2120.12,1493.55 2118.7,1484.5 2121.86,1480.27 2116.14,1473.5 2114.11,1472.37 2101.56,1465.39 2101.56,1465.39 2087.32,1462.52 2087.31,1462.52 2087.31,1462.52 2081.62,1453.75 2075.13,1453.56 2075.13,1453.55 2075.13,1453.55 2074.2,1446.24 2063.38,1436.37 2068.63,1406.89 2072.48,1407.09 2072.73,1399.97 2068.91,1384.12 2063.01,1379.74 2063,1379.74 2062.53,1379.32 2062.52,1379.32 2047.98,1364.13 2038.2,1357.34 2036.81,1355.56 2036.81,1355.55 2036.81,1355.55 2036.04,1353.5 2025.65,1360.15 2023.15,1360.73 2012.35,1359.39 2011.08,1359 2005.7,1356.25 1994.08,1360.8 1993.15,1361.04 1987.63,1361.72 1985.5,1361.35 1984.46,1360.84 1983.72,1362.15 1981.69,1363.87 1967.85,1368.9 1966.42,1369.12 1958.92,1368.83 1956.28,1372.31 1955.68,1372.95 1951.54,1376.37 1949.2,1385.4 1943.35,1387.72 1942.08,1393.38 1940.52,1395.67 1934.48,1399.82 1932.24,1398.96 1932.15,1402.64 1925.31,1407.73 1925.57,1410.93 1925.1,1413.06 1921.22,1420.07 1921.91,1421.57 1922.25,1423.04 1922.39,1427.34 1922.13,1428.84 1921.26,1431.07 1922.36,1436.46 1922.44,1436.9 1922.84,1441.45 1922.44,1443.47 1921.27,1445.81 1921.61,1447.17 1925.5,1449.66 1926.54,1450.66 1927.73,1452.31 1932.24,1453.31 1935.45,1465.07 1934.03,1467.17 1937.44,1474.59 1933.81,1477.22 1934.13,1478.59 1936.83,1481.14 1937.81,1482.65 1939.85,1488.39 1940.06,1489.52 1940.24,1494.26 1946.03,1498.55 1942.13,1503.41 1943.9,1507.18 1944.26,1508.83 1944.12,1518.98 1938.68,1518.72 1938.11,1524.46 1928.04,1525.37 1921.81,1526.82 1916.11,1529.35 1910.29,1534.8 1897.74,1532.54 1892.37,1532.73 1887,1536.71 1876.98,1530.22 1872.66,1534.7 1867.87,1534.52 1862.04,1540.09 1858.51,1538.41 1850.49,1541.51 1842.19,1531.95 1839.42,1529.48 1837.98,1531.22 1837.27,1539.96 1837.07,1540.87 1833.44,1551.66 1832.8,1552.83 1823.25,1564.69 1822.76,1585.89 1822.33,1587.58 1821.18,1589.76 1821.16,1589.83 1817.68,1596.44 1817.66,1596.44 1817.66,1596.45 1796.03,1596.7 1790.72,1597.85 1786.62,1606.65 1790.31,1614.85 1790.55,1617.28 1788.92,1624.25 1792.69,1644.15 1782.04,1655.67 1786.99,1670.9 1787.06,1673.01 1784.53,1682.93 1783.91,1684.24 1775.12,1696.19 1775.33,1696.76 1780.8,1701.16 1782.15,1703.39 1785.56,1720.75 1785.56,1720.84 1785.62,1721.14 1785.56,1722.85 1779.64,1744.94 1779.5,1745.5 1781.06,1756.53 1793.21,1766.19 1794.61,1768.69 1796.91,1786.8 1796.94,1787.56 1795.76,1802.81 1797.07,1816.84 1797.08,1817.41 1796.61,1825.03 1797.77,1826.29 1799.79,1826.21 1806.4,1812.56 1806.41,1812.56 1806.41,1812.56 1816.42,1810.53 1837.39,1797.4 1839.29,1810.76 1839.26,1812.02 1836.26,1827.35 1838.89,1835.75 1839.05,1836.85 1839.18,1849.74 1838.7,1851.63 1835.26,1857.73 1836.3,1858.84 1840.14,1858.53 1841.21,1858.6 1849,1860.19 1855.19,1856.52 1857.23,1856 1864.35,1856.19 1865.88,1854.51 1865.72,1847.96 1866.29,1845.87 1867.79,1843.45 1868.45,1838.34 1864.87,1829.33 1864.74,1826.93 1867.72,1816.09 1867.61,1813.35 1865.21,1810.89 1864.24,1809.13 1863.49,1806.04 1863.28,1806 1863.41,1805.71 1861.37,1797.3 1861.38,1797.3 1861.38,1797.29 1869.74,1793.69 1874.74,1798.69 1874.07,1800.26 1874.85,1800.4 1876.7,1796.29 1879.41,1796.54 1879.89,1793.8 1880.41,1792.45 1881.75,1790.31 1879.73,1760.05 1879.72,1760.03 1888.57,1759.47 1890.91,1760.09 1894.42,1762.44 1901.2,1763.13 1902.08,1763.32 1905.98,1764.69 1906.46,1763.99 1902.57,1739.22 1902.57,1739.2 1902.57,1739.2 1902.53,1738.59 1902.53,1738.57 1902.8,1719.28 1903.36,1717.31 1909.81,1707.01 1910,1706.73 1920.13,1693.34 1922.99,1699.05 1929.02,1696.36 1931.33,1698.6 1933.07,1695.76 1935,1694.19 1938.12,1693.04 1938.82,1687.88 1938.96,1680.98 "/>
   <path class="fil7" d="M2132.21 1896.22l0.06 -0.15 5.7 -5.87 1.27 -17.03 0 -0.01 0 -0.01 0.26 -1.1 3.28 -8.39 -3.53 -14.71 0 -0.02 0.16 -2.26 0 0 0 -0.02 3.65 -9.13 -2.83 -15.13 0.04 -1.61 0 -0.02 0 -0.01 1.71 -6.86 -5.45 -11.49 -0.36 -1.62 -0.05 -17.85 0 -0.01 0 -0.01 0.07 -0.77 0 -0.02 1.52 -7.04 0.33 -11.8 0 0 0 -0.02 3.87 -2.9 -0.7 -4.99 0 -0.01 0 -0.01 0.46 -2.41 3.15 -5.52 -2.47 -1.26 0 -0.02 1.17 -20.92 0 -0.02 9.88 -3.58 2.06 -0.15 5.41 1.11 0.39 -0.65 -5.62 -5.3 -1.01 -1.58 -4.37 -13.21 0 -0.01 -0 -0.02 5.72 -8.99 2.16 -1.63 14.48 -4.12 3.88 -7.69 3.8 -21.06 0.76 -1.69 2.72 -3.44 -3.4 -6.55 -0.37 -1.15 -0.96 -5.91 0 -0.02 -0 -0.01 0.2 -0.91 0.35 -1.72 0.01 -0.02 0 -0.02 2.89 -4.46 -0.72 -4.83 0.03 -1.22 1.1 -6.06 -0.79 -0.69 -2.12 4.25 -7.59 0.11 -1.19 -0.17 -11.78 -3.73 -6.5 0.08 -9.29 1.85 -6.09 -5.5 -8.66 -0.17 -0.52 -0.04 -11.52 -1.82 -1.35 -0.48 -4.96 -2.93 -10.24 1.92 -11.32 4.87 -5.68 1.87 -1.4 5.89 -22.11 2.67 -2.7 1.28 -0.11 4.27 -15.19 0.3 -10.95 2.87 -4.28 6.86 -1.24 1.22 -7.86 4.86 -1.93 0.57 -11.72 0.27 -1.25 -0.18 -8.01 -2.63 -3.37 0.44 -1.06 12.1 -7.76 4.09 -4.7 13.99 -8.83 -1.44 -5.64 2.08 -3.52 5.4 -9.45 -0.24 -3.8 1.61 -0.04 2.23 -0.03 0.43 -1.35 9.88 -6.16 2.28 -6.02 9.79 -5.44 -5.26 -7.95 3.55 -0.64 -1.26 -2.65 3.5 -5.8 9.28 -0.25 17.89 4.07 25.97 -0.61 2.72 -4.62 6.77 -8.98 -3.16 -7.28 -0.74 -1.72 -0.61 -3.16 -2.11 1.59 23.83 -0.18 1.43 -3.51 10.69 3.48 0.02 1.43 0.28 8.5 3.52 6.01 -1.81 2.58 7.39 0.92 0.42 2.27 -0.76 2.8 0.15 6.61 3.05 1.62 1.43 2.11 3.33 3.67 1.89 1.63 0.65 1.11 2.96 2.56 1.89 5.19 -0.57 3.28 7.41 0.15 0.42 3.48 11.23 2.33 4.93 7.89 3.2 0.83 0.48 3.62 2.7 7.83 0.3 1.18 0.22 10.32 3.8 -0.37 3.14 -0.81 10.07 3.51 4.26 -0.85 4.71 3.17 2.41 3.83 -0.1 1.31 0.19 12.93 4.37 2.68 9.78 -0.28 2.74 -0.86 1.66c3.03,4.51 5.58,8.62 8.41,13.29l0.55 1.97 0 3.99 2.25 3.01 0.46 0.78 2.54 5.91 -0.09 -1.33 0.71 -2.48 4.73 -6.52 3.02 -8.96 10.13 -3.71 0.46 -0.13 8.45 -1.94 1.7 0 11.34 2.63 6.23 -4.08 3.91 6.93 6.51 1.92 14.81 -5.59 2.46 6.06 2.13 -0.55 0.94 -0.12 9.22 -0.06 5.02 -3.17 1.11 -0.48 11.24 -2.79 9.13 -4.78 0.45 -6.2 1.01 -2.25z"/>
   <path class="fil7" d="M1739.79 788.15l7.04 -7.46 1.62 -1.03 10.65 -3.37 4.95 -6.79 1.56 -7.74 0.41 -1.1 6.26 -11.29 0.53 -7.59 -1.63 -3.87 -0.3 -1.2 -0.74 -10.3 -4.39 -6.04 8.07 -10.47 0.83 -20.27 0.12 -0.8 6.15 -23.79 -6.91 -9.52 -0.67 -1.59 -2.39 -13.74 9.11 -7.38c2.1,-7.98 4.23,-15.27 6.64,-23.2l-3.83 -7.61 -0.39 -2.09 2.5 -24.48 0.31 -1.18 5.17 -11.44 -0.6 -12.84 6.88 -2.38 17.09 -13.36 3.7 -10.28 -2.7 -15.16 7.46 -9.89 7.19 -13.86 -0.22 -2.98 -13.94 -6.93 1.81 -12.37 16.29 -1.93 6.89 -5.18 9.13 -5.62 0.68 -4.2 0.39 -1.18 8.06 -15.16 6.49 3.31 1.88 -0.74 1.85 -2.55 0.09 -1.29 -4.53 -4.04 0.29 -9.48 0.63 -2 4.22 -6.37 11.56 -1.74 0.91 -0.01 9.38 0.89 3.85 -2.52 0.79 -5.89 -11.43 -1.11 -10.7 -13.83 -21.32 -10.78 0.93 -46.63 -17.25 -1.92 -2.41 -1.25 -14.4 -16.08 -31.41 -13.07 -0.76 -0.43 -26.09 -18.82 -15.87 6.37 -2.23 0.18 -18.02 -3.98 -26.92 24.15 -12.17 -18.18 4.94 -21.6 2.35 -10.95 -31.07 -3.86 0.7 -4.12c1.96,-12.89 3.96,-25.06 6.41,-37.99l0.06 -0.34 0.02 -0.04 0 -0.04 0.24 -0.64 0.19 -0.53 7.77 -13.65 -1.38 -13.78 0.22 -1.73 1.99 -5.23 -23.76 -8.22 -2.12 -1.79 -9.66 -18 7.66 -11.73 0.01 -0 1.41 -1.28 0 0 0.01 -0.01 13.01 -6.83 5.11 -10.84 0 -0 0 -0 1.54 -1.66 0 -0 5.7 -3.29 -3.62 -17.01 -11.15 -26 -0.28 -1.03 -3.38 -27.07 0.03 -1.07 4.24 -25.86 -10.6 -2.56 -12.43 6.23 -1.01 0.34 -16.7 3.09 -1.96 -0.15 -11.19 -4 -4.48 20.07 -0.41 1.06 -9.09 16.02 -0.83 1.01 -0.65 0.56 -13.94 11.89 9.31 12.22 -0.01 0 0 0 -41.6 20.3 -2.41 0.3 -24.23 -4.88 -14.3 7.96 11.1 10.88 1.13 2.64 0.85 36.77 -0 0 0 0 -11.82 9.66 -2.28 12.73 -0 0 0 0 -19.33 6.92 -4.13 9.02 0.04 12.98 -0 0 0 0 -22.41 16.41 14.75 18.81 0 0.01 0 0 -6.88 36.44 9.06 7.08 0 0.01 2.68 34.03 0 0 0 0.01 -0.69 2.48 -8.84 12.59 -3.98 56.24 -0.33 1.28 -6.43 14.35 0.26 30.44 -0.31 1.56 -3.6 8.14 3.41 20.35 2.08 0 -1.69 5.02 0 0 -8.68 25.75 -0 0.01 -1.47 1.95 -18.31 12.34 1.85 11.53 5.73 15.35 7.23 -1.22 0.52 2.15 14.02 10.81 9.7 1.77 2.39 10.87 7.63 5.14 0.77 0.69 10 11.72 10.65 -6.62 1.04 -0.44 20.5 -5.43 11.22 8.82 19.13 2.29 5.43 10.93 13.07 2.68 6.01 -6.35 7.91 -26.31 3.69 1.24 0.04 0.01 23.23 7.84 -0.79 31.71 -0.01 0 -5.1 2.34 -1.74 22.72 4.51 15.98 11.29 16.24 -2.45 8.81 8.82 12.6 17.89 12.39 14.54 0.84 17.96 -6.33 1.19 21.12 13.31 26.69 -6.02 8.61 7.41 15.96 7.78 11.24 15.65 7.98 0.76 0.52 22.29 19.37z"/>
   <path class="fil7" d="M1374.52 524.01l-9.16 22.19 -6.26 22.04 -1.01 1.69 -8.65 8.44 -0.88 0.64 -16.19 8.53 -0.54 0.24 -8.82 3.03 -3.53 11.01 -1.39 1.92 -12.51 9.06 -0.88 0.48 -12.46 4.74 -6.62 9.23 -1.64 1.3 -8.56 3.5 -1.97 0.26 -6 -0.84 -8.45 2.38 -8.16 -5.95 -7.56 -3.07 -20.8 11.68 -11.77 -4.46 -9.09 -0.7 -1.73 -0.56 -28.91 -18.06 -0.54 -0.42 -9.12 -8.25 -15.43 -6.39 -21.11 1.13 -1.49 -0.22 -13.46 -4.92 -2.06 -1.79 -7.22 -13.5 -6.09 1 -2.37 -0.37 -18.27 -9.51 -24.9 -5.2 -1.38 -0.59 -6.11 -4.23 -14.87 9.14 -2.03 0.55 -2.67 -0.02 0.28 1.8 -0.42 2.35 -5.74 10.76 0 0 -0.49 0.71 0 0 -10.76 12.28 0 0 -12.69 -1.56 -8.89 1.46 -0.51 0.04 -51.7 1.48 -0.97 -0.09 -7.7 -1.8 -12.46 -0.39 -0.74 -0.09 -14.37 -3.37 -16.23 -3.35 -14.78 -1.72 -0.85 3.94 0 0 -5.56 3.15 -6.79 18.41 1.89 10.79 0.04 0.57 0.23 8.64 6.52 2.04 1.59 10.46 4.94 8.01 0.51 1.26 0.85 4.33 6.38 3.44 0.86 0.64 8.15 8.05 0.72 0.95 2.14 4.12 5.5 4.49 3.8 3.1 -3.16 1.54 -10.09 4.93 1.3 8.98 -0.03 1.26 -3.29 16.51 -1.18 2.07 -4.69 4.3 -2.16 6.05 -1.04 1.54 -7.67 6.94 -0.95 0.64 -0 0 -9.56 4.42 0 0 -6.24 7.89 -0.67 0.67 -5.37 4.12 -2.35 11.14 -0.21 8.95 6.65 2.24 1.4 0.83 12.61 11.87 0.42 0.48 0 0 7.49 9.87 0.65 1.33 1.25 4.71 8.13 -4.65 0.39 -0.2 14.24 -6.13 2.68 -14.37 11.74 3.25 2.15 6.16 2.91 8.31 8.57 10.03 0 0 0.79 1.5 4.34 16.53 3.8 5.92 5.91 1.4 18.72 -3.78 0 0 0.13 8.54 1.74 -1.39 4.51 3 7.26 -2.32 4.75 4.02 0 0 -0.87 -1.63 0 -0 0 0 6.36 -4.68 2.72 -0.7 0 0 3.42 0.44 5.65 0.73 0 0 0 0 1.15 9.31 -0.4 2.2 -2.43 4.7 2.36 12.19 -0.98 1.35 -0.02 0.04 -0.03 0.04 -0.02 0.04 -0.03 0.03 -0.02 0.04 -0.02 0.04 -0.02 0.03 -0.03 0.03 -0.02 0.04 -1.24 1.7 0.24 2.28 4.48 2.61 0 0 5.06 0.85 10.19 -6.63 9.13 9.54 9.22 1 1.82 0.7 8.22 5.93 0.33 7.97 6.78 -7.38 1.01 -9.42c6.22,-3.93 12.03,-7.5 18.38,-11.2l3.74 -9.49 0.3 -0.58 0 -0 5.11 -8.33 0.52 -0.67 9.72 -9.96 0 0 0.7 -0.56 2.78 -1.74 7.19 -4.52 0.92 -0.43 6.71 -2.03 0.03 -0.01 1.24 1.01 7.49 5.91 1.8 -0.53 8.63 -8.19 2.43 -1.04 17.88 -0.94 7.53 -5.72 5.59 -12.18 -0.58 -8.37 7.87 -8.7 -5.47 -14.07 9.64 -10.09 2.87 -7.31 -0.65 -8.71 0.15 -1.34 3.03 -10.36 -6.31 -13.67 0.57 0.03 -0.16 -0.35 10.67 0.54 4.54 -4.81 0.06 0.06 0.35 -0.37 5.21 4.95 6.68 -1.61 1.26 -0.09 6.02 0.62 3.23 -3.81 0.13 0.01 0.28 -0.33 5.5 0.47 2.34 -4.53 2.07 -1.83 0.09 -0.04 0.31 -0.28 6.66 -2.45 2.91 -2.29 0.01 -0 0.4 -0.31 2.25 -0.8 16.04 -0.48 2.54 0.88 2.52 2.11 3.13 -3.68 0.14 0 0.27 -0.32 10.96 -0.04 1.56 -1.68c4.63,-5.19 8.87,-9.74 13.57,-14.59l3.26 -3.5 0.17 0 0.32 -0.32 3.4 0.09 1.08 -2.39 1.92 -1.91 0.17 -0.07 0.25 -0.24 5.61 -2.52 1.63 -0.33 12.46 0.29 2.93 -2.7 2.69 -7.66 0.28 0.07 0.13 -0.39 4.65 1.11 0.83 -3.76 0.35 -0.03 0.06 -0.29 7.66 -0.59 3.02 -4.23 0.2 -0.02 0.21 -0.3 5.84 -0.47 3.98 -5.07 0.15 0.01 0.26 -0.33 6.62 0.5 5.49 -3.8 6.96 -7.85 0.09 0.05 0.32 -0.37 7.2 3.81 9.5 -0.27 0.14 -0.01 0.02 0 0.08 -0 1.83 0.47 0.22 0.05 8.76 5.2 0.73 -2.37 8.55 -3.83 4.04 -10.67 0 0 0 -0 8.25 4.77 1.72 -0.8 0 -0 1.41 -0.35 0 0 0 -0 1.48 -0.08 0 0 -0.06 -2.62 -0.06 -2.53 5.76 -2.11 0 0 6.3 -19.32 0 -0 6.96 -21.69 0 -0 4.89 -17.48 0 0 0.54 -1.16 0 0 6.69 -9.61 1.23 -10.25 0 0 -3.23 -13.5 -6.42 1.09 -8.06 -21.61 -0.2 -0.73 -1.7 -10.67 -18.15 2.26 -0.51 0.02 -16 -0.2 -14.28 17.65z"/>
   <path class="fil7" d="M1224.28 1577.28l4.62 18.38 5.98 7.07 17.91 4.34 1.79 1 3.38 3.38 0.41 -0.04 0.39 -0.04 0.37 -0.04c0.99,-0.09 1.81,-0.16 2.52,-0.22l2.31 -0.2 0.02 0 0 0 1.35 0.13 0.02 0 0.22 0.06c1.57,0.25 3.26,0.93 7.93,2.26l21.25 1.57 0 0 5.51 -4.97 -0.74 -4.6 0.03 -1.34 1.86 -9.2 -1.61 -7.89 0.34 -2.49 4.3 -8.37 -2.32 -8.35 0.15 -2.47 11.52 -27.52 2.02 -2.04 8.05 -3.44 0.54 -7.43 -2.5 -4.57 3.36 -9.34 2.58 -14.61 -0.65 -11.29 0.5 -2.1 6.38 -11.1 0.37 -0.55 9.04 -10.82 -0.38 -15.94 0.73 -2.34 5.71 -7.75 -3.81 -8.43 -0.27 -0.83 -1.85 -9.3 0.27 -2.28 4 -8.93 2.81 -12.8 0.63 -1.39 3.19 -4.48 -1.87 -7.86 0.36 -2.69 7.33 -13.54 1.4 -4.98 -3.09 -1.22 -1.15 -15.94 -3.03 -20.21 0 -0.09 -1.57 -12.3 0.02 -1.09 0.95 -5.75 -6.34 -5.21 -16.67 -3.43 -0.91 -0.3 -14.31 -6.98 -16.84 -2.33 -1.65 -0.66 -7 -4.89 -4.47 -25.55 12.11 -12.28 -2.21 -14.76 7.79 -8.58 1.13 -4.92 -1.58 -6.11 -7.12 -6.3 -1.04 -1.52 -3.97 -10.59 2.74 -5.77 -2.95 -10.35 -5.71 -4.53 -0.91 -1.04 -7.4 -12.46 -0.49 -1.37 -1.12 -7.26 -6.57 -8.33 -0.36 -0.55 -6.13 -11.42 -0.31 -0.8 -3.37 -12.28 -3.33 -0.34 -2 -0.8 -9.67 -7.67 -11.09 -3.49 -3.96 -9.61 -12.2 -8.76 -8.47 -1.22 -1.65 -0.65 -8.85 -6.25 -6.54 -1.44c-1.1,-0.05 -2.2,-0.08 -3.35,-0.1l-0.14 -0 -0.14 -0 -0.14 0 -0.21 0.45 0.18 0.09 1.71 1.79 5.95 12.9 -5.23 2.05 -0.14 2.31 -0.01 0.13 3.08 2.53 0 0 -0.02 0.07 -0.02 0.07 -0.02 0.07 -0.02 0.07 -0.02 0.07 -0.02 0.07 -0.02 0.07 -0.02 0.07 -0.02 0.07 -0.02 0.07 -0.02 0.07 -0.02 0.07 -0.02 0.07 -0.02 0.07c-0.3,1.09 -0.57,2.13 -0.85,3.25l0 0.01 -0.01 0.03 -0.01 0.02 0 0.01 -0 0.02 -0.01 0.03 -0.01 0.03 0 0 -0 0.02 -0.01 0.02 -0.01 0.03 0 0 -0 0.02 -0.01 0.02 -0 0.02c-0.24,0.99 -0.41,1.68 -0.67,2.3l-0.01 0.04 -0.02 0.02c-0.17,0.38 -0.37,0.74 -0.65,1.13 -0.28,0.39 -0.56,0.7 -0.87,0.98l-0.03 0.04 -0.06 0.04c-0.35,0.31 -0.74,0.58 -1.23,0.89l0.6 1.46 2.27 0.86 0.19 -1.1 0.28 -0.94 1.46 -3.22 0.76 -2.73 8.33 0.7 2.73 5.65 7.98 -1.61 3.52 6.33 0 0 -7.81 8.29 -2.15 1.15 -12.41 2.08 0 0 -0.82 0.04 -13.36 -0.69 -2.05 3.16 1.55 8.95 -5.52 1.62 -2.8 4.79 -0.89 1.04 -8 6.44 -0.9 0.54 -0.11 0.05 -0.02 0.01 -0.07 0.03 -11.06 4.74 -0.31 0.12 -8.84 2.89 -0.94 0.18 -7.88 0.5 -5.23 11.87 -11.7 -1.74 -13.24 2.07 -1.93 -0.19 -7.45 -2.85 -4.58 0.77 -0.29 3.58 -5.87 4.7 0.91 5.24 -4.53 5.99 0.94 11.28 0 0 -19 6.45 0 0 -2.48 5.66 -1.59 1.79 -10.07 5.76 -2.87 0.37 -11.82 -3.15 -16.01 4.63 -7.08 7.03 -2.38 1.1 -11.33 0.92 -12.9 14.34 -5.98 10.38 11.22 8.89 14.57 7.76 0.58 0.37 8.24 6.58 -0.01 0.01 -7.45 12.18 2.76 32.07 18.69 5.87 1.67 1.06 0 0 10.89 11.86 0 0 -0.1 1.61 -0.02 0.23 -0.01 0.11 -0.59 9.38 0 0.02 0 0.02 0.01 0.44 0 0.02 0 0.02 0 0.02 0 0.02c0.02,0.46 0.07,0.94 0.15,1.54l1.6 9.87 -10.31 13.21 0.84 11.57 -0.49 2.13 -4.63 8.2 -4.77 15.24 3.78 8.18 7.98 1.59 2.34 1.5 6.26 8.63 0.72 2.17 0.07 4.32 19.98 7.48 0.62 0.3 9.64 5.79 8.25 -1.64 14.25 10.23 0.54 7.63 -0.09 1.11 -1.04 4.48 10.8 4.87 9.07 0.83 10.85 13.29 0.28 0.4 7.39 11.95 11.7 4.13 15.96 -6.61 18.19 15.79 0.55 12.14 3.25 3.77 2.98 -1.58 1.83 -0.43 10.91 0.2 8.33 -2.45 2.5 0.12 9.81 3.97 0.11 9.75 2.19 3.05 0.7 1.88 1.97 21.04 4.07 9.57 0.2 0.57zm-32.09 -458.7l0 0 0 0z"/>
   <path class="fil7" d="M1453.02 1656.06l-15.76 5 -0.01 0.01 -9.54 -5.02 -8.12 6.31 -0 -0 -0.01 0.01 -11.41 -5.26 -1.76 -1.67 -5.43 -10.14 -7.39 -1.97 -0.54 -0.19 -8.5 -3.73 -15.65 -2.04 -4.65 6.96 -0.97 1 -9.79 6.9 -0.01 0 0 0 -2.21 0.68 -0.01 0 -10.91 -0.11 -1.88 -0.51 -5.64 -3.29 -6.5 0.03 -7.62 4.14 -0 0 -0.01 0 -2.14 0.46 -13.86 -1.21 -2.44 -1.19 -5.41 -5.72 -1.03 -2.38 -1.3 -20.72 -19.96 -1.47 -0.78 -0.13 -7.84 -2.23 -5.36 0.47 -5.17 6.94 -1.41 5.82 -1.31 2.09 -11.01 8.82 -20.49 19.86 -6.52 9.28 -2.25 1.52 -9.34 2.21 -2.54 4.89 3.92 8.94 0.26 2.19 -2.63 14.4 -2.14 0.75 6.54 1.58 7.14 16.13 2.48 3.63 13.31 -2.9 4.21 3.89 0.61 -0.45 0.22 -6.93 14.41 -2.74 7.17 11.59 0.51 1.27 2.12 10.67 9.03 5.68 0.39 5.11 3.21 0.93 0.91 0.39 18.35 11.06 1.69 2.18 4.6 15.25 0.1 0.43 2.33 13.27 0.03 1.04 -1.89 17.97 5.93 7.33 0.83 2.18 1.37 24.8 -0.86 2.62 -2.8 3.4 0.18 11.89 -0.37 1.71 -3.63 7.45 -1.83 1.79 -4.68 2.18 1.04 2.69 0.13 2.34 -2.9 10.78 6.4 3.4 9.02 -0.6 1.53 0.22 9.88 3.59 1.41 0.91 12.24 12.45 5.74 1.19 1.44 0.63 12.76 9.15 9.23 -8.28 8.76 3.03 0.75 12.33 2.68 6.16 4.63 7.58 6.87 -0.63 6.44 6.19 12.26 5.67 3.51 9.7 5.44 2.35 3.28 -3.11 15.15 0.97 8.32 -1.75 1.33 -0.04 13.85 2.06 6.91 -3.23 5.07 -5.73 1.04 -0.83 11.58 -6.23 2.32 -0.42 5.23 0.74c10.28,-1.93 20.24,-3.66 30.56,-5.35l4.18 -6.1 14.57 -1.7 7.81 -6.46 0.94 -0.57 14.53 -6.22 4.91 -4.48 0.95 -0.62 9.46 -4.44 2.87 -3.92 0.28 -0.34 6.96 -7.47 -2.83 -14.7 0.25 -2.24 6.1 -14.01 -2.24 -9.25 5.72 -6.14 -5.47 -1.93 -1.19 -0.69 -9.09 -7.74 -1.1 -1.55 -1.42 -3.71 -6.68 -3.05 -1 -10.08 -14.39 2.37 -2.4 -8.96 -15.7 -5.79 -0.57 -0.27 -18.2 -10.37 0.31 -25.32 -3.73 -12.23 0.24 -2.81 6.71 -13.29 1.24 -7.1 -5.33 -4.61 0.04 -10.81 -2.46 -5.4 -7.5 -1.89 -14.01 1.33 -2.4 -0.58 -14.15 -9.03 -5.99 -0.89 -5.47 -7.63 -0.64 -1.44 -4.84 -23.03 -0.07 -1.06 1.5 -19.32 -1.14 -7.53z"/>
   <path class="fil7" d="M1550.03 1345l0.48 6.45 -17.19 6.44 -9.39 4.76 -2.17 0.39 -13.35 -1.63 -8.47 2.22 -0.89 0.12 -7.24 0.14 -6.4 2.23 -10.21 -10.41 -9.28 -2.54 -10.5 0.41 -1.98 -0.46 -8.97 -4.96 -0.82 -0.61 -5.02 -4.9 -4.22 0.37 -3.94 2.07 -1.44 0.43 -7.63 0.67 -1.28 -0.12 -8.24 -2.14 -10.84 -1.33 -2.37 -1.24 -5.6 -6.21 -10.33 -2.95 -10.85 -1.32 -2.26 -1.11 -2.11 -2.13 -0.69 3.43 -0 0 -3.28 -2.76 1.56 10.37 0.85 11.65 5.04 1.98 -3.38 12.02 -0.31 0.78 -6.84 12.63 2.33 9.8 -4.74 6.67 -2.73 12.39 -0.25 0.73 -3.69 8.22 1.53 7.71 5.46 12.07 -7.59 10.3 0.38 16.07 -0.88 2.54 -9.78 11.69 -5.61 9.77 0.61 10.64 -0.04 0.87 -2.7 15.27 -0.18 0.63 -2.34 6.5 1.41 2.58 0.46 2.08 -0.97 13.16 -10.89 4.66 -10.43 24.89 2.37 8.5 -0.28 2.74 -4.36 8.51 1.5 7.34 0 1.5 -1.88 9.29 1.29 8.02 -8.42 7.59 1.3 20.83 3.46 3.66 11.31 0.99 7.44 -4.04 1.8 -0.46 8.5 -0.04 1.92 0.5 5.67 3.3 8.66 0.09 8.22 -5.8 6.88 -10.29 20.89 2.72 1.03 0.28 8.69 3.81 10.3 2.75 6.39 11.94 6.05 2.79 8.34 -6.48 11.11 5.84 21.23 -6.74 2.53 16.75 0.03 0.85 -1.49 19.24 4.57 21.7 3.11 4.33 3.59 0.54 1.49 0.57 13.76 8.78 13.39 -1.27 1.28 0.09 11.65 2.93 4.33 9.49 0.34 1.58 -0.03 8.16 5.97 5.17 -2.07 11.87 -0.36 1.06 -6.29 12.46 3.46 11.33 0.17 1.15 -0.26 21.43 14 7.98 19.15 7.06 1.64 6.11 15.57 -2.56 1.37 13.81 4.13 1.89 1.98 2.1 1.63 4.25 7.81 6.64 8.79 3.11 0.98 0.52 1.09 0.8 0.57 -1.08 -0.26 -3.73 0.54 -2.24 5.97 -9.88 10.61 -2.26 4.15 -2.64 2.3 -0.6 7.01 0.48 4.12 -3.45 5.93 -6.76 8.38 0.28 1.47 4.3 6.42 -0.79 2.16 0.37 2.87 1.43 10.12 -0.55 5.94 -2.76 1.69 2.3 1.06 -1.41 8.96 1.03 1.64 0.59 3.72 2.43 1.42 -3.42 12.76 3.98 -0.08 2.81 5.44 0.68 -0.1 0.81 1.19 -0.33 7.35 5.74 -1.82 8.83 2.63 3.66 4.33 -3.7 5.8 2.42 3.14 -5.96 6.72 3.94 8.49 -2.67 6.81 9.09 4.22 -0.28 3.15 -13.48 13.31 -2.56 8.86 -5.61 3.44 -9.39 0.52 -8.41 -1.31 -14.09 -0.02 -0.63 1.18 -15.17 -2.06 -16.13 -12.14 -9.64 -1.4 -2.46 -1.88 -13.28 0.09 -1.5 6.05 -22.57 -3.05 -15.52 -5.21 -4.19 -1.19 -1.67 -1.95 -5.39 10.74 -14.61 2.08 -8.16 -5.97 -18.39 11.08 -11.98 -3.22 -16.96 0.03 -1.56 1.52 -6.5 -4.59 -10.21 7.16 -15.36 9.35 -2.04 0.77 -0.07 17.52 -0.2 2.15 -4.09 0.5 -21.6 0.83 -2.31 9.91 -12.31 3.26 -9.67 0.78 -9.51 0.86 -2.13 3.99 -4.81 2.49 -25.05 1.74 -25.63 2.42 -15.69 -1.48 -13.81 -0.01 -0.7 0.94 -11.65 -4.96 -5.02 -6.04 -5.87 -1.15 -2.61 -0.38 -11.78 -6.98 -7.39 -0.34 -0.43 -5.48 -7.83 -0.58 -1.3 -3.7 -15.37 -5.16 -12.48 -0.27 -1.01 -1.26 -10.89 -3.11 -9.44 -0.16 -0.8 -1.08 -10.27 -3.6 -5.88 -15.39 -7.71 -1.09 -0.82 -9.5 -10.28 -1.01 -2.26 -2.65 -31.8 -8.37 -22.01 -0.24 -1.59 1.26 -18.67 -14.57 -3.96 -10.5 -0.58 -7.2 6.37 -11.06 8.43 -3.53 7.86 -0.91 11.33 -0.46 1.54 -7.17 13.04 -1.31 1.39c-8.35,5.27 -16.17,10.06 -24.68,15.04l-2.58 9.9 -13.36 1.58 -8.54 2.94 -0.98 2.4 -0.15 8.81 -0.52 1.88 -1.77 2.98 -3.74 12.54 -0.54 1.1 -2.46 3.5 -2.2 7.02 -1.35 1.91 -0.13 0.09 -0.12 0.09c-1.66,1.26 -2.82,2.29 -4.24,3.19l-0.72 0.54 -0 0 -0.01 0 -1.73 0.73 -4.03 0.6 -3.57 2.9 0 0 -0.01 0.01 -10.19 -2.84 -0.79 -9.45 0.01 -0 0 -0 0.18 -0.04 -1.07 -8.53 0.49 -2.38 0.61 -1.05 -0.35 -2.81 -5.15 -4.54 -1.24 -2.26 -0.72 -4.52 -6.94 -7.61 -0.98 -2.53 -0.05 -4.01 -2.15 -3.16 -1.56 -1.73 -3.84 0.2 -7.6 -7.51 -2.29 0.78 -0.01 -0 -0.02 0.01 -2.52 -1.76 -0.08 0.13 -0.07 0.13c-0.31,0.55 -0.52,0.93 -0.7,1.19l-0.19 0.33 -0.01 0 -0 0 -0.07 -0.01c-0.5,0.43 -1.09,-0.11 -4,-0.42l-1.67 1.47 -0.43 6.61 -0.01 0 0 0 -6.7 0.81 -2.07 3.14 0.59 12.24 -2.14 1.67 0.49 5.09 -0.02 0.01 0 0 -10.66 3.54 -2.21 5.31 1.4 3.19 -0.87 1.99 2.32 2.65 -2.45 3.48 1.45 2.51 -1.75 4.09z"/>
   <polygon class="fil7" points="1478.43,1130.08 1477.17,1132.73 1476.45,1133.74 1471.45,1138.9 1470.42,1146.13 1469.54,1148.05 1465.14,1153.22 1463.71,1154.28 1455.29,1157.79 1452.83,1162.49 1453.04,1170.69 1452.37,1172.94 1447.35,1180.17 1445.56,1186.71 1443.86,1188.96 1434.54,1194.61 1433.43,1195.07 1427.95,1196.35 1422.34,1202.35 1421.15,1203.22 1416.37,1205.41 1412.23,1214.23 1413.14,1225.79 1407.86,1230.69 1403.39,1241.36 1401.47,1243.35 1397.26,1245.31 1391.46,1252.61 1395.85,1258.83 1396.39,1259.89 1400.98,1274.52 1401.01,1276.65 1396.47,1293.18 1383.96,1300.15 1382.41,1300.63 1373.16,1301.39 1362.35,1305.81 1360.84,1304.89 1360.54,1306.72 1361.84,1316.98 1361.89,1317.02 1362.87,1312.14 1374.07,1323.48 1383.92,1324.68 1384.52,1324.8 1396.19,1328.13 1397.97,1329.25 1403.35,1335.22 1412.96,1336.4 1413.45,1336.5 1421.34,1338.56 1427.61,1338.01 1431.55,1335.93 1432.99,1335.5 1441.4,1334.76 1448.56,1341.74 1456.18,1345.96 1466.18,1345.56 1467.33,1345.7 1478.19,1348.67 1479.9,1349.67 1487.45,1357.36 1489.85,1356.52 1491.05,1356.31 1498.44,1356.17 1507.22,1353.87 1508.63,1353.76 1521.54,1355.34 1530.04,1351.03 1530.43,1350.87 1542.49,1346.34 1542.36,1344.65 1542.66,1342.88 1543.28,1341.42 1541.31,1338.01 1543.12,1335.43 1541.56,1333.64 1543.02,1330.28 1541.65,1327.15 1546.44,1315.67 1554.67,1312.93 1554.37,1309.72 1556.68,1307.91 1556.22,1298.37 1556.85,1296.11 1561.56,1288.94 1565.47,1288.47 1565.59,1286.6 1566.87,1283.98 1572.22,1279.27 1574.73,1279.53 1577.45,1274.85 1583.59,1279.12 1586.69,1278.06 1595.26,1286.53 1599.39,1286.31 1603.49,1290.87 1603.8,1291.28 1606.78,1295.67 1607.44,1297.78 1607.48,1301.47 1614.22,1308.85 1615.16,1310.82 1615.84,1315.1 1621.06,1319.7 1622.33,1322.09 1623.01,1327.62 1622.52,1330 1621.91,1331.05 1622.24,1333.71 1625.02,1334.54 1626.39,1341.77 1627.49,1341.28 1631.6,1340.67 1635.03,1338.09 1637.05,1331.66 1637.57,1330.6 1640.02,1327.13 1643.71,1314.73 1644.09,1313.88 1645.59,1311.34 1645.74,1302.85 1646.02,1301.48 1646.85,1299.45 1642.82,1296.28 1645,1286.99 1644.69,1278.43 1642.83,1274.39 1631.44,1260.49 1630.57,1258.13 1630.25,1239.01 1627.74,1234.05 1617.72,1236.94 1610.79,1233.1 1608.25,1234.6 1606.06,1235.12 1595.52,1234.38 1595.52,1234.37 1595.5,1234.37 1592.53,1227.98 1585.72,1228.68 1585.71,1228.68 1585.7,1228.68 1577.4,1220.43 1576.37,1218.59 1575.16,1213.34 1566.14,1204.67 1565,1202.27 1564.17,1193.3 1553.48,1186.32 1541.14,1189.95 1541.13,1189.94 1541.12,1189.94 1537.01,1182.61 1526.02,1175.81 1524,1163.75 1519.21,1156.33 1501.82,1150.5 1489.49,1147.56 1489.48,1147.55 1489.48,1147.55 1487.78,1146.63 1487.77,1146.63 1480.67,1140 1479.5,1137.74 "/>
   <polygon class="fil7" points="1590.58,559.96 1584.68,579.59 1583.8,581.11 1574.26,591.2 1553.41,586.93 1548.16,576.38 1532.05,574.45 1530.14,573.66 1521.05,566.52 1504.78,570.82 1494.97,576.92 1498.52,582.95 1491.2,592.45 1487.85,605.46 1490.91,630.61 1499.43,643.23 1487.98,663.32 1484.91,682.68 1473.54,689.68 1465.45,686.94 1460.27,687.66 1459.61,702.14 1470.93,714.61 1462.38,729.63 1470.28,758.55 1466.29,764.39 1467.63,772.81 1467.55,774.4 1462.85,791.72 1465.09,807.46 1475.91,818.4 1476.77,819.77 1488.27,851.34 1488.46,852.12 1490.17,864.19 1478.94,874.59 1462.3,893.69 1460.02,890.25 1454.47,897.18 1452.38,898.49 1436.65,902.25 1427.11,921.27 1422.25,941.22 1430.38,950.3 1428.1,960.7 1429.78,1002.21 1429.46,1003.89 1423.26,1017.92 1426.82,1035.27 1430.6,1039.9 1439.61,1042.78 1441.33,1043.91 1460.22,1065.71 1458.57,1076.06 1469.46,1107.41 1480.22,1113.31 1481.55,1120.79 1485.17,1126.11 1485.8,1127.73 1486.86,1135.37 1492.22,1140.37 1503.63,1143.09 1522.91,1149.55 1524.91,1151.1 1530.84,1160.3 1531.39,1161.73 1532.98,1171.18 1541.86,1176.68 1543.19,1178.05 1544.81,1180.94 1554.7,1178.03 1571.42,1188.94 1572.44,1200.17 1581.26,1208.66 1582.34,1210.55 1583.56,1215.83 1588.52,1220.75 1597.17,1219.86 1600.54,1227.1 1605.39,1227.44 1610.66,1224.33 1618.66,1228.77 1631.7,1225.01 1637.44,1236.35 1637.84,1238.01 1638.17,1256.7 1649.04,1269.95 1649.56,1270.79 1651.93,1275.97 1652.27,1277.41 1652.63,1287.26 1652.54,1288.26 1651.35,1293.3 1652.19,1293.95 1660.74,1291.01 1661.53,1290.83 1670.16,1289.81 1672.22,1281.9 1686.48,1273.56 1698.56,1265.93 1704.87,1254.46 1705.76,1243.31 1706.09,1242.06 1710.3,1232.7 1711.47,1231.23 1722.94,1222.5 1731.26,1215.15 1733.98,1214.2 1746.49,1214.9 1747.28,1215.02 1757.07,1217.67 1751.27,1205.9 1750.94,1204.95 1746.93,1184.66 1733.03,1164.47 1712.42,1147.68 1711.48,1146.56 1701.22,1127.95 1700.89,1127.15 1697.36,1114.62 1705.52,1110.4 1708.13,1094.89 1708.88,1093.2 1723.38,1074.47 1724.94,1059.15 1720.56,1057.11 1718.82,1055.47 1703.22,1026.96 1702.95,1026.35 1697.62,1010.59 1685.46,999.63 1684.85,998.92 1673.03,981.31 1679.31,977.54 1685.7,966.55 1690.41,950.26 1697.53,952.17 1700.78,947.09 1701.2,946.54 1707.35,939.94 1716.37,923.83 1713.41,919 1708.76,916.78 1706.88,914.79 1702.98,905.36 1692.44,891.26 1698.72,883.21 1697.2,871.06 1713.03,857.24 1713.88,856.67 1717.61,854.86 1730.24,839.58 1731.22,838.74 1745.5,830.22 1745.29,817.48 1745.62,815.87 1748.26,809.96 1739.56,803.17 1739.22,797.73 1712.9,774.85 1696.8,766.63 1695.39,765.39 1686.86,753.06 1686.54,752.49 1677.17,732.31 1683.1,723.83 1671.45,700.48 1671.07,698.99 1670.4,687.19 1661.28,690.41 1659.81,690.61 1643.44,689.67 1641.48,689 1622.17,675.61 1621.21,674.65 1609.94,658.55 1612.38,649.75 1602.77,635.93 1602.23,634.78 1597.36,617.52 1597.22,616.2 1599.35,588.36 1604.24,586.12 1604.78,564.75 "/>
   <path class="fil7" d="M1766.66 2236.83l0 2.15 0.32 0.18 2.63 -2.44 9.81 4.25 1.79 1.58 0.66 1.13 5.93 1.76 3.85 0.25 0.28 -8.37 -1.98 -5.02 -0.28 -0.04 -2.17 -6.83 2.33 -2.65 -0.44 -0.21 -0.77 -6.04 -5.49 -4.93 2.8 -2.03 -5.94 -2.45 12.46 -8.9 1.46 -0.48 -3.15 -0.18 -1.47 -6.97 0.31 -2.46 4.01 -8.12 3.89 0.39 0.65 -0.56 1.83 -0.88 3.17 -0.56 1.01 -2.87 0.45 -0.88 4.17 -6.12 7.5 -1.41 3.61 -3.14 2.68 -0.92 6.88 0.37 10.91 -7.02 2.06 -0.61 4.08 0 0.72 -0.42 -2.2 -6.74 10.32 -2.95 9.92 7.89 0.59 7.59 5.11 10.78 15.51 16.03 1.04 2.31 0.36 4.07 0.41 0.53 1.32 -2.88 3.78 -0.65 3.73 -4.1 8.28 4.16 6.79 -1.57 1.96 0.07 4.3 1.32 1.38 0.78 3 2.61 3.74 0.13 4.65 -2.71 2.06 -2.68 0.2 -4.95 0.92 -2.33 4.04 -4.65 0.83 -0.71c9.05,-5.78 16.35,-10.28 25.65,-15.43l4.07 -4.94 2.4 -1.35 5.78 -0.83 5.44 -5.04 18.33 1.56 2.83 6.63 8.29 6.91 0.47 0.28 0.89 -1.28 2.78 -11.69 10.22 8.56 1.16 1.7 1.16 3.41 6.18 2.92 -0.06 -6.34 0.8 -10.38 0.1 -0.64 3.69 -14.56 0.57 -15.73 3.05 -2.15 -2.28 -4.62 -0.36 -1.21 -1.86 -14.48 0.39 -2.23 2.04 -3.92 -2.46 -9.18 0.04 -2.11 2.01 -6.45 -0.42 -4 -2.06 -4.51 -3.26 -4.86 -0.64 -2.16 0.13 -9.29 -2.67 -2.86 -0.58 -0.83 -3.78 -7.21 -9.78 -6.86 -0.48 -12.5 -1.42 -11.21 5.98 -4.88 -2.74 -0.74 -1.46 -7.07 -2.2 -7.27 -0.06 -1.96 2.87 -12.17 6.35 -2.47 -1.22 -1.09 2.63 -12.65 -6.7 -14 -5.33 -2.16 -2.07 -2.03 -3.45 -8.03 -2.7 -3.61 -0.76 -2.28 -0 -4.15 -10.16 -15.93 2.22 -4.27 -1.21 -4.43 -8.49 -2.87 -4.47 0.11 -2.38 -0.77 -7.94 -6.04 1.04 -5.82 -2.26 -2.74 -0.86 -2.71 0.73 -9.03 -4.24 -1.56 -8.38 -0.32 -2.15 -0.74 -4.17 -3.11 -8.8 -3.57 -2.01 -1.91 -3.08 -6.51 -0.2 -0.51 -3.48 -11.24 -0.96 -2.16 -1.14 0.13 -2.65 -0.72 -4.65 -3.43 -1.31 -1.74 -0.39 -1.06 -3.7 -1.9 -1.49 -1.35 -2.03 -3.22 -4.23 -1.95 -2.25 0.76 -2.77 -0.13 -5.24 -2.38 -1.26 -3.58 -0.32 0.09 -2.55 -0.13 -9.09 -3.76 -6.72 -0.04 -1.64 -0.37 -4.17 -2.02 -3.11 -0.57 1.3 1.33 1.07 2.52 0.19 4.77 -0.13 1.13 -2.8 10.19 3.48 8.76 0.24 1.89 -0.9 6.89 -0.54 1.5 -1.34 2.16 0.17 6.95 -0.98 2.65 -4.9 5.39 -9.5 -0.27 -6.51 3.87 -2.7 0.44 -8.67 -1.77 -7 0.58 -7.36 -7.91 5.67 -10.07 -0.11 -11.26 -2.76 -8.82 -0.11 -1.86 3.06 -15.65 -0.16 -1.15 -11.65 7.29 -1.26 0.51 -6.96 1.41 -6.96 14.37 -10.11 0.4 -0.41 -0.44 -1.93 5.26 -1.55 1.91 -10.58 6.7 -1.31 0.52 -9.15 1.76c-1.38,5.91 -2.74,11.68 -4.26,17.54l-9.46 3.41 -6.39 4.81 0.1 6.46 -9.52 8.51 -2.19 4.22 1.91 20.97 -4.32 4.13 -1.46 0.88 -6.14 1.99 -4.66 4.07 -2.19 5.6 -0.45 7.21 2.76 8.5 0.12 0.46 0.88 4.55 9.29 6.29 -2.8 10.93 -0.93 1.67 -8.15 8.69 -2.38 4.86 1.94 9.5 -7.03 6.55 -0.76 0.55 -4.87 2.68 -1.48 3.73 0.65 6.41 3.41 2.33 5.48 1.32 2.07 1.31 9.26 11.52 4.53 1.41 1.4 0.79 5.7 5.07 1.25 2.44 0.87 8.15 -0.73 2.67 -4.27 5.74 -0.48 0.54 -2.69 2.49 -0.19 12.06 -0.09 0.82 -3.26 13.81 1.57 8.67 7.27 8.09 8.25 0.25 1.67 0.43 7.45 3.95 1.55 8.94 -0.61 2.77 -5.67 8.35 -1.22 1.16 -6.44 3.77 -4.13 8.29 -0.79 10.28 4.78 5.58 0.73 1.31 4.22 13.02 0.18 1.39 -0.52 8.66 -0.34 1.37 -3.33 7.18 -2.06 1.93 -7.41 2.96 -2.1 0.21 -10.16 -1.91 -3.33 0.85 1.48 0.81 7.15 6.45 0.49 0.54 7.8 10.38 0.74 1.94 0.38 4.17 1.28 2.65 5.99 3.96 10.89 3.12 0.74 0.31 10.07 5.37 0 2.28z"/>
   <path class="fil7" d="M279.43 163.7l-4.38 -6.91 2.56 6.73 0.21 1.83 -0.53 4.16 19.91 10.23 6.28 20.64 -14.54 8.72 -19.32 -5.27 -4.25 -18.4 -13.26 -3.71 -5.19 5.66 0 28.94 -0.46 1.8 -14.15 26.17 -2.04 1.78 -11.67 4.3 -2.29 7.32 4.03 4.03 0.78 1.17 4.87 10.96 -23.41 3.34 -4.41 4.9 1.43 36.26 -22.8 21.37 -0.48 7.72 7.67 5.57 0 9.71 -0.58 2.01 -5.57 8.91 -7.19 -4.58 -2.38 5.78 3.6 4.63 0.77 2.77 -1.41 12.02 -1.28 2.43 -3.21 2.81 6.76 10.69 0.58 2.34 -2.83 33.24 -0.94 2.19 -13.17 15.06 3.1 6.2 0.39 2.16 -3.04 24.32 -7.8 5.38 19.19 12.1 0.22 16.6 0.13 4.82 1.45 5.41 -0.15 2.38 -4.87 12.19 1.73 23.99 18.71 19.93 -20.51 12.06 -12.22 31.04 -2.72 30.02 7.29 20.63 0.17 0.61 6.97 39.33 -25.06 14.27 -9.13 8.8 -6.8 22.7 1.54 28.5 -21.08 20.01 -2.36 67.92 -0.37 1.54 -17.54 36.37 2.49 24.63 9.43 15.31 -30.46 48.35 -0.42 0.55 -24.94 27.02 -1.81 1.1 -41.76 11.21 9.81 24.06 16.61 21.25 0.78 1.81 2.44 17.34 13.87 7.89 15.22 -2.17 0.01 0.01 0.02 -0 11.13 8.36 1.49 2.5 3.99 27.94 18.53 9.48 3.39 -3 -3.8 -14.82 0 0 0.21 -2.48 0 0 11.13 -24.91 0 0 1.71 -1.82 0 0 18.97 -9.91 0.98 -0.36 7.82 -1.62 -6.72 -6.76 0 -0 2.02 -23.47 0 0 1.15 -2.41 0 0 12.59 -12.31 0 -0 0.48 -0.4 0 -0 22.25 -15.5 22.26 -15.51 1.04 -0.5 0 0 10.67 -3.33 0 0 15.53 -17.87 29.73 12.38 1.1 0.71 9.96 9.12 22.19 7.05 0 0 22.34 0.39 0 0 1.56 0.35 0 0 10.96 5.19 0 0 11.34 -0.13 15.67 -1.71 1.65 0.19 45.33 15.89 0 0 1.76 1.25 2.32 2.98 5.3 6.82 5.68 -3.48 1.32 -23.24 0.46 -1.62 6.12 -11.15 0.91 -31.07 -0.61 -50.04 -5.9 -8.92 0 0 -0.54 -1.25 0 0 -5.28 -23.07 0 0 0.04 -1.86 0 0 6.26 -22.56 1.94 -21.41 -6.46 -13.52 -0.34 -2.13 3.01 -22.69 10.37 -1.56 1.46 -0.22 9.54 -9.5 3.97 -13.61 0 0 21.34 0.85 0.02 0 5.63 7.74 17.51 3.69 1.67 0.8 9.96 8.36 0 0 -0.52 9.26 12.53 12.52 0.88 1.34 4.13 10.82 13.43 3 1.38 0.61 0 0 21.49 15.26 1.28 1.58 3.75 8.63 5.1 0.49 2.28 1.04 15.81 15.17 0.88 1.26 3.79 9.02 0 0 33.7 0.09 0 0 1.59 0.34 0 0 33.09 15.25 1.15 0.82 13.04 13.5 -2.41 21.69 12.68 5.39 0.91 0.54 13.72 11.1 5.53 -6.31 29.46 -1.69 0 0 5.64 -6.39 10.95 -23.5 1.06 -1.34 11.85 -9.63 0 0 0.31 -0.22 0 -0 22.28 -14.67 0 -0 -0.66 -8 0 0 -24.85 -39.05 0 0 4.03 -15.74 8 -4.13 -15.99 -13.85 1.65 -8.3 -19.46 6.54 -8.7 -10.53 12.56 -14.57 -2.59 -32.22 0 0 -8.26 -13.39 12.01 -11.36 11.96 -51.07 22.52 -8.42 1.25 -0.24 8.87 -0.2 0 0 6.13 -8.73 0 0 0.83 -0.87 18.4 -13.73 27.49 12.37 18.35 2.43 11.29 -6.61 9.02 -9.3 0.65 -0.54 10.01 -6.51 0 0 0.91 -0.43 2.08 -0.67 6.83 -2.21 -0.16 -0.3 -7.31 -7.22 -9.08 -4.91 -1.41 -7.2 -4.99 -8.08 -0.54 -1.43 -0.99 -6.5 -7.15 -2.24 -0.36 -13.74 -2.03 -11.6 0.18 -1.97 7.63 -20.67 1.7 -2 3.8 -2.16 1.6 -7.39 21.72 2.53c10.41,1.89 20.76,4.37 31.06,6.78l12.46 0.39 0.74 0.09 7.58 1.77 50.89 -1.46 9.23 -1.51 1.07 -0.03 9.23 1.13 7.81 -8.91 4.93 -9.24 -1.43 -9.38 10.5 0.08 18.17 -11.17 9.57 6.62 24.69 5.15 0.98 0.34 17.6 9.17 10.19 -1.67 9.1 17.02 11.38 4.15 21.19 -1.13 1.64 0.28 16.83 6.97 1.1 0.7 9.32 8.43 27.88 17.41 8.7 0.67 1.06 0.24 8.97 3.41 20.91 -11.74 11.33 4.61 0.8 0.46 5.58 4.07 5.69 -1.6 1.55 -0.1 5.78 0.81 6.59 -2.7 6.67 -9.28 1.73 -1.34 13.05 -4.96 11.09 -8.04 4.31 -13.46 12.17 -4.18 15.41 -8.12 7.51 -7.33 6.03 -21.21 0.15 -0.4 9.48 -22.98 0.55 -0.94 16.94 -20.94 19.34 0.24 20.71 -2.58 18.51 -12.47 7.95 -23.61 -3.97 -23.75 0.27 -2.16 3.74 -8.45 -0.26 -30.43 0.33 -1.58 6.48 -14.47 4.01 -56.64 0.69 -1.92 8.66 -12.33 -2.31 -29.36 -10.06 -7.86 7.1 -37.62 -14.71 -18.76 -10.28 -7.54 -23.27 -2.02 0 -0 0 0 -4.75 -15.51 0 0 -14 -14.37 -14.67 -1.37 -2.22 -0.98 -22.94 -20.99 -18.5 -6.8 -17.92 3.94 -1.86 -0.06 -16.93 -4.84 -2.13 -1.56 -12.06 -18.18 -17.07 -3.66 -1.31 -0.55 -23.31 -15.43 -15.8 6.83 -3.18 11.52 -1.65 2.22 -16.6 10.39 -2.15 0.56 -14.2 -0.55 -9.98 4.4c-5.6,16.19 -11.31,31.4 -17.41,47.35l-1.04 2.82 -19.87 8.33 -0.01 0 -1.59 0.28 -0 0 -0 0 -20.56 -0.78 -0.01 0 -2.32 -0.89 -16.1 -13.59 -15.17 -7.11 -4.63 5.51 -4.24 11.65 -19.79 6.46 -11.11 11.06 -1.3 0.85 -17.22 6.72 -0 0 -0 0 -10.82 -6.05 -31.12 -2.89 -0.01 0 -1.96 -0.76 -32.45 -24.85 -27.91 6.08 0 0 -0 0 -13.76 -15.83 -14.88 -2.26 -6.88 -10.77 -10.51 0.5 -7.88 3.26 -0.01 0 -2.11 0.22 -0 0 -0 0 -22.63 -4.06 -1 -0.31 -12.36 -6.03 -19.06 3.25 -24.06 15.1 -0.01 0 -2.11 0.58 -0 0 -0 0 -16.85 -0.42 -5.84 -10.44 -14.14 -0.27 -2.04 -0.63 -8.95 -5.94 -18 0.88 -1.23 -0.15 -19 -5.51 -15.53 4.51 -0.01 0 -0.98 0.15 -0.92 0.02 -21.02 0.44 -8.86 -27.33 -12.38 -2.23 -5.16 -8.43 -10.91 -0.16 -11.9 -12.99 -33.65 -3.94 -1.43 -0.46 -9.28 -5.2 -0 0 -24.32 4.51 0 0 -0.01 0 -2.47 -0.37 -12.29 -6.53 -13.11 -0.69 -2.3 -0.92 -12.94 -11.17 -14.24 -0.16 -9.79 4.38 -0 0 -0 0 -11.25 -6.11 -33.2 -1.91 -1.61 -0.46 -8.2 -4.48 0.98 9.88 7.56 11.44 0.63 2.38 -1.52 19.7 0.63 4.43 6.99 2.43 2.66 9.7 6.33 2.92 1 11.78 4.32 11.04 -19.28 16 -0.01 -0 0 0 -12.73 -3.16 -9.26 2.59 -0.01 0 -2.43 -0.13 -19.04 -7.6 -3.06 -17.42 -0.51 -0.05 -1.63 5.42 -1.46 2.02 -5.53 3.9 -1.85 6.16 -1.25 1.86 -9.14 7.43 -3.29 12.75 -1.52 2.19 -8.47 5.82 -1.91 0.67 -0 0 -0 0 -13.27 0.93 -0.01 0 -1.62 -0.25 -20.37 -7.85 -2.06 -1.88 -4.76 -9.75 -6.57 -5.69 -24.09 -6.55 -2.22 -1.64z"/>
   <path class="fil7" d="M600.75 938.69l-37.91 -0.11 -5.43 -12.92 -14.3 -13.72 -8.24 -0.79 -5.11 -11.76 -20.01 -14.21 -16.7 -3.73 -5.29 -13.88 -14.36 -14.34 0.5 -8.85 -6.31 -5.3 -18.01 -3.79 -2.29 -1.49 -4.32 -5.94 -11.74 -0.47 -2.58 8.85 -0.96 1.64 -11.13 11.07 -2.11 1.07 -7.4 1.12 -2.11 15.88 6.43 13.45 0.36 1.98 -2.07 22.8 -0.12 0.67 -6.09 21.94 4.92 21.46 6.13 9.27 0.63 2.06c0.35,28.69 0.52,54.96 -0.31,83.47l-0.46 1.73 -6.15 11.19 -1.49 26.35 -14.88 9.13 -11.13 -14.31 -43.44 -15.22 -14.94 1.63 -12.83 0.16 -1.67 -0.36 -11.02 -5.21 -22.06 -0.39 -1.09 -0.18 -23.52 -7.47 -1.42 -0.82 -10.06 -9.22 -24.09 -10.03 -12.63 14.54 -1.74 1.15 -11.12 3.47 -43.8 30.52 -11.32 11.06 -1.6 18.59 14.11 14.19 -21.06 4.38 -17.31 9.05 -10.05 22.5 4.62 18.02 -4.63 4.11 0.02 0.01 -0.16 0.15 0 0 -14.22 12.62 2.59 12.15 10.58 16.44 0.58 1.61 1.35 11.24 12.22 18.28 0.63 2.5 -2.72 26.6 -0.06 0.42 -2.93 13.43 0 0 -0.17 25.09 10.7 41.55 20.04 32.11 0.48 2.86 -7.9 34.17 0 0 -2.8 15.8 6.68 13.28 5.33 -3.07 4.87 -14.89 0.15 -0.39 8.71 -19.15 9.81 -0.61 3.75 -6.32 24.24 -1.93 4.18 8.38 19.09 1.42 4.54 13.43 8.35 9.33 -0.96 12.91 0.58 19.28 8.89 14.15 -4.8 12.16 -1.41 1.77 -14.81 10 0.21 2.86 9.41 1.51 -0.05 11.95 11.11 19.74 8.02 0.22 2.48 1.02 11.96 11.08 8.55 -0.91 4.65 -7.1 13.58 6 -0.46 10.09 15.56 11.14 -0.4 14.99 -0.61 2 -4.2 6.42 -2.56 8.73 3.08 7.33 10.33 1.62 1.06 0.33 13.89 6.65 0.89 0.6 6.43 5.76 9.07 -13.91 14.18 0.86 5.89 -7.69 1.56 -16.16 0.15 -0.76 2.7 -8.7 0.61 -12.65 0.07 -0.63 4.24 -19.38 0.94 -1.79 6.54 -7.02 -2.46 -7.72 0.04 -2.46 3.94 -10.74 0.89 -1.39 20.89 -20.69 9.06 -14.28 1.76 -13.11 15.08 0.32 4.57 -7.82 1.67 -1.52 11.77 -5.55 -0.51 -9.08 13.07 -3.45 -5.65 -13.31 24.48 -2.85 2.08 -15.2 16.35 -2.82 0.78 -0.04 16.94 0.65 14.67 -10.56 1.87 -0.7 10.06 -0.94 1.76 0.26 14.3 5.74 3.65 9.43 19.5 10.39 0.49 12.55 -0.63 2.23 -2.94 4.44 6.3 7.53 -4.94 12.9 9.89 5.85 1.37 1.39 5.81 10.13 0.46 2.44 -0.52 3.51 8.99 -9.21 2.72 16.15 3.86 2.65 12.09 2.42 -1.18 13.98 5.61 6.19 19.47 10.07 1.03 0.77 3.24 3.45 2.22 -4.76 0.59 -0.89 12.96 -14.83 3.26 7.59 10.67 -4.55 -1.77 17.15 7.15 5.8 -0.81 9.37 5.68 12.47 8.13 0.35 6.78 -2.61 1.3 -0.26 13.09 -0.27 2.89 -6.66 11.69 -3.81 2.8 -6.26 0.67 -1.03 9.83 -10.67 2.07 -1.16 29.41 -5.85 0.46 -0.06 14.72 -1.07 7.67 -6.64 6.41 -12.49 29.19 -0.24 7.1 -5.13 5.31 -9.46 0.63 -0.82 24.9 -25 4.84 -9.16 -3.44 -5.56 19.36 -29.5 16.95 2.41 1.39 0.48 12.83 7.48 11.72 -0.81 2.43 0.67 4 2.78 8.42 -10.88 24.52 -0.93 9.54 -9.72 10.2 4.32 11.29 -8.44 2.5 -0.76 6.85 0.4 -2.55 -5.5 -0.18 -2.72 5.31 -16.96 0.33 -0.73 4.28 -7.59 -0.86 -11.9 0.81 -2.61 9.17 -11.75 -0.44 -2.62c-0.53,-3.16 -0.79,-4.69 -0.86,-6.41 -0.07,-1.63 0.03,-3.03 0.23,-5.74l0.26 -3.72 -8 -8.71 -22.6 -7.11 -3.31 -38.4 0.55 -2.29 4.61 -7.54 -2.74 -2.19 -14.57 -7.76 -0.58 -0.37 -16.59 -13.15 9.49 -16.46 0.46 -0.65 14.15 -15.73 2.53 -1.25 11.46 -0.93 6.77 -6.72 1.63 -0.95 17.98 -5.2 2.04 -0.03 11.31 3.02 7.62 -4.36 3.33 -7.59 16.52 -5.61 -0.57 -6.81 0.76 -2.61 3.42 -4.52 -1.11 -6.41 6.8 -5.46 0.51 -6.23 11.47 -1.92 1.98 0.19 7.48 2.86 12.83 -2.01 1.13 -0.02 6.5 0.97 4.75 -10.78 11.92 -0.76 19.04 -7.3 6.98 -5.62 3.2 -5.48 2.22 -1.73 0.44 -0.13 -0.65 -3.74 0.57 -2.71 5.26 -8.1 11.61 0.6 -4.35 -1.65 -4.28 -10.35 2.61 -1.73c0.94,-0.62 1.58,-1.02 2.09,-1.34 0.59,-0.37 0.63,-0.2 0.76,-0.38 0.11,-0.15 -0.03,-0.18 0.13,-0.85l-2.31 -1.9 0.65 -11.15 2.25 -0.88 -2.02 -4.39 -5.52 -2.85 5.38 -11.52 4.13 0.07 -3.05 -14.53 11.49 1.89 0.6 -0.53 -0.37 -0.91 -1.9 -0.2 -2.55 -1.35 -4.85 -5.84 -5.41 -2.12 -2.97 -10.24 9.63 -1.67 -0.26 -0.33 -8.94 -5.87 6.69 -4.77 -1.48 -2.93 -0.4 -1.58 -0.14 -3.58 -7.55 -1.19 7.06 -15.02 5.96 1.32 0.25 -0.17 -2.07 -8.52 2.07 -0.2 -2.61 -0.8 0.23 -5.33 -0.48 -0.16 -6.22 4.08 -12.32 -11.56 -1.19 -2.65 -0.2 -5.98 -4.76 -1.71 -0.4 -0.17 -7.36 -3.65 0.07 -3.6 -6.38 -1.02 1.7 -8.09 -5.22 -4.37 3.6 -7.99 -2.98 -1.59 -1.8 -2.09 -0.38 -1.07 -9.91 0.9 -1.08 -1.96 -4.07 5.13 -4.71 -14.64 -0.18 -0.94 -0.18 -3.04 -6.39 -0.32 0.7 -4.5 -11.55 -3.54 0.94 -5.8 -0.83 -0.45 -1.74 -2 -1.09 -2.83 -3.15 -2.63 -1.25 -1.94 -1.54 -5.7 0.27 -2.68 3.37 -6.76 -1.42 -0.83 -1.7 -2.15 -1.33 -4.26 -0.16 -1.39 0.3 -4.36 -12.83 -1.83 11.62 -8.87 -0.49 -1.71 0.25 -2.72 4.14 -8.36 -0.12 -0.09 -2.46 0.74 -9.11 5.73 -9.11 9.33 -4.69 7.65 -4.12 10.44 -1.64 1.89 -9.37 5.45 -6.8 4.3 -0.75 7.01 -0.98 2.18 -14.82 16.14 -5.43 -9.28 -0.51 -1.78 -0.24 -5.89 -4.4 -3.17 -9.61 -1.04 -2.34 -1.15 -5.74 -6 -6.16 4 -2.7 0.57 -7.19 -1.2 -1.28 -0.46 -8.43 -4.91 -0.2 -1.91c-0.14,-1.33 -0.26,-2.2 -0.35,-2.87 -0.23,-1.73 -0.35,-2.62 -0.13,-3.74l0 -0.02c0.28,-1.43 0.8,-2.1 1.85,-3.44l0.08 -0.11 -1.98 -10.22 0.36 -2.46 2.49 -4.81 -0.28 -2.3 -1.41 -0.19 1.44 2.7 -12.72 12.81 -1.9 -9.8 -2.31 -1.95 -6.72 2.16 -2.94 -1.96 -9.51 7.56 -0.22 -14.86 -10.62 2.14 -1.62 -0.01 -8.17 -1.94 -2.33 -1.65 -4.96 -7.72 -0.48 -1.09 -4.27 -16.27 -8.47 -9.91 -0.7 -1.22 -3.94 -11.24 -1.89 10.1 -17.76 7.66 -16.53 9.46 -3.61 -13.59 -6.8 -8.96 -11.81 -11.13 -11.15 -3.77 0.34 -14.9 0.07 -0.7 2.71 -12.83 1.42 -2.25 6.13 -4.71 6.5 -8.22 1.38 -1.1 9.87 -4.56 6.49 -5.87 2.15 -6.03 1.03 -1.52 4.47 -4.1 2.93 -14.68 -2 -13.81 1.34 -0.66 -3.63 1.18 -9.22 6 -9.08 9.36 -0.8 0.63 -12.88 7.54 -2.41 0.49 -20.21 -2.68 -1.06 -0.3 -23.9 -10.74 -14.34 10.7 -7.97 11.35 -12.1 0.28 -18.08 6.76 -11.29 48.21 -1.1 1.89 -8.36 7.91 5.51 8.93 0.57 1.7 2.91 36.26 -10.45 12.13 1.29 1.56 26.95 -9.06 -3.36 16.85 21.12 18.3 -14.95 7.73 -2.37 9.24 23.61 37.09 0.59 1.74 1.1 13.37 -25.86 17.04 -11.05 8.98 -10.8 23.19 -0.61 0.91 -8.14 9.21 -29.43 1.69 -8.26 9.42 -19.01 -15.38 -17.38 -7.39 2.65 -23.77 -10.06 -10.41 -31.71 -14.61zm596.02 171.5l2.3 -0.39 -1.39 -2.88 -0.9 3.26z"/>
   <path class="fil7" d="M1983.87 665.04l0 0 -3.8 -3.2c-0.17,-0.11 -0.32,-0.24 -0.46,-0.39l4.26 3.58zm-5.19 -7.51l0 0 1.09 -3.2 -1.09 3.2zm-1.49 -88.01l-2.57 -1.72c-0.73,-0.44 -1.32,-1.13 -1.63,-2l1.48 1.89 2.72 1.83zm-7.09 -11.91c-0.19,-0.49 -0.26,-1.03 -0.23,-1.59l0.21 1.54 0.02 0.06zm-1.56 -18.57c-0.16,-0.66 -0.16,-1.37 0.06,-2.07l-0.06 2.07zm0.54 -7.64c-0.37,-0.7 -0.52,-1.52 -0.39,-2.37l0.39 2.37zm-3.76 -18.53c-0.24,-0.31 -0.44,-0.65 -0.59,-1.04l0.44 0.83 0.14 0.2zm-3.3 -8.16c-0.14,-0.39 -0.22,-0.8 -0.24,-1.24l0.24 1.24zm-5.46 -15.72c-0.54,-0.58 -0.89,-1.33 -0.98,-2.17l0.98 2.17zm-22.44 -43.9c-0.36,-0.59 -0.56,-1.3 -0.55,-2.04l0.5 1.97 0.04 0.07zm-0.28 -15.22c-0.01,-0.4 0.04,-0.81 0.17,-1.22l-0.16 1.04 -0 0.17zm-4.18 -45.62c-0.75,-0.34 -1.4,-0.92 -1.81,-1.7l1.81 1.7zm-4.58 -6.87c-0.33,-0.51 -0.54,-1.11 -0.59,-1.75l0.45 1.49 0.14 0.26zm-0.84 -4.91l-3.31 -6.69 0 0 3.31 6.69z"/>
   <path class="fil7" d="M1440.2 1177.53l0.54 -1.16 4.67 -6.73 -0.2 -7.95 0.43 -1.85 3.57 -6.8 1.91 -1.76 8.85 -3.69 3.07 -3.61 1.05 -7.39 1.04 -2.11 4.96 -5.11c0.31,-0.39 0.56,-0.77 0.82,-1.24l2.64 -5.54 -2.83 -4.16 2.66 0 -0.04 -0.21 -8.83 -4.84 -1.76 -2.09 -11.69 -33.63 -0.17 -1.85 1.24 -7.8 -15.87 -18.33 -9.07 -2.9 -1.8 -1.22 -5.08 -6.22 -0.77 -1.64 -4 -19.48 0.24 -2.29 6.34 -14.33 -1.66 -41.13 0.07 -0.95 1.53 -7 0.02 -0.07 -8.19 -9.15 0.02 -0.06 5.89 -24.17 0.3 -0.8 11.34 -22.59 17.89 -4.28 11.27 -14.04 2.5 3.79 10.11 -11.6 8.87 -8.22 -1.1 -7.78 -11.08 -30.41 -11.11 -11.25 -1.06 -2.13 -2.53 -17.77 0.09 -1.53 4.68 -17.24 0.02 -0.06 -1.44 -9.09c0.09,-2.85 1.93,-4.67 3.48,-6.93l-7.39 -27.03 0.36 -2.87 6.6 -11.6 -8.67 -9.57 -0.98 -2.71 1.01 -22.36 12.34 -1.72 1.74 0.17 5.54 1.87 5.38 -3.31 2.63 -16.57 0.45 -1.28 9.44 -16.58 -0.02 -0.02 -6.37 -9.44 -0.63 -1.69 -2.85 -23.39 -1.54 0 0.79 -6.18 0.91 -0.38 0.15 -0.56 3.12 -12.13 0.66 -1.37 0.01 -0.03 4.66 -6.03 -2.67 -4.54 -11.56 -13.55 -8.47 -5.7 -1.61 -2.35 -1.63 -7.41c-8.64,-1.58 -5.88,-0.69 -14.56,-7.38l1.81 8.52 -1.42 11.84c-0.69,2.78 -6.62,9.69 -7.53,11.61 -5.85,20.93 -12.47,41.04 -19.2,61.69l-4.13 1.52 0.16 7.06 -8.12 0.44 -4.65 2.17 -3.93 -2.27 -1.98 5.24 -8.29 3.72 -2.56 8.33 -16.13 -9.57c-1.22,-0.32 -8.85,0.83 -11.52,-0.16l-2.8 -1.48 -4.07 4.43 -7.31 5.05 -6.35 0.38 -3.77 4.8 -5.82 0.46 -3.24 4.54 -5.78 0.44 -1.37 6.2 -5.83 -1.39 -1.74 3.62 -5.09 4.69 -2.65 1 -13.21 -0.31 -3.51 1.58 -2.72 6.02 -5.44 -0.15 -7.24 7.31 -11.23 12.67 -10.95 0.04 -6.08 7.15 -7.27 -6.09 -13.33 0.4 -3.84 2.79c-7.73,3.56 -4.07,-1.31 -10.04,10.24l-6.9 -0.59 -3.54 4.19 -9.51 -0.97 -10.05 2.42 -2.66 -2.53 -2.01 2.13 -1.73 -0.09c0.91,1.96 2.07,3.93 1.83,6.19l-3.23 11.05 0.42 10.58 -4.24 10.06 -6.83 7.14 5.42 13.92 -8.84 9.77 0.09 7.96 -6.41 13.94 -1.16 1.44 -9.64 7.32 -2.1 0.77 -17.63 0.93c-0.96,0.41 -7.16,7.6 -9.84,8.74l-6.44 1.87 -1.52 -1.16 -1 -0.77 -2.76 5.58 1.5 5.28 -1.32 1.01 1.87 0.27 -0.73 10.7 0.68 2.19 6.26 3.7 -5.88 11.81 0.85 3.16 2.97 2.48 1.12 1.56 0.93 2.43 4.36 2.36 -0.74 4.59 11.5 3.52 -0.42 2.68 4.79 0.24 0.55 9.37 0.2 0.63 2.36 -2.97 4.2 7.65 10.85 -0.98 1.85 5.26 7.95 4.25 -4.15 9.2 4.3 3.59 -1 4.76 5.02 0.8 -0.11 5.39 2.89 1.43 9.36 3.37 0.32 9.56 6.8 6.38 4.28 -2.81 9.44 3.16 -0.23 5.17 0.02 0.01 3.02 0.93 1.98 1.56 0.2 0.16 5.74 9.78 -8.81 0.85 1.24 5.11 -7.28 4.99 -2.83 -0.63 -0.43 -0.09 -0.17 0.36 3.72 0.58 0.35 9 4.06 8.02 -2.95 2.11 0.18 0.11 0.93 0.85 8.44 10.84 -11.37 1.97 1.54 1.11 4.48 5.41 4.91 0.51 4.12 10.1 -7.36 6.52 -4.09 -0.68c1.45,6.91 -0.5,5.53 5.98,6.96l2.74 1.19 8.12 5.73 7.56 1.09 3.37 1.37 12.2 8.76 2.59 3.28 2.6 6.31 7.68 2.42 2.47 1.31 8.8 6.98 7.4 0.75 4.62 16.87 5.78 10.76 6.37 8.09 1.55 3.57 1 6.53 6.65 11.21 5.17 4.1 2.59 3.87 2.95 10.35 -0.44 5.33 -1.37 2.89 2.49 6.63 0.05 0.08 6.37 5.65 2.32 3.78 1.58 6.11 0.06 3.6 -1.13 4.92 -1.79 3.43 -5.35 5.89 2.24 14.94 -12.03 12.19 3.26 18.62 3.63 2.53 15.95 2.2 2.29 0.69c15.87,7.73 12.54,6.5 30.08,10.11l3.3 1.58c4.09,3.36 6.42,5.55 10.68,8.13l7.84 -3.2 1.13 -0.28 8.98 -0.74 9 -5.02 3.39 -12.34 -4.09 -13.06 -7.33 -10.36 9.91 -12.46 1.38 -1.09 3.69 -1.71 4.21 -10.07 0.92 -1.32 3.19 -2.95 -0.7 -8.88 0.36 -1.91 5.17 -11.02 1.86 -1.85 5.38 -2.46 5.89 -6.31 1.91 -1.12 6.03 -1.41 7.48 -4.54 1.57 -5.72z"/>
</svg>`,

    "Uraba": `<svg xmlns="http://www.w3.org/2000/svg" width="100%" height="100%" viewBox="0 0 2312 6090">
   <path class="fil3" d="M1635.63 1711.52l-0.05 0.06 -0 0 -0.04 0.05 -4.46 5.13 3.28 0.83 8.47 -1.33 2.37 0.4 6.47 3.46 15.8 -5.26 2.24 -0.06 5.39 1.55 4.4 -10.53 9.72 -56.85 0.3 -49.46 34.39 28.76 39.06 -34.98 -3.81 -8.45 3.59 -8.96 -5.5 -18.56 -12.43 -12.36 -1.09 -2.13 -2.37 -15.78 -4.36 -9.83 -0.3 -2.04 2.69 -19.87 0.21 -0.85 4.84 -12.64 13.69 -0.92 19.53 -38.52 0.61 -17.7 0.96 -2.43 9.24 -10.28 3.06 -15.87 0.83 -1.74 3.43 -4.07 -2.08 -6.33 -0.04 -2.2 4.17 -14.86 0.89 -1.58 8.85 -9.43 7 0.58 7.62 -8.06 0.42 -6.58 0.3 -1.26 5.84 -13.54 0.54 -0.88 14.78 -18.43 2.78 -10.74 1.33 -2.04 4.66 -3.66 -0.06 -5.51 -9.25 -2.67 0.63 -25.06 14.57 -3.82 8.46 -4.94 8.02 -12.93 3.02 -11.02 1.63 -2.2 7.89 -5.03 10.1 -17.9 1.09 -1.22 16.3 -11.74 12.67 -18.31 0.85 -0.88 15.01 -11.24 1.21 -0.61 8.8 -2.59 12.54 -11.09 12.19 8.09 19.82 -12.95 7.26 -7.05 0.67 -0.52 20.77 -12.63 0.76 -0.36 13.72 -4.67 0.31 -10.13 8.28 1.17 1.63 -1.77 0.44 -8.95 18.57 -3.87 3.22 -6.6 22.72 -0.7 9.34 -4.58 3.17 -3.23 -2.16 -10.11 -3.92 -9.3 -10.45 -3.59 -1.62 -1.1 -10.85 -12.39 11.15 -7.99 1.53 -0.64 3.08 -0.57 0.13 -2.74 -8.06 -12.24 -7.37 -1.35 -0.15 -8.17 -12.35 -5.06 -0.44 -4.62 -13.49 -3.82 -0.95 -5.91 -7.16 -3.26 -2.08 -11.17 -8.18 -7.18 6.81 -12.8 -0.13 -10.13 0.33 -1.61 1.95 -4.3 -4.96 -11.67 9.78 -6.13 -3.76 -5.43 13.54 -16.65 1.9 -11.96 -1.87 -11.88 -0.04 -0.8 2.03 -33.68 -2.13 -15.63 -0.03 -0.59 0.54 -20.16 -3.73 -1.11 -2.08 -1.55 -2.33 -3.52 -5.21 2.4 -5.24 -6.91 -9.94 -0.98 -0.66 -13.83 -10.8 -7.81 -1.33 -1.73 -2.61 -6.83 -0.2 -2 2.8 -16.27 -14.43 -0.53 0.83 -20.11 16.2 0.53 8.29 -7.72 -9.98 -8.09 13.99 -6.2 0.09 -3.44 -3.45 -0.73 -2.37 -13.63 -7.31 -0.28 -2.71 -13.55 -5.39 -5.83 -14.26 5.92 -1.91 0.27 -13.85 -1.65 -1.43 -9.83 -0.67 -0.15 -1.48 7.08 -1.58 2.37 -14.93 10.18 -6.51 -5.76 -7.09 -0.35 -1.21 -0.25 -12.89 -5.08 1.16 -19.64 14.64 -3.19 0.06 -3.15 -4.89 1.59 -2.25 0.03 -24.95 -7.39 -9.78 -0.91 -1.37 -0.39 -11.16 -5.66 -1.26 1.01 -1.02 20.09 -0.7 2.02 -10.31 14.43 0 0 -0.01 0.01 -1.61 1.3 -4.49 1.92 -3.16 15.46 -0.01 0 0 0.01 -8.4 1.33 -17.99 9.9 -2.96 7.32 -0.63 1.03 -0.01 0.01 -5.91 7.04 -12.23 18.33 0 0 -0 0.01 -0.93 0.97 -5.17 3.74 0.08 2.23 5.01 7.41 -0.01 0 0 0 -3.89 1.54 2.11 3.82 -3.55 8.22 -1.72 8.79 7.19 0.37 0.06 6.62 2.7 0.56 1.86 0.98 2.06 1.98 6.84 -0.95 4.26 5.41 0.81 2.29 0.12 7.47 -0.01 0.01 0 0 -11.82 12 -6.61 -1.26 -0.59 6.06 10.02 11.75 -5.46 30.84 -0.82 1.76 -0 0 -0 0.01 -16.62 20.17 0.68 26.65 3.08 16.06 -0 0.01 -5.07 6.78 -1.1 20.75 -0 0 0 0 -6.7 5.69 -3.43 14.22 -0 0 0 0.01 -19.89 4.31 -1.38 0.03 -26.31 -4.07 -2.3 -1.26 -10.94 -12.59 -0.69 -1.13 -3.48 -9.09 -19.65 -4.74 -9.15 9.17 -0.01 0.01 -10.46 -3.83 -14.73 3.91 -1.62 0.07 -24.69 -4.4 -17.76 -5.12 -8.37 0.38 1.7 3.82 0.28 2.18 -0.83 4.76 3.43 1.29 3.93 16.2 -0 0 -14.93 7.76 0 0 -6.79 11.11 -0 0 0 0 -17.74 -3.38 -2.07 5.83 -1.18 1.67 -0 0 -6.87 5.65 0.87 4.61 -0.46 2.62 -3.27 5.57 9.45 3.02 2.69 11.81 -0 0 0 0 -5.33 1.83 2.71 6.62 2.64 2.45 6.81 -0.56 8.56 -3.54 12.71 5.9 0.69 7.86 3.53 0.3 9.41 12.55 0.67 1.4 5.89 24.69 7.59 5.04 1.99 25.96 -0 0 0 0 -16.67 2.34 -7.01 7.33 2.82 11.14 5.66 16.17 -11.17 15.6 0 0.64 10.52 -0.8 -0.07 7.78 6.28 7.24 -1.86 12.68 5.33 4.67 -2.48 7.68 4.06 13.52 -0 0 -7.01 4.12 0 0 0.17 3.98 15.24 4.84 1.75 22.5 -0 0 0 0 -8.85 0.85 -3.39 4.85c0.39,1.04 0.66,2.14 0.9,3.28l3.27 9.29 1.83 1.7 -0.84 1.1 0 0 -7.87 10.27 1.09 20.83 3.18 8.31 0.24 1.22 0.43 11.1 -0 0 0 0.01 -11.33 3.78 -1.7 11.59 -0 0 0 0 -5.83 0.72 -0.93 5.56 -0.3 16 2.59 6.76 4.9 3.95 0.88 18.96 -0 0 0 0 -5.73 2.26 -1.56 11.3 -0.16 0.73 -0.65 1.9 -10.49 30.96 3.29 2.69 0.86 1.01 9.12 15.41 4.66 -1.81 0.01 0 2.43 -0.11 7.93 2.32 2.59 15.63 -0.36 2.34 -3.97 7.81 0.37 14.33 -0.54 2.04 -4.73 7.94 0.65 15.48 -0.01 0 0 0 -17.43 2.58 -11.03 11.51 0.98 15.96 -0.07 1 -2.88 13.7 2.77 15.39 -0.54 2.73 -2.55 3.94 3.34 6.79 0.28 0.74 3.3 12.96 7.4 3.33 2.11 9.48 11.84 1.07 -1.9 17.36 -0.22 0.94 -3.59 9.55 2.71 5.41 0.37 1.22 1.49 11.72 -0.13 1.61 -4.06 12.88 5.5 9.74 0.46 2.35 -2.32 17.47 -0.89 2z"/>
   <polygon class="fil3" points="1479.61,2239.66 1487.08,2227.69 1487.51,2227.12 1494.1,2219.94 1495.84,2218.87 1502.96,2216.8 1512.32,2207.09 1512.39,2202.05 1521.98,2194.53 1521.63,2187.67 1522.28,2185.35 1527.4,2177.86 1527.81,2177.35 1535.77,2169.13 1537.08,2160.37 1542.44,2159.99 1547,2155.12 1549.08,2153.98 1554.76,2152.9 1555.95,2152.87 1566.79,2154.28 1577.3,2144.64 1580.4,2140.33 1577.49,2128.64 1565.37,2105.97 1564.97,2104.78 1562.94,2092.12 1574.27,2079.75 1575.27,2072.09 1587.09,2070.64 1591.47,2069.33 1594.24,2066.48 1595.17,2059.74 1592.16,2028.76 1592.15,2028.25 1594.54,1970.02 1594.7,1969.05 1599.26,1954.24 1597.44,1930.13 1587.88,1922.91 1577.39,1921.67 1575.46,1920.86 1566.99,1914.12 1565.74,1912.32 1562.93,1903.71 1571.95,1894.59 1573.11,1888.86 1569.83,1877.81 1564.56,1871.15 1563.89,1869.87 1560.83,1859.6 1560.69,1858.59 1560.52,1848.82 1554.61,1841.12 1558.53,1831.44 1559.91,1822.11 1573.65,1820.13 1573.86,1816.89 1570.81,1809.78 1558.84,1811.13 1559.86,1820.04 1559.13,1822.74 1551.6,1832.83 1556.12,1850.15 1543.53,1850.23 1541.4,1849.59 1535.56,1845.68 1534.43,1847.53 1534.63,1848.91 1533.19,1854.76 1526.23,1854.87 1523.96,1854.17 1523.25,1853.66 1519.44,1857.43 1517.39,1858.49 1512.59,1859.29 1506.28,1864.64 1505.69,1870.37 1504.71,1872.56 1494.56,1883.54 1493.16,1884.51 1486.39,1887.19 1491.75,1898.65 1451.12,1909.75 1441.28,1915.64 1441.28,1915.63 1441.27,1915.63 1437.27,1910.96 1440.02,1931.06 1440.02,1931.06 1440.02,1931.06 1417.97,1931.06 1417.93,1931.06 1414.17,1931.06 1414.17,1930.21 1411.84,1929.62 1398.19,1929.66 1397.02,1933.6 1397.72,1952.28 1386.08,1957.61 1382.33,1962.17 1380.46,1963.41 1371.35,1966.09 1371.19,1968.64 1380.74,1979 1381.33,1979.87 1387.51,1992.13 1381.89,1996.22 1380.89,2005 1364.23,2010.35 1362.46,2010.49 1352.1,2008.8 1351.58,2030.25 1351.43,2031.22 1347.18,2045.78 1345.72,2047.82 1333.86,2056.21 1331.85,2056.91 1313.21,2057.83 1312.25,2057.75 1305.28,2056.29 1291.43,2067.38 1288.75,2068.21 1279.23,2067.41 1276.95,2066.4 1276.94,2066.39 1276.94,2066.39 1268.13,2058.19 1252.86,2064.84 1252.85,2064.83 1252.85,2064.83 1250.74,2059.87 1248.91,2061.11 1244.81,2071.43 1244.8,2071.41 1244.8,2071.42 1238.07,2064.96 1234.77,2067.32 1234.15,2073.69 1234.09,2074.09 1231.28,2087.72 1219.86,2083.47 1211.78,2096.19 1211.78,2096.18 1211.78,2096.19 1208.12,2082.3 1204.62,2080.37 1197.15,2089.83 1197.14,2089.82 1197.14,2089.83 1193.76,2076.17 1188.72,2078.52 1185.3,2082.01 1180.06,2092.54 1176.42,2092.5 1171.78,2101.32 1156.19,2094.32 1150.01,2106.78 1146.9,2116.58 1131.99,2116.99 1129.89,2119.13 1129.15,2127.49 1118.66,2127.23 1112.04,2129.74 1110.12,2129.93 1096.1,2127.74 1090.19,2130.27 1089.21,2130.54 1082,2131.51 1081.41,2133.41 1079.78,2135.52 1072.25,2140.22 1066.48,2145.39 1058.52,2144.61 1053.36,2146.8 1050.57,2146.88 1041.7,2143.64 1040.36,2142.8 1040.35,2142.8 1040.35,2142.8 1029.01,2131.88 1028.28,2130.91 1026.17,2126.93 1000.58,2111.79 994.93,2113.68 993.81,2119.53 979.09,2127.52 977.71,2127.96 969.16,2128.94 934.58,2138.15 917.61,2145.39 916.3,2145.69 902.84,2146.33 900.35,2145.56 900.35,2145.55 895.1,2141.55 895.1,2141.55 887.99,2143 887.23,2143.07 880.53,2143.09 882.43,2144.68 882.13,2153.21 881.86,2154.49 878.06,2163.91 876.29,2165.88 867,2170.71 866.99,2170.7 866.98,2170.7 860.71,2166.42 859.36,2166.22 857.45,2172.27 856.35,2186.33 855.22,2188.76 846.28,2197.55 847.82,2208.22 847.83,2209.16 846.83,2218.47 856.79,2220.72 856.92,2230.5 863.46,2235.48 864.94,2237.94 865.89,2244.28 871.11,2248 872.19,2258.69 889.17,2276.71 888.31,2299.6 890.71,2305.06 905.26,2312.7 906.38,2330.3 906.22,2330.39 906.22,2330.47 906.22,2330.49 899.01,2334.33 898.34,2337.38 899.17,2338.94 916.28,2341.34 921.59,2350.74 930.06,2354.89 930.95,2355.49 940.71,2364.39 953.33,2366.41 955.35,2367.4 958.34,2370.25 973.67,2371.41 976.1,2372.54 984.63,2381.2 990.93,2382.76 992.7,2383.76 997.48,2388.51 997.9,2388.99 1004.72,2398.51 1010.15,2400.53 1014.69,2399.43 1017.07,2399.62 1025.8,2403.34 1026.22,2406.23 1035.56,2409.61 1036,2409.79 1056.39,2420.18 1063.24,2410.14 1063.49,2409.81 1076.37,2394.76 1076.38,2394.76 1076.53,2394.58 1089.07,2396 1090.22,2399.59 1095.35,2396.98 1096.96,2397.91 1100.48,2393.55 1100.5,2393.56 1100.64,2393.38 1110.1,2394.38 1120.13,2386.11 1134.29,2396.4 1131.58,2401.94 1140.1,2408.74 1134.67,2416.97 1135.63,2423.2 1141.85,2425.98 1141.67,2426.41 1146,2425.22 1155.71,2419.8 1163.31,2428.27 1170.9,2430.34 1174.49,2429.1 1177.12,2429.14 1187.33,2433.18 1190.3,2427.61 1190.37,2427.62 1190.46,2427.44 1237.27,2431.74 1231.96,2442 1229.98,2448.87 1238.16,2457.3 1244.96,2458.24 1245.94,2458.51 1255.48,2462.59 1258.67,2459.34 1270.79,2461.5 1271.69,2458.78 1271.8,2458.76 1271.85,2458.61 1278.95,2457.17 1280.74,2449.34 1272.87,2443.59 1272.89,2443.58 1272.87,2443.57 1283.04,2430.35 1283.13,2430.28 1283.2,2430.19 1284.53,2429.1 1299.15,2421.83 1315.4,2409.37 1313.37,2405.57 1313.37,2405.57 1313.37,2405.56 1313.53,2405.39 1313.53,2405.39 1323.12,2395.84 1325.68,2394.74 1333.29,2394.5 1333.61,2378.37 1333.89,2377 1340.11,2361.96 1340.78,2360.89 1349.35,2351.21 1356.24,2335.3 1359.13,2324.68 1359.94,2317.87 1355.76,2311.12 1355.36,2310.28 1350.94,2296.31 1350.94,2296.31 1350.93,2296.29 1351.19,2293.4 1358.44,2279.41 1359.06,2278.54 1367.56,2269.59 1367.46,2263.43 1364.98,2261.71 1364.98,2261.7 1364.98,2261.7 1363.56,2247.07 1363.72,2246.98 1363.72,2246.91 1378.43,2238.72 1390.04,2228.67 1391.08,2228.03 1402.92,2223.14 1410.57,2228.02 1417.83,2227.41 1420.53,2228.24 1423.75,2230.84 1426.99,2228.82 1428.69,2228.26 1438.19,2227.46 1439.45,2227.57 1455.31,2231.72 1463.94,2232.19 1465.96,2232.89 1475.61,2239.74 "/>
   <path class="fil3" d="M1371.39 2909.02l-1.2 -1.41 -0.88 -1.94 -2.07 -14.56 -0.03 -0.65 0.42 -11.59 -0.71 -2.54 -4.19 0.04 -3.43 -8.56 4.78 -6.34 2.79 -7.6 0.59 -12.2 -4.94 -4.74 -0.82 -1.15 -2.77 -5.98 -0.34 -1.52 -0.15 -6.47 0.61 -2.16 4.69 -7.15 0.34 -0.45 9.34 -10.51 2.46 -1.25 2.72 -0.28 7.78 -6.54 5.43 -12.4 0.22 -0.42 8.67 -14.57 0.79 -0.95 8.73 -7.44 4.15 -5.92 -0.21 -2.85 -9.9 -17.35 -0.49 -1.56 -0.7 -8.24 0.39 -2 3.54 -7.17 0.78 -1.06 5.61 -5.37 0.02 -4.54 0.97 -2.53 3.65 -4.06 0.5 -5.3 0.33 -1.25 3.33 -7.15 -0.39 -11.31 0.43 -1.89 8.38 -15.94 -0.04 -12.91 -3.58 -14.99 -0.06 -1.47 0.91 -5.74 -4.07 -5.53 -0.72 -1.85 -0.57 -5.35 0.24 -1.79 4.74 -12.06 1.19 -9 -4.36 -3.37 -27.26 0.94 -6.23 -7.87 -6.89 -1.07 -1.64 -0.67 -15.98 -11.55 -2.85 0.98 -1.34 0.21 -18.85 -0.58 -0.85 -0.12 -19.43 -5.02 -7.02 12.97 -14.1 -5.71 -9.57 -0.89 -1.86 -0.68 -8.77 -6.24 -4.37 -0.7 -2.19 -1.16 -1.87 -2.01 -1.52 0.27 -1.57 4.61 -0.91 1.46 -14.15 14.19 -1.62 0.97 -5.35 1.58 -2.72 -0.22 -10.11 -4.87 -0.52 -0.31 -4.85 -3.39 -11.1 -0.24 -12.92 2.21 -1.67 -0.09 -7.3 -2.06 -6.23 0.16 -9.63 5.42 -3.51 4.39 -0.79 0.76 -5.72 3.99 -1.5 0.61 -1.58 0.29 1.51 2.46 0.49 2.67 -2.41 13.12 -11.53 -4.22 -10.07 6.65 -2.67 4.97 -1.94 1.73 -4.11 1.65 -0.48 2.98 -1.52 2.49 -5.33 3.87 -8.67 -5.28 -1.35 -1.43 -5.01 -9.2 4.98 -5.52 -1.49 -7.92 -5.04 -4.1 -1.96 -0.2 -3.3 3.11 -0.46 0.37 -6.3 4.31 -2.44 0.66 -2.36 -0.19 -2.18 3.31 -2.4 1.64 -0.31 0.06 0.6 3.08 -0.5 2.73 -7.63 12.38 -6.87 -9 -4.17 1.06 -2.28 -0.15 -6.65 -2.56 -1.95 -1.67 -4.26 -7.46 -4.05 -3.91 -0.52 -0.61 -0.39 -0.58 -0.77 1.02 -8 -7.33 -6.19 -1.37 -1.88 -1.03 -3.25 -3.25 -11.67 -1.06 -1.22 -3.45 -6.28 0.64 -1.31 -4.29 -1.02 -0.31 -6.5 1.1 -4.94 -4.27 -4.95 0.04 -3.64 1.29 -3.2 4.93 -1.5 1.34 -6.42 3.16 -6.04 -2.35 -3.82 1.91 -1.5 4.18 -5.42 0.69 -4.22 2.58 -5.73 4.74 -2.48 0.86 -8.83 -0.14 -1.11 -0.18 -11.04 -3.59 0.51 -6.35 -5.44 -3.96 1.15 -1.42 -6.76 -0.94 -1.12 -0.34 -11.21 -5.39 -5.76 0.03 -1.44 -0.27 -5.29 -2.15 -1.49 -5.43 -3.91 -5.52 -4.03 -1.8 -1.7 -1.48 -4.24 -6.9 -6.57 -0.45 -3.33 -7.09 -5.76 -5.65 -12.11 -0.48 -2.09 -0.72 -2.62 -1.91 -1.83 1.95 -11.8 -4.14 -3.24 0.17 -8.52 3.53 -5.91 -4.46 -5.4 2.33 -16.15 -9.28 -0.94 0.47 -2.39 0.33 -5.2 -0.99 -2.1 -1.16 -6.86 -7.43 -2.53 0.03 -5.13 4.52 -8.78 -5.55 -5.22 -0.74 -2.26 -1.18 -2.6 -2.78 -4.4 -0.26 -1.93 -0.67 -9.21 -6.34 -0.93 -0.91 -7.36 -10.22 -12.31 -6.3 -3.4 -10.59 -8.52 1.85 -4.76 3.39 0.24 3.42 1.19 1.22 0 0.01 0.01 0.02 1.07 2.56 0.21 7.85 3.28 7.43 -5.64 6.57 -0.69 18.06 -0.46 1.7 -2.83 5.13 3.87 8.78 0.31 1.35 1.04 20.69 -4.11 3.84 2.38 6.16 8.13 0.06 -0 0.02 0.02 0 -1.28 5.72 4.89 1.03 0.01 0.02 0 0 14.17 22.26 -6.28 -0.7 8.21 2.51 -0.01 0.01 0.03 0.01 -8.02 10.31 -9.55 -0.21 1.2 8.06 -3.35 0.74 2.62 2.4 -0 0.01 0.02 0.02 -3.07 9.91 -4.73 -1.65 0.84 9.64 -9.47 -0.04 11.41 5.39 -0.02 0.01 0.03 0.01 -11.47 6.96 8.42 0.74 0 0.02 0.02 0 1.98 11.43 -6.29 0.2 0.01 0.04 9.38 3.13 -0.02 0.01 0.04 0.01 -10.23 8.7 0.33 4.49 8.16 -0.5 0 0.02 0.02 0 -0.57 11.74 10.12 0.45 2.61 1.19 4.15 4.39 8.66 0.44 0.01 0.02 0.01 0 1.44 3.97 3.82 -1.49 8.61 7.74 0 0 0.02 0.02 -0.44 6.48 4.98 1.2 14.07 0.65 -0.01 0.02 0.03 0 -6.56 8.93 6.22 0.97 -0.01 0.01 0.03 0 -6.8 8.95 0.68 11.21 -5.06 5.49 -0.83 0.67 -3.56 2.16 2.36 1.56 10.44 -1.31 0.01 0.02 0.01 -0 1.35 5.54 2.51 -0.35 4.76 -9.18 0.01 0.03 0 -0 9.2 16.55 -6 1.92 7.57 1.64 0 0.02 0.01 0 3.31 10.31 -10.28 1 -2.25 2.34 1.38 2.97 5.01 2.24 0 0.01 0.02 0.01 -0.26 3.69 0.1 -0.38 1.04 -1.8 6.52 -6.34 8.55 2.11 1.67 0.89 6.19 5.72 0.01 0.01 0 0 0.74 0.96 3.43 6.18 5.8 -2.66 0.95 -0.3 10.58 -1.8 0 0.02 0.01 0 3.04 16.15 -9.02 5.53 2.89 5.12 -4.19 7.72 0.33 1.84 7.83 -0.16 4.57 -1.7 9.57 -11.26 0 0.03 0.02 -0.01 0.87 9.26 3.71 -3.19 0 0.03 0.02 -0.01 1.26 11.8 6.89 -2.72 1.13 -0.25 8.68 -0.64 2.25 0.55 5.15 3.15 9.94 2.12 2.24 1.43 0.01 0.02 0 0 4.65 6.13 4.69 1.59 1.72 -1.24 1.87 -0.7 8.19 -0.76 0.01 0.02 0 0 0.14 0.22 -0.04 -0.59 10.69 1.08 2.23 1.01 6.74 6.34 0.01 0.01 0.01 0.01 0.87 1.2 1.1 2.44 7.21 1.63 2.34 1.62 0.01 0.01 0 0 4.24 6.45 0.63 1.95 0.44 11.46 -5.39 1.41 -1.25 6.98 -0.93 6.91 1.38 9.81 2.38 2.61 0.94 1.92 0.76 4.42 2.63 3.44 6.93 1.75 0.67 5.15 3.39 -0.04 6.13 7.69 -0.02 0.02 0 0 -5.56 5.56 6.23 9.01 5.48 2.25 1.87 7.69 10.58 19.26 0.46 1.97 -0.27 7.41 1.9 0.49 1.46 0.73 12.4 10.1 4.23 0.24 1.8 0.57 9.44 5.89 9.57 -3.26 1.12 10.87 1.94 2.6 3.93 -0.55 5.59 4.41 7.06 1.98 0.61 0.24 9.32 4.46 -0.58 7.07 -0.02 0 0 0.02 -5.96 1.74 -0.33 2.06 1.46 2 6.45 -1.81 4.11 5.9 -0.02 0.02 0 0 -2.86 3.93 6.61 15.09 -0.02 0.01 0 0.01 -1.98 1.36 4 0.63 -0.01 0.02 -0.17 0.26 -3.96 6.35 0.99 1.21 4.77 -0.45 4.52 6.82 0.6 1.57 1.34 9.31 -0.12 1.62 -0.34 1.14 11.54 6.32 -0.14 0.78 1.02 -0.61 4.87 2.89 12.01 -5.62 11.87 13.56 0.94 2.28 0.5 8.15 7.57 8.93 -0 0.01 0.01 0 -1.96 6.13 0.2 0.14 3.21 -1.37 9.26 5.28 0.24 0.15 0.09 0.06 9.09 6.44 8.1 0.28 4.17 -3.01 2.44 -0.72 19.69 1.22 4.48 -2.63 2.28 -0.5 13.94 1.35 5.23 -6.15 0.61 -0.56 0.29 -0.22 -4.14 -2.81 0 -0 -0 -0 12.05 -5.08 4.32 -3.7 1.4 -5.5 0 -0 4.58 -0.58 1.48 -4.95 6.48 1.4 0.24 -0.07 -0.57 -3.4 0 -0 11.82 -4.98 -1.92 -3.15 -0 -0 2.28 -4.05 -0.66 -4.99 -0 0 -5.43 -5.15 0 -0 0 0 2.65 -7.56 0.6 -1.1 17.13 -21.8 -0.41 -7.87 0 0 0.95 -2.71 11.93 -13.51 2.25 -9.32 0.39 -0.98 6.3 -11.16 -0.41 -24.41 0.04 -0.64 1.36 -8.75 0 0 -3.85 -5.31 -0 -0 -0.71 -1.95 -0.54 -6.89 -0.05 -0.58 0 0 10.28 -0.26 0 0 2.72 3.02 5.33 -1.38 2.03 -6.17 1.09 -1.65 6.84 -6.11 10.12 4.06 6.4 0.12 0.06 0 2.99 -2.07 4.25 -9.37 0 0 0.27 -0.48 0 0 8.76 -13.7 6.71 -0.41 17.73 -10.54 7.31 3.89 7.64 -6.37 0.83 -0.54 9.23 -4.26zm-669.22 -210.85l-0.16 3.22 1.41 -0.01 -1.25 -3.21zm1.87 9.8l-1.11 2.01 1.06 -0.91 0.06 -1.09zm-3.12 -6.57l-8.43 -5.3 -1.36 1.39 0.85 0.54 3.31 3.41 5.63 -0.04zm-9.6 -26.98l-4.08 -1.73 -1.53 1.19 5.61 0.54z"/>
   <polygon class="fil3" points="1385.2,2922.08 1370.51,2924.48 1372.2,2917.03 1365.78,2920 1357.97,2926.5 1357.97,2931.07 1346.6,2925.02 1331.74,2933.85 1330.03,2934.37 1326.25,2934.6 1319.76,2944.74 1315.17,2954.87 1313.86,2956.43 1308.99,2959.8 1306.77,2960.47 1298.37,2960.31 1297.02,2960.04 1290.63,2957.48 1288.09,2959.75 1285.08,2968.91 1272.59,2972.13 1273.03,2972.74 1273.7,2975.55 1272.14,2985.54 1272.57,3010.65 1272.08,3012.57 1265.54,3024.17 1263.19,3033.9 1262.34,3035.54 1250.82,3048.59 1251.23,3056.35 1250.43,3058.89 1232.8,3081.32 1231.99,3083.62 1234.83,3086.32 1235.98,3088.58 1236.98,3096.18 1236.54,3098.53 1235.83,3099.8 1240.03,3106.67 1225.6,3112.75 1226.3,3116.9 1218.61,3119.13 1216.75,3119.2 1216.24,3119.09 1215.37,3122.02 1211.01,3122.57 1210.59,3124.22 1209.37,3126.17 1203.69,3131.04 1202.92,3131.52 1204.29,3132.44 1195.93,3138.78 1188.37,3147.68 1171.69,3146.06 1167.26,3148.65 1165.12,3149.17 1145.63,3147.96 1141.52,3150.94 1139.18,3151.65 1128.65,3151.29 1126.57,3150.59 1116.68,3143.58 1110.87,3140.28 1107.26,3141.82 1099,3136.04 1101.38,3128.61 1095.71,3121.93 1094.82,3119.69 1094.33,3111.56 1087.07,3103.28 1076.58,3108.19 1072.17,3105.58 1070.3,3106.7 1073.39,3117.7 1073.37,3117.7 1073.37,3117.72 1064.16,3119.6 1064.09,3123.38 1074.44,3130.16 1074.54,3145.02 1078.37,3149.5 1079.26,3151.57 1080.4,3162.2 1080.34,3163.38 1078.23,3173.46 1084.01,3189.5 1093.28,3193.17 1094.86,3194.33 1114.21,3218.38 1114.19,3218.39 1114.2,3218.4 1074.83,3238.66 1073.79,3239.02 1058,3242 1055.15,3222.15 1013.17,3255.54 1009.42,3246.29 1000.78,3248.07 998.08,3247.62 992.74,3244.46 989.3,3248 970.3,3247.29 969.32,3257.89 969.31,3257.89 969.29,3258.02 963.43,3255.21 932.64,3241.19 932.69,3255.52 932.68,3255.51 932.68,3255.53 906.04,3250.24 900.5,3265.38 898.47,3264.52 880.83,3257.24 915.43,3355.91 940.06,3372.33 963.43,3386.36 1004.17,3404.36 1005.19,3405.03 1026.72,3424.69 1070.94,3447.27 1071.83,3447.88 1087.04,3462.15 1087.97,3463.5 1091.26,3471.73 1100.16,3476.52 1108.5,3469.57 1109.52,3463.44 1122.64,3456.15 1133.68,3471.33 1129.46,3478.7 1131.17,3484.4 1147.86,3487.35 1148.64,3495.09 1158.03,3492.15 1161.07,3487.09 1173.77,3485.28 1187.24,3515.58 1191.22,3518.79 1192.95,3518.59 1195.42,3512.38 1208.78,3518.81 1211.02,3526.01 1212.49,3526.4 1213.3,3524.76 1210.45,3516.13 1225.93,3511.32 1237.91,3527.66 1238.16,3528.06 1249.55,3548.5 1249.98,3549.77 1252.48,3565.86 1259.36,3578.01 1275.54,3592.65 1281,3594.52 1282.81,3595.86 1290.69,3606.43 1297.26,3609.63 1299.3,3616.07 1302.07,3616.75 1308.09,3613.8 1316.75,3621.59 1316.25,3612.64 1322.81,3609.82 1328.33,3615.67 1328.91,3616.49 1336.4,3630.56 1343.39,3639.94 1344.13,3641.99 1344.85,3653.5 1347.33,3656.98 1348.03,3659.23 1347.83,3673.7 1360.4,3680.15 1361.24,3699.42 1366.61,3709.75 1367.02,3711.04 1367.8,3717.33 1373.01,3722.81 1372.18,3731.26 1379.81,3736.81 1381.29,3739.02 1382.88,3745.81 1392.58,3751.02 1385.98,3762.19 1382.02,3776.2 1390.48,3790.27 1388.45,3797.89 1394.09,3803.96 1394.84,3805.12 1398.81,3814.94 1399.02,3815.7 1400.75,3825.15 1408.6,3833.35 1404.17,3844.13 1405.66,3851.68 1413.13,3855.59 1414.59,3856.92 1420.15,3865.69 1443.63,3872.07 1445.12,3872.87 1452.97,3879.67 1453.91,3880.87 1458.35,3889.97 1476.51,3896.97 1487.93,3896.17 1494.37,3891.74 1497.61,3879.15 1498.89,3877.14 1508.09,3869.67 1509.98,3863.37 1511.44,3861.35 1516.96,3857.44 1520.01,3847.31 1532.53,3848.5 1535.86,3867.46 1549.73,3873 1558.73,3870.48 1560.67,3870.44 1570.67,3872.93 1582.74,3862.91 1580.2,3856.44 1579.95,3855.37 1579.28,3847.47 1573.78,3844.94 1571.24,3835.66 1563.63,3833.02 1562.28,3823.59 1562.25,3822.77 1563.7,3803.96 1556.35,3792.83 1555.74,3791.1 1553.25,3765.96 1573.32,3776.93 1606.52,3778.84 1608.13,3779.3 1616.82,3784.02 1623.96,3780.83 1625.54,3780.51 1642.01,3780.69 1644.47,3781.62 1657.47,3792.84 1670.14,3793.5 1671.74,3793.93 1683.59,3800.23 1707.97,3795.72 1710.52,3796.13 1720.32,3801.63 1754.6,3805.65 1756.97,3806.87 1767.61,3818.49 1779.44,3818.67 1785.01,3827.76 1798.51,3830.19 1807.03,3856.47 1822.81,3856.15 1838.93,3851.47 1841.04,3851.47 1860.48,3857.11 1879.11,3856.2 1881.39,3856.82 1890.46,3862.85 1907.87,3863.18 1913.73,3873.64 1925.08,3873.93 1948.83,3859.03 1950.21,3858.49 1971.22,3854.91 1973.53,3855.24 1986.56,3861.59 2007.52,3865.35 2014.99,3862.26 2016.25,3861.98 2031.81,3861.25 2039.19,3872.8 2052.06,3874.75 2054.37,3876.03 2066.07,3889.51 2093.04,3883.64 2127.44,3909.97 2158.27,3912.84 2159.78,3913.3 2168.16,3917.99 2181.31,3912.85 2192.5,3901.71 2194,3900.79 2211.13,3895.2 2214.31,3886.43 2214.98,3885.28 2223.82,3874.78 2244.74,3884.58 2245.59,3885.12 2261.06,3898.18 2279.47,3898.87 2295.5,3892.16 2311.19,3849.45 2288.96,3852.21 2244.9,3866.54 2233.17,3851.47 2172.12,3828.82 2171.09,3828.24 2104.02,3775.5 2103.32,3774.78 2084.55,3749.49 2056.97,3720.58 2030.22,3700.73 2029.45,3699.97 2007.18,3670.43 1979.7,3629.97 1912.33,3588.74 1911.83,3588.37 1835.52,3522.58 1776.65,3485.9 1776.3,3485.66 1717.02,3439.01 1717.48,3409.36 1713.91,3390.76 1702.61,3365.63 1664.25,3313.98 1656.28,3313.22 1654.09,3312.26 1644.24,3303.42 1643.8,3302.94 1625.75,3280.03 1607.39,3262.81 1593,3258.46 1591.58,3257.66 1582.33,3249.49 1581.09,3247.3 1577.46,3226.74 1571.64,3217.69 1571.06,3215.97 1569.6,3199.91 1558.28,3182.89 1542.61,3166.17 1536.1,3164.05 1533.2,3154.66 1533.04,3153.54 1533,3138.19 1528.44,3134.99 1527.11,3133.34 1519.19,3114.43 1514.96,3109.73 1497.58,3107.18 1492,3095.33 1501.21,3088.38 1495.52,3078.46 1502.72,3064.66 1496.61,3057.09 1490.64,3054.71 1489.3,3053.81 1478.13,3042.23 1481.52,3037.5 1478.57,3029.88 1463.56,3027.45 1461.54,3026.45 1452.01,3017.43 1450.85,3015.01 1449.02,2995.44 1440.35,2988.25 1439.93,2982.15 1434.67,2981.68 1423.36,2985.09 1410.21,2973.55 1413.59,2957.79 1405.96,2951.82 1395.12,2947.13 1393.38,2945.63 1388.86,2938.24 1388.32,2936.68 1386.85,2923.75 "/>
   <path class="fil3" d="M1131.18 336.1l-2.32 -4.8 -6.35 8.8 -1.52 1.25 -12.04 5.44 3.55 2.07 1.58 1.76 11.22 25.48 -5.97 14.86 -0.4 0.74 -19.26 27.81 -0.35 5.01 -16.7 13.87 -0.54 0.39 -23.87 13.65 -0.55 0.25 -19.96 7.51 -25.75 11.24 -0.76 0.24 -59.14 12.15 -1 0.07 -11.68 -0.74c-74.49,20.19 -136.75,34.81 -213.72,46.25l-41.57 3.65 -72.3 9.48 -0.31 0.03 -57.95 2.72 -4.38 2.77 -0.39 6.22 -1.1 2.44 -3.8 3.81 8.49 22.06 6.63 4.16 -2.86 16.52 -7.74 3.33 -5.29 12.73 -0.86 1.27 -24.59 24.04 -0.63 0.49 -34.11 21.61 -23.08 19.63 -0.31 0.24 -17.58 12.03 -7.06 12.64 -4.37 0.59 0.68 3.96 11.94 11.99 0.97 1.65 5.68 20.26 21.76 7.18 1.03 0.54 4.2 3.03 0.83 -0.78 -2.48 -4.99 -15.33 -7.42 0 -7.56 -8.33 -11.3 -6.02 -1.73 -0.31 -7.22 13 -4.97 7.68 6.58 0.88 -0.04 11.51 -14.91 11.17 5.3 0 15.85 36.8 34.19 40.81 7.94 1.07 0.39 16.48 8.81 28.52 5.59 1.16 0.43 29.21 16.76 14.25 2.72 1.37 0.55 18.42 12.09 1.25 1.37 7.5 13.68 35.7 33.74 1.19 2.59 0.64 13.47 15.97 16.04 0.89 1.43 14.06 40.17 0.21 1.13 0.51 14.57 0 0.36 -0.73 11 4.69 3.43 1.13 1.33 6.23 12.08 0.39 1.18 1.83 12.2 33.88 0.06 10.31 12.65 0.58 0.98 9.15 22.88 6.78 6.83 0.82 1.24 9.67 23.53 0.28 1.59c-1.29,30.63 -3.06,54.31 -6.26,84.82l3.23 8.06 6.89 2.63 7.2 23.78 0.15 1.35 -2.02 28.9 -0.07 0.55 -4.52 20.56 -9.87 31.87 -0.16 0.45 -10.63 23.46 -0.25 0.46 -13.98 22.14 -4.06 15.27 0.35 4.24 1.73 -1.67 2.69 -2.63 0.02 0.02 0.01 -0.01 11.07 8.53c4.98,1.23 9.75,2.51 14.63,3.85l3.76 0.98 6.31 -3.41 0 0 0.01 -0.01 1.58 -0.44 8.09 -0.5 0.45 2.72 7.18 2.73 0.3 9.98 0.91 0.03 4.34 -4.28 0 0 0.01 -0.01 11.29 1.38 -0.63 1.17 0.3 -0.25 0 0 0.01 -0.01 4.3 4.28 1.54 -0.8 0 0 0.68 -5.76 0.65 -1.71 4.06 -5.85 -0.35 -11.09 0.01 -0.01 0 0 5.89 -2.63 0.83 -4.03 0.54 -1.31 3.66 -5.63 1.82 -1.48 0.01 0 0 -0.01 10.65 -4.11 2.52 6.52 3.21 -0.95 3.09 -6.01 2.01 -1.8 0.01 -0 0 0 12.59 -4.88 8.54 4.8 2.91 0.86 4.31 -3.69 0 0 0.01 -0 2.62 -0.91 7.25 0.31 2.59 4.56 6.68 -1.57 2.9 4.12 4.35 -1.01 0.02 -0 3.83 8 5.58 2.3 0.9 5.75 5.04 -1.24 5.82 3.84 6.29 -5.74 0.01 -0 0 -0 2.32 -0.98 22.63 -1.51 12.45 -18.88 0 0.01 0.01 -0.02 6.33 11.93 3.81 -6.82 -0.69 -12.96 0.03 -0.76 1.64 -10.9 -3.82 -7.55 -0.34 -2.43 2.45 -12.57 0.88 -1.8 12.86 -14.59 9.83 -12.59 0.01 0 0.01 -0.01 11.19 3.52 21.72 -15.19 9.74 -13.91 0.01 0 0 -0.01 13.59 0.33 10.01 -5.02 -1.12 -9.93 0.4 -2.16 5.28 -10.28 0.29 -14.27 0.78 -2.24 8.91 -11.63 -0.47 -15.29 12.29 -8.06 0.01 -0.01 0.61 -0.32 0.01 -0.01 16.06 -6.72 6.94 -11.99 0 0 0.01 -0.01 7.95 7.01 2.53 -0.14 1.37 -8.14 8.08 -3.14 -4.44 -4.59 -1.01 -1.92 -2.02 -10.3 0.02 -0 13.93 -5.54 5.68 -15.24 0.01 -0 0 0 12.05 -2.76 2.91 -7.31 0.01 -0 19.26 -5.72 0.02 -0 0.64 -0.13 15.8 -1.84 1.13 0.05 14.74 2.76 8.82 -8.65 0 0.01 0.01 -0.01 7.43 16.52 7.06 -3.34 0 0 0.01 -0 2.86 -0.17 13.7 4.72 -0.75 4.75 8.49 -1.02 2.7 0.72 5.64 4.13 15.09 -1.33 2.4 0.61 4.86 3.16 13.4 -0.96 8.74 8.57 10.24 -4.13 0 0 0.01 -0 2.32 -0.17 12.39 3.07 2.37 7.97 6.19 2.35 0.21 7.03 -11.13 4.96 0.33 0.41 13.21 -1.85 -1.28 11.65 13.07 -12.72 0.01 0 0.01 -0.01 9.4 4.08 1.77 1.57 5.63 9.55 8.52 2.82 -2.77 11.72 -0.57 0.3 5.73 2.48 -0.17 3.65 4.08 -7.28 0.01 0 0 -0 7.9 1.63 2.23 -1.21 -3.26 -3.26 1.19 -8.31 0.01 0 0 0 22.28 -2.43 1.52 0.15 3.91 1.2 3.47 -4.78 0.01 0 0 -0.01 11.85 -0.59 1.82 0.36 10.52 5.02 1 0.7 15.44 14.78 1.16 2.46 0.24 3.19 6.79 0.38 6.65 -1.85 0 0 7.57 -8.85 2.18 -13.41 -3.96 -9.26 -12.98 -12.81 -20.81 -4.39 -7.15 -11.68 5.01 -7.94 -4.11 -11.32 7.59 -9.23 0.57 -11.33 -5.02 -8.83 7.96 -8.68 0.44 -26.8 0.48 -1.79 6.11 -11.03 -1.68 -13.74 -5.78 3.29 0 -0 -0.01 0.01 4.43 -25.68 -2 -3.65 -15.77 -0.12 -6.75 3.58 0 0 -0.66 10.58 -0.01 0 0 0.01 -13.47 -0.69 -0.67 3.2 -1.28 2.14 -19.48 16.37 -0.01 0 -0 0 -1.47 0.76 -10.56 2.78 -6.72 5.46 -0 0 -0.01 0.01 -6.17 -3.44 0.98 -7.54 -8.29 -11.87 3.93 -13.29 0.43 -11.84 -10.21 -6.27 -1.1 -8.34 -12.13 -15.55 10.77 -18.88 -0.37 -6.93 -5.86 -8.7 -0.64 -2.4 0.76 -10.61 0.86 -2.16 6.43 -7.76 -0.03 -11.94 -1.64 -2.57 -5.89 1.13 -8.42 -11.63 -9.17 -2.3 -0.95 -0.39 -12.44 -7.08 -1.61 -1.8 -3.72 -8.61 -0.28 -2.07 0.67 -4.37 -8.05 -3.67 -4.89 -13.49 -2.72 -3.5 -7.3 -3.31 -0.88 -0.57 -6.81 -5.73 -6.73 6.69 0 -0 -0.01 0.01 -21.71 -21.49 0.02 -0.01 7.02 -4.67 -21.25 -24.81 2.98 -6.26 -3.17 -0.56 -1.56 -0.67 -11.07 -7.98 -9.32 -4.11 -8.78 -2.57 -10.16 -0.45 -6.46 -16.78 -18.9 -15.31 -0.33 -9.14 0.43 -1.89 1.96 -3.76 -1.42 -1.39 -11.11 -1.22 4.8 -37.14 0.1 -8.08 0.33 -1.52 4.86 -10.74 1.04 -1.37 9.24 -7.64 -0.26 -2.58 -2 -0.49 -6.39 1.61 -2.59 -0.28 -13.38 -6.55 -0.48 -5.44 -6.39 -2.29 -3.03 -7.76 0 -0 0 0 5.65 -10.89 0 -0 1.03 -11.06 0 -0 0.83 -2.05 0 -0 0 0 7.25 -8.92 -0.1 -0.17 -3.24 1.09 -1.77 0.16 -12.76 -1.94 0 -0 1.07 -4.48 -2.91 -1.52 -2.6 2.19 -9.58 -1.61 -4.4 -7.37 -2.07 0.24 -1.67 -0.2 -6.73 -2.34 -1.56 -1.03 -3.36 -3.69 -6.5 -2.54 -3.17 1.24 -2.71 0.02 -14.06 -5.25 -0.89 -10.83 0 -0.53 0 -0.26 0 -0.27 0 -0.26 0 -0.01 0 -0.26 0 -0.01 0 -0.26 0 -0.01 0 -0.26 0 -0 0 -0.26 0 -0 0 -0.26 0 -0.01 0 -0.26 0 -0 0 -0.26 0 -0 0 -0.26 0 -0 0 -0.26 0 -0.01 0 -0.26 0 -0 0 -0.26 0 -0 0 -0.26 0 -0 0 -0.26 0 -0.01 0 -0.26 0 -0.01 0 -0.26 0 -0.01 0 -0.26 0 -0 0 -0.26 0 -0 0 -0.26 0 -0 0 -0.26 0 -0 0 -0.26 0 -0.01 0 -0.26 0 -0.01 0 -0.26 0 -0.01 0 -0.26 0 -0.01 0 -0.26 0 -0 0 -0.26 0 -0 0 -0.26 0 -0 0 -0.26 0 -0 0 -0.26 0 -0.01 0 -0.26 0 -0.01 0 -0.26 0 -0.01 0 -0.26 0 -0.01 0 -0.26 0 -0 0 -0.26 0 -0 0 -0.26 0 -0 0 -0.26 0 -0.01 0 -0.26 0 -0.01 0 -0.26 0 -0.01 0 -0.26 0 -0.01 0 -0.26 0 -0.01 0 -0.26 0 -0 0 -0.26 0 -0 0 -0.26 0 -0.01 0 -0.26 0 -0.01 0 -0.26 0 -0.01 0 -0.26 0 -0.01 0 -0.26 0 -0.01 0 -0.25 0 -0.01 0 -0.26 0 -0.01 0 -0.26 0 -0.01 0 -0.26 0 -0.01 0 -0.26 0 -0.01 0 -0.25 0 -0.01 0 -0.26 0 -0.01 0 -0.26 0 -0.01 0 -0.26 0 -0.01 0 -0.25 0 -0.01 0 -0.26 0 -0.01 0 -0.26 0 -0.01 0 -0.26 0 0 0 -0.01 5.49 -2.16 2.51 -3.33 -1.35 -12.55 0 -0.01 0.55 -2.41 0 -0 2.37 -3.82 -0.54 -10.71 -3.26 -9.43 -4.94 -4.63 -0.8 -1.1 -3.89 -7.92 0 -0 4.67 -11.69 -0.51 -3.44 -5.83 -0.36 -2.71 2.19 -2.24 0.83 -3.94 0.17 -2.4 -0.73 -2.87 -2.11 -5.5 1.77 -6.63 -4.29 -9.5 -2.76 0.14 -7.36 0 -0 1.02 -2.54 0 -0 4.76 -5.06 0.27 -0.67 0.87 -2.2 -1.13 -1 -7.18 -1.93 -0.31 -13.75 -1.21 -4 -0.09 -1.88 0 -0.01 0 0 0.9 -4.32 -1.98 -2.38 -0.88 -2.37 -0.12 -7z"/>
   <path class="fil3" d="M1128.45 301.58l-0.2 8.85 4.76 11.91 5.37 11.2 0.37 1.58 0.11 6.5 3.48 4.18 -1.45 6.97 1.08 3.57 0.16 1.03 0.19 8.55 2.53 0.68 1.53 0.83 5.84 5.15 -3.36 8.49 -0.78 1.21 -4.28 4.54 0 0.08 4.45 1.3 1.01 0.46 4.06 2.63 5.77 -1.85 4.93 3.61 1.35 -0.06 2.89 -2.33 2.61 -0.83 13.48 0.84 1.57 10.54 -0.24 1.97 -3.81 9.53 2.09 4.24 5.13 4.8 0.98 1.54 3.76 10.86 0.21 1.06 0.62 12.43 -0.56 2.19 -2.31 3.72 1.37 12.73 -0.74 2.68 -4.07 5.41 -1.65 1.26 -1.72 0.68 -0.15 11.07 0.49 5.96 8.15 3.04 3.21 -1.26 2.77 0 8.72 3.41 1.43 0.98 3.31 3.64 4.98 1.74 6.07 -0.69 5.11 8.56 2.65 0.45 3.8 -3.2 12.69 6.62 -0.52 2.19 3.7 0.57 8.37 -2.8 5.64 10.2 -9.77 12.02 -0.99 10.67 -0.4 1.4 -4.41 8.48 0.51 1.31 7.73 2.77 0.54 6.06 8.24 4.04 5.95 -1.5 1.82 0 5.07 1.23 12.26 -0.43 2.5 0.83 6.47 5.22 0.76 0.82 4.49 6.56 6.1 1.17 4.02 -2.87 -0.5 -7.7 0.01 -0.01 0 0 20.35 -9.91 18.83 -16.91 0 0 0.01 -0.01 12.69 3.04 1.13 -0.88 1.71 -9.64 1.27 -2.22 9.01 -7.77 4.68 -7.26 -0.75 -10.15 0.16 -1.4 1.81 -5.73 -5.12 -6.99 5.68 -6.55 0.78 -6.96 1.19 -2.37 7.65 -7.12 0 0 0.01 -0.01 4.16 2.34 1.36 -9.51 0.01 0.01 0 -0.01 7.53 2.94 0 0 17.81 -11.14 0.01 -0.01 2.62 -0.52 9.72 1.59 5.48 -6.12 5.36 -11.85 2.18 -10.99 0.02 -0 0 -0 8.42 -3.32 7.61 -9.03 1.15 -0.91 0.01 -0 0 0 10.74 -5.61 7.17 -8.14 -5.87 -6.75 10.16 -10.12 0 0 0.01 -0.01 7.93 13.48 0.15 -0.25 5.66 -5.42 0 0 0.01 -0.01 7.12 0.86 1.96 -2.63 -1.52 -3.61 -0.04 -2.87 2.52 -6.37 -0.31 -6.25 0.94 -2.68 6.98 -7.94 -0.61 -8.43 0.39 -1.95 3.03 -6.1 -0.18 -6.17 0.92 -2.59 7.24 -8.37 0.01 0 0.01 -0.01 9.63 3.83 1.41 0.98 2.68 2.96 10.74 -9.57 -0.93 -13.74 0.01 -0 0 -0 10.18 -3.59 0.69 -8.58 -4.27 -8.77 -4.63 -3.39 -1.39 -1.95 -2.04 -6.64 -10.5 0.66 0.2 -10.74 -2.4 -0.61 -1.43 -0.7 -7.33 -5.84 -14.13 7.03 -0.02 0 -5.29 -6.31 -5.21 -0.86 -2.19 -1.19 -8.44 -9.22 -12.7 -12.67 -9.3 -1.54 -0.83 -16.72 -1.96 -7.62 -7.58 0.39 -2.67 -6.69 0.01 -0.01 5.13 -4.39 2.96 -8.9 0.01 0 0 -0.01 10.76 -2.03 10.24 -5.85 5.24 6.31 7.2 1.67 7.34 17.13 0.3 1.44 0.15 10.11 -0.61 2.11 -3 4.61 0.44 2.37 1.21 0.91 10 -5.8 -4.52 -5.7 4.83 -11.27 0.82 -1.2 6.74 -6.72 0 0 0.01 -0.01 22.48 2.44 2.63 -2.81 -1.31 -5.63 -4.24 -2.41 -5.9 0.89 -1.77 -0.17 -12.03 -4.03 -1.8 -1.28 -8.61 -11.14 -12.21 -10.59 -7.02 -4.88 -0.98 -1 -5.96 -8.83 -5.04 -1.05 -1.37 -0.58 -8.96 -6.11 -7.49 4.26 -5.87 -8.81 -0.58 -2.71 1.4 -8.63c-4.9,-6.77 -9.44,-13.47 -14.01,-20.31l-3.55 3.69 -1 0.74 -49.21 25.47 -3.34 11.31 0.78 7.91 -0.69 2.56 -3.01 4.22 1.71 21.63 -20.45 17.08 -0.56 0.39 -23.95 13.61 -26.05 16.51 -0.82 0.39 -96.83 33.03 -48.09 11.63 -1.05 6.94 -21.43 7.67 -1.35 0.22 -25.99 -0.54 1.68 0.74 -0.06 2.54z"/>
   <polygon class="fil3" points="1464.54,98.17 1465,102.39 1457.02,108.08 1465.52,120.87 1473.74,132.23 1472.07,142.52 1473.17,144.17 1478.63,141.07 1490.89,149.43 1496.7,150.64 1499.08,152.23 1505.5,161.74 1512.04,166.29 1512.36,166.54 1525.07,177.57 1525.59,178.12 1533.72,188.65 1543.77,192.02 1550.07,191.07 1552.52,191.53 1560.82,196.25 1563.81,209.03 1555.76,217.62 1533.15,215.17 1529.5,218.81 1526.74,225.27 1533.89,234.31 1511.94,247.03 1505.52,242.21 1504.06,239.87 1503.06,234.57 1503.61,231.8 1506.81,226.87 1506.69,218.69 1501.17,205.8 1496.5,204.72 1494.43,203.44 1492.44,201.05 1487.2,204.05 1486.01,204.48 1478.99,205.8 1477.25,211.02 1481.15,210.82 1484.76,224.87 1484.88,225.63 1485.43,236.57 1489.87,237.31 1491.94,238.37 1505.5,251.89 1513.28,260.41 1518.61,261.29 1520.91,262.6 1523.25,265.38 1536.35,258.86 1546.85,267.23 1554.27,269.13 1554.12,277.62 1562.37,277.1 1565.8,288.28 1570.18,291.49 1571.36,292.89 1576.49,303.42 1576.86,305.39 1575.69,319.94 1566.28,323.26 1567.07,334.96 1547.92,352.04 1540.75,344.13 1536.97,342.62 1534.23,345.78 1534.4,351.43 1534.01,353.22 1531.02,359.23 1531.78,369.78 1523.71,378.97 1523.99,384.52 1523.74,386.1 1521.49,391.79 1524.11,397.98 1516.9,407.63 1508.95,406.67 1506.68,408.84 1502.84,423.35 1495.56,410.98 1486.37,421.42 1485.26,422.27 1474.53,427.87 1466.76,437.08 1465.24,438.17 1459.8,440.31 1458.35,447.64 1458.08,448.47 1452.31,461.23 1451.67,462.2 1442.98,471.9 1430.58,469.87 1410.74,482.29 1408.59,481.45 1407.02,492.48 1397.99,487.4 1395.44,489.77 1394.69,496.5 1393.78,498.57 1391.3,501.43 1395.11,506.64 1392.37,515.33 1393.16,526.02 1392.57,528.35 1386.9,537.13 1386.19,537.95 1377.78,545.19 1376.06,554.93 1374.64,557.27 1369.46,561.32 1357.11,558.36 1340.83,572.98 1339.95,573.58 1323.72,581.49 1324.16,588.3 1314.02,595.54 1303.19,593.46 1300.76,591.87 1295.7,584.47 1290.77,580.49 1283.46,580.74 1283.98,586.02 1272.31,595.67 1268.13,604.89 1268.04,612.39 1268.01,612.82 1264.17,642.5 1268.88,643.02 1271.13,644.07 1277.53,650.32 1273.42,658.2 1273.59,662.88 1290.59,676.66 1291.74,678.25 1296.78,691.33 1302.43,691.58 1303.32,691.73 1312.85,694.52 1313.33,694.69 1323.14,699 1323.82,699.41 1334.53,707.13 1346.72,709.27 1341.56,720.11 1365.19,747.7 1358.77,751.96 1368.48,761.57 1374.79,755.31 1386.5,765.15 1394.2,768.64 1395.63,769.77 1399.31,774.5 1399.89,775.54 1403.9,786.59 1414.29,791.33 1412.92,800.31 1415.69,806.72 1426.57,812.91 1436.6,815.42 1438.76,816.88 1445.16,825.72 1451.38,824.53 1456.37,832.38 1456.95,834.43 1456.98,848.88 1456.12,851.3 1449.6,859.17 1449.02,867.26 1454.74,875.73 1455.37,877.67 1455.86,886.77 1455.37,888.84 1446.56,904.28 1456.19,916.63 1456.97,918.47 1457.73,924.23 1468.63,930.93 1468.02,947.7 1467.87,948.63 1464.84,958.88 1471.87,968.95 1472.44,971.28 1472.56,971.19 1473.99,970.46 1484.5,967.69 1502.33,952.71 1504.08,944.42 1516.54,945.06 1516.99,937.73 1528.34,931.7 1530.14,931.27 1551.39,931.43 1555.35,938.65 1563.32,940.54 1570.42,929.57 1572.5,928 1578.36,926.21 1585.48,919.03 1586.87,918.13 1592.02,916.24 1604.56,904.98 1616.03,888.41 1619.48,876.5 1619.49,876.49 1627.89,875.89 1629.91,876.3 1646.02,884.69 1646.02,884.69 1645.76,890.05 1647.43,890.63 1649.4,892.2 1654.32,900.03 1654.31,900.03 1654.32,900.03 1649.77,909.33 1642.5,907.24 1629.98,914.24 1624.76,920.99 1624.83,921.72 1635.75,921.22 1636.97,921.37 1654.64,926.48 1678.43,930.71 1693.49,926.71 1695.77,926.81 1702.8,929.39 1711.51,920.65 1739.24,927.34 1743.91,939.54 1753.49,950.56 1777.7,954.3 1792.28,951.15 1794.87,940.37 1796.11,938.35 1801.25,933.98 1802.23,915.38 1802.99,913.3 1806.74,908.29 1804.24,895.25 1804.18,894.63 1803.45,866.2 1804.31,863.7 1821.19,843.22 1825.86,816.85 1816.09,805.4 1817.81,787.8 1828.62,789.87 1835.35,783.03 1835.31,780.05 1834.54,779.07 1828.38,779.93 1824.44,776.15 1816.81,774.56 1816.77,768.97 1807.94,768.52 1811.43,750.71 1811.67,749.94 1813.91,744.76 1809.41,736.63 1812.54,735.39 1812.24,734.96 1811.61,732.96 1811.33,725.56 1819.25,719.83 1831.17,701.95 1831.42,701.62 1837.11,694.86 1840.36,686.81 1842.06,684.89 1861.81,674.02 1863.04,673.6 1866.91,672.98 1869.82,658.78 1877,655.7 1886.04,643.05 1887.18,620.65 1894.91,614.41 1909.81,621.97 1919.26,622.84 1919.99,622.98 1944.13,630.12 1951,627.89 1956.41,608 1957.23,606.49 1961.25,601.9 1958.43,594.38 1943.59,589.42 1942.2,588.6 1928.21,575.56 1916.85,570.52 1930.09,534.86 1916.43,532.76 1914.46,531.82 1908.78,526.73 1891.92,523.19 1893.77,516.8 1888.74,517.19 1879.43,507.32 1868.77,512.47 1863.18,517.61 1860.15,528.39 1843.27,529.97 1840.65,529.24 1831.56,522.46 1830.97,513.28 1824.33,513.69 1814.69,520.45 1805,514.31 1796.06,511.93 1797.5,523.02 1797.13,525.2 1789.3,540.78 1781.29,529.63 1770.91,530.12 1770.6,522.11 1751.56,518.1 1749.59,503.59 1730.57,488.11 1736.69,473.96 1728.63,470.63 1734,451.26 1730.06,443.08 1729.81,442.47 1726.61,431.24 1726.48,430.07 1727.06,412.83 1719.14,404.65 1718.11,402.49 1716.21,387.54 1708.91,382.18 1707.4,379.72 1705.2,366.44 1705.63,363.98 1709.43,357.14 1702.34,352.98 1701.94,352.71 1681,336.61 1677.58,336.35 1669.98,339.43 1660.94,333.01 1660.12,332.22 1649.97,318.91 1647.39,318.07 1644.09,325.49 1621.52,309.44 1632.31,290.51 1629.3,281.41 1636.46,270.23 1636.4,265.68 1626.97,248.48 1637.15,233.69 1646.85,236.89 1654.15,228.96 1653.15,213.71 1654.06,211 1663.23,200.26 1663.53,196.86 1664.28,194.89 1673.28,182.96 1674.68,181.83 1691.41,173.82 1689.67,169.21 1674.81,158.18 1676.86,147 1662.56,139.84 1661.35,138.89 1652.64,128.54 1661.09,117.41 1659.76,102.87 1660.55,100.17 1663.16,96.85 1657.86,86.2 1651.65,87.41 1650.85,70.25 1659.18,66.14 1656.27,59.2 1646.27,55.33 1644.51,53.94 1608.38,1.68 1603.76,13.04 1602.83,14.4 1577.41,38.15 1576.55,38.76 1532.6,61.12 1532.59,61.11 1494.99,80.85 1475.15,89.78 "/>
   <path class="fil3" d="M663.83 1632.67l3.33 -0.56 -0.35 -0.44 -0.57 -0.34 -2.41 1.33zm-205.08 -111.59l5.09 -1.13 1.44 -0.64 -2.16 -4.33 -5.29 1.32 -0.86 0.43 0.5 5.04 1.28 -0.7zm-7.2 -38.35l2.56 5.69 0.59 -0.91 -2.39 -5.99 -1.73 -0.96 0.98 2.17zm-4.32 -2.15l2.4 -0.56 -3.24 -1.8 -0.05 -0.32 -0.76 3.05 1.65 -0.38zm104.46 180.04l9.56 -2.61 12.97 -6.98 3 -3.81 -23.67 4.42 -3.59 -4.8 -6.18 4.86 3.18 7.67 4.73 1.26zm140.24 -13.72l11.45 -9.37 3.63 -8.21 1.03 -1.37 8.44 -7.17 -2.46 -1.11 -15.02 11.63 -6.63 13.32 -1.43 1.55 -0.66 0.41 1.65 0.32zm-277.13 -162.24l6.05 -6.39 -2.51 -14.3 -6.04 -7.69 3.75 12.55 -0.04 2.32 -4.03 11.74 2.82 1.77zm265.84 321.55l0.47 -0.54 -4.98 0 0 -1.19 -1.01 0.3 0.74 1.69 4.78 -0.27zm165.96 1319.69l4.71 45.21 26.01 76.46 18.75 7.74 5.06 -13.8 23.92 4.75 -0.06 -16.65c13.4,5.54 24.61,10.56 37.75,16.86l0.65 -7.03 22.8 0.85 5.26 -5.43 9.24 5.47 13.41 -2.76 2.3 5.68 44.4 -35.32 3.6 25.12 7.43 -1.4 30.59 -15.74 -12.87 -16 -11.54 -4.55 -7.32 -20.32 -0.15 -2.06 2.21 -10.54 -0.95 -8.87 -3.96 -4.63 -0.91 -2.46 -0.08 -12.14 -10.47 -6.85 0.28 -14.1 7.17 -1.47 -1.66 -5.92 -0.07 -1.71 0.69 -3.7 -0.78 -0.43 -7.15 10.44 -4.24 -14.31 0 -2.16 1.91 -6.4 -1.1 -7.65 -1.53 -2.31 -4.29 0.41 -7 -8.56 0.95 -1.54 -2.11 -0.33 -1.55 -6.9 4.69 -3.22 -5.41 -12.34 -2.41 0.68 -6.47 -8.82 1.62 -9.96 1.05 -0.31 -7.5 -2.11 -1.33 -0.69 -3.64 -2.87 -5.19 0.73 -5.26 -7.07 -0.73 -1.88 -0.25 -2.41 -3.95 1.35 -11.68 -7.29 -4.48 -0.25 -2.19 -0.85 -12.72 -10.37 -7.02 -1.8 0.45 -12.46 -10.31 -18.77 -0.36 -0.94 -1.08 -4.43 -2.95 -1.21 -1.68 -1.35 -10.48 -15.15 4.71 -4.72 -5.46 0.07 -0.87 -6.72 -3.2 -0.81 -2.1 -1.39 -4 -5.25 -0.73 -1.67 -0.73 -4.24 -2.41 -2.64 -0.95 -2.04 -1.63 -11.53 0 -1.03c0.9,-6.69 1.98,-12.87 3.18,-19.54l4.18 -1.09 -0.17 -4.32 -2.8 -4.27 -9.44 -2.13 -2.36 -5.22 -5.25 -4.94 -0.5 -0.05 0.27 4.31 -9.3 0.61 -3.18 -5.05 -2.52 0.24 -4.08 2.93 -9.47 -3.22 -1.8 -1.31 -4.52 -5.95 -9.2 -1.96 -1.19 -0.48 -4.65 -2.85 -6.87 0.51 -15.68 6.2 -0.79 -7.39 -3.89 3.34 -0.62 -6.61 -0.07 0.05 -6.05 2.24 -1.25 0.22 -15 0.3 -1.72 -9.57 0.39 -2.47 2.81 -5.19 -4.41 -7.84 10.8 -6.63 -0.69 -3.65 -2.76 0.47 -11.72 5.38 -6.56 -11.8 -5.04 -4.65 -3.5 -0.86 -2.71 2.64 -0.48 1.89 6.94 5.26 -8.04 8.24 -13.9 -9.16 0.53 -7.67 -1.46 -0.65 -1.91 -1.88 -4.16 -8.97 6.59 -6.88 -6.81 -1.47 -1.19 -6.48 -4.11 0.57 -1.37 -5.64 -5.11 0.64 -2.56 -0.61 -13.56 -8.98 13.33 -8.08 2.52 -2.74 -0.57 -9.37 0.76 -2.46 -6.06 -0.94 5.57 -7.58 -0.24 -0.01 -0.73 -0.1 -11.59 -2.8 0.63 -9.19 -2.36 -2.12 -6.71 2.63 -2.39 -6.59 -5.15 -0.26 -2.57 -1.19 -4.15 -4.39 -0.34 -0.01 1.19 3.06 0.26 1.55 -0.47 9.6 -8.8 7.57 -10.72 -6.16 2.83 -5.09 -2.64 0.02 -4.94 -5.08 -9.72 -3.44 13.13 -13.35 -2.67 0.17 -0.42 -5.67 -4.78 -0.46 -2.56 -1.35 -5.72 -6.88 11.67 -9.05 1.91 0.81 -2.5 -7.07 -4.41 -0.39 0.64 -9.84 5.02 -3.05 -8.38 -3.96 2.62 -9.93 11.5 0.04 -1.14 -13.07 3.46 1.2 -5.57 -5.11 10.67 -2.35 -1.48 -9.96 8.62 0.19 -5.3 -1.62 1.94 -12.52 4.28 0.48 -3.91 -6.15 -9.3 -1.96 0.91 -4.07 -3.91 -0.03 -6.09 -15.8 5.28 -4.93 -0.83 -16.45 -5.11 -11.59 4.21 -7.65 0.71 -18.47 0.91 -2.34 3.37 -3.93 -1.64 -3.72 -0.31 -1.44 -0.19 -7.13 -1.15 -1.19 -1.07 -2.4 -0.63 -9.04 8.89 -6.32 1.4 -0.63 10.63 -2.31 -2.28 -4.28 -4.31 -5.74 -3.8 -2.91 -1.33 -1.91 -0.99 -3.23 -4.54 -4.4 0.43 -10.44 0.33 -1.42 2.62 -5.8 -0.64 -5.7 -1.96 -2.66 -0.52 -1 -1.74 -4.97 -3.67 -6.21 -0.25 -0.54 -2.16 -5.43 -0.28 -1.4 0 -3.01 -2.76 -0.92 -1.84 -7.54 3.99 -3.52 0.76 -3.57 -0.38 -4.11 -3.27 -4.7 -0.58 -1.32 -2.11 -9.17 3.7 -4.52 0.67 -2.92 -6.02 -2.63 8.21 -8.98 1.03 -0.79 -0.8 -0.82 -1.07 -2.61 -0.02 -1.37 -3.48 -2.26 -0.39 -9.64 7.81 1.52 0.43 -0.42 -0.07 -4.37 -3.16 -3.4 1.79 -7.77 5.83 -3.53 2.56 -0.49 1.07 0.17 -1.2 -6.39 8.24 -1.19 2.14 -5.38 10.11 -0.75 0.43 4.23 6.61 -10.13 -0.88 -3.91 -6.09 -3.97 -1.43 -8.28 0.52 -2.65 2.24 -3.59 0.64 -5.54 0.36 -1.24 3.69 -7.57 1.57 -1.65 6.96 -3.93 4.63 5.45 6.5 -1.5 7.24 -6.01 7.6 -12.51 0.52 -0.69 5.52 -5.67 1.41 -0.93 6.8 -2.52 14.11 -9.39 7.19 2.48 1.99 7.05 1.31 1.22 14.66 3.85 0.76 0.28 12.14 6.12 12.35 -1.87 3.45 -3.14 1.19 -10.96 -2.02 -14 10.67 -10.49 1.03 -13.1 0.16 -0.86 3.99 -12.62 8.62 1.25 1.61 0.63 3.24 2.22 4.02 -2.09 3.02 -7.49 0.15 -4.13 -4.06 -3.39 1.14 -9.22 15.05 -0.05 10.15 -2.06 6.89 5.26 11.37 -0.54 16.6 -7.08 0.52 -0.18 35.13 -9.35 0.54 -0.1 8.09 -0.93 10.87 -5.91 1.28 -6.69 13.19 -4.42 29.49 17.45 1.43 1.5 2.34 4.41 10.32 9.93 6.71 2.45 4.67 -1.99 1.86 -0.28 5.59 0.55 3.52 -3.16 0.54 -0.4 6.62 -4.14 1.62 -5.17 11.49 -1.56 6.43 -2.75 2.07 -0.26 14.11 2.21 6.37 -2.41 1.43 -0.24 4.1 0.1 0.23 -2.6 1.09 -2.34 4.14 -4.21 2.61 -1.13 11.05 -0.3 1.57 -4.96 0.21 -0.54 9.55 -19.24 15.74 7.07 3.48 -6.6 3.52 0.04 3.37 -6.78 0.7 -0.98 4.37 -4.46 1.1 -0.79 14.03 -6.54 1.87 7.59 1.85 -2.34 12 6.61 0.05 0.18 2.02 -3.19 8.9 3.31 0.98 -4.75 0.93 -9.62 11.25 -8.04 3.13 3.01 0.35 -0.89 1.4 -1.74 10.45 -7.09 2.73 6.41 12.81 -5.58 11.5 10.71 6.72 0.56 15.46 -12.38 9.98 2.09 17.06 -0.84 9.85 -6.98 3.74 -12.82 0.72 -29.68 18.07 2.94 11.1 -3.57 0.82 -7.2 3.11 -2.27 -3.03 -6.02 -11.38 -12.36 0.67 -11.11 13.13 -3.86 3.57 -4.33 1.35 -1.04 7.81 -3.58 -0.53 -14.24 0.15 -1.2 2.94 -9.96 19.85 -0.05 0.94 0.11 5.16 1.31 12.86 0 -2.53 -18.49 9.18 -4.9 4.94 5.77 4.77 -2.85 0.95 -0.41 32.44 -8.86 -4.98 -10.63 13.49 -5.33 8.69 -9.41 0.62 -6 1.32 -2.52 8.28 -7.01 1.83 -0.85 4.64 -0.78 7.5 -7.43 2.81 2 -0.21 -0.36 -0.44 -2.62 2.28 -11.46 5.58 4.85 5.36 -8.78 3.13 12.76 3.72 2.49 1.64 -0.01 -2.98 -11.4 8.8 -11.8 -1.71 -14.93 19.08 -2.41 1.2 -16.58 20.16 -1.24 2.46 5.54 12.32 -3.91 0.52 -14.4 0.04 -0.51 2.88 -16.87 -1.04 -26.69 12.93 0.6 -0.67 -10.84 8.85 -9.81 2 -15.04 -6.5 -11.51 4.79 -15.21 -1.3 -10.24 -3.92 -7.8 4.59 -12.2 1.01 -9.2 -9.64 -0.87 -2.48 -11.18 -7.3 -3.28 -4.12 -16.15 -5.06 -10.27 4.07 -6.3 -2.63 -14.64 0.02 -1.44 2.93 -13.9 -1.16 -18.76 14.24 -14.87 2.19 -1.13 11.94 -1.77 -0.41 -9.77 0.54 -2.1 4.75 -7.97 -0.37 -14.22 0.4 -1.82 3.84 -7.54 -1.61 -9.67 -2.08 -0.61 -9.48 3.68 -12.06 -20.37 -6.84 -5.6 12.72 -37.55 2.11 -15.36 4.81 -1.9 -0.47 -10.09 -3.04 -2.45 -1.18 -1.61 -3.2 -8.37 -0.24 -1.42 0.32 -17.09 0.05 -0.57 1.91 -11.41 5.71 -0.7 1.54 -10.46 10.37 -3.46 -0.18 -4.76 -3.17 -8.3 -0.24 -1.16 -1.19 -22.85 0.78 -2.5 5.72 -7.47c-1.34,-2.43 -1.84,-5.25 -2.33,-7.95 -0.37,-2.06 -0.72,-4.02 -1.31,-4.86l-1.53 -2.17 8.22 -11.78 4.89 -0.47 -0.78 -9.98 -15.42 -4.9 -0.58 -13.84 5.79 -3.41 -2.68 -8.94 0.03 -2.25 1.31 -4.06 -4.7 -4.11 1.95 -13.33 -4.93 -5.68 -0.92 -2.52 0.01 -0.93 -10.37 0.79 -0.09 -10.05 0.7 -2.25 9.59 -13.39 -4.53 -12.98 -3.87 -15.28 10.87 -11.36 2.22 -1.15 10.87 -1.53 -1.16 -15.14 -5.74 -3.81 -1.61 -2.29 -6.06 -25.4 -6.85 -9.15 -6.54 -0.56 -0.87 -9.87 -5.69 -2.64 -6.05 2.5 -1.13 0.28 -10.71 0.89 -5.71 -5.3 -0.92 -1.36 -6.09 -14.87 6.48 -2.24 -0.21 -0.91 -14.35 -4.58 7.35 -12.53 -1.44 -7.63 9.54 -7.84 3.91 -11 18.98 3.62 4.61 -7.54 1.49 -1.4 10.57 -5.5 -1.57 -6.48 -5.57 -2.1 1.7 -9.83 -3.48 -7.84 -0.31 -1.21 -0.52 -5.83 0.77 -2.65 6.6 -8.54 1.17 -1 15.97 -8.93 3.84 1.1 -1.74 -2.77 -5.79 -2.02 0.31 -6.16 -10.84 -5.64 -2.04 0.15 -2.15 7.43 -0.52 1.1 -12.09 17.46 -0.58 0.67 -13.39 12.04 -1.24 0.74 -5.06 1.85 -7.18 7.25 -1.59 0.95 -5.44 1.67 -9.27 14.32 -10.88 -2.57 -1.22 7.13 1.73 -0.99 3.21 26.3 -0.46 2.31 -6.26 11.3 -0.45 27.3 -1 2.52 -5.19 5.65 2.83 4.97 0.49 2.06 -0.69 13.69 -0.86 2.23 -5.64 6.85 3.91 10.75 -4.48 7.1 2.97 4.85 18.69 3.94 1.89 1.01 14.31 14.12 0.83 1.22 4.68 10.96 0.25 2.1 -2.53 15.55 -0.87 1.86 -9.02 10.53 -1.88 1.19 -8.39 2.34 -1.22 0.13 -14.07 -0.78 -0.65 -8.4 -13.92 -13.33 -9.14 -4.35 -7.22 0.36 -4.54 6.25 -8.36 -2.58 -14.29 1.56 6.62 6.63 -12.41 6.73 -2.56 0.37 -3.82 -0.78 -4.36 7.78 -11.7 0.51 0.37 -8.3 -15.64 -6.76 11.7 -6.07 0.36 -1.54 -3.24 -1.07 -2.08 -1.7 -5.74 -9.74 -3.59 -1.56 -14.84 14.44 -7.99 -6.76 0.74 -6.71 -7.83 1.1 -9.13 -11.5 11.67 -5.2 -1.11 -0.42 -2.2 -7.41 -6.96 -1.73 -13.72 5.53 -9.84 -9.65 -11.26 0.81 -2.34 -0.61 -4.83 -3.14 -15.21 1.34 -2.58 -0.73 -5.59 -4.1 -16.97 2.04 1.31 -8.38 -6.23 -2.14 -12.66 6 -6.14 -13.65 -3.87 3.8 -18.07 -3.38 -14.94 1.74 -15.4 4.57 -3.03 7.59 -11.95 2.74 -5.42 14.55 -11.2 4.45 0.59 3.03 11.62 12 -14.72 5.72 -1.67 9.88 -10.18 0.57 -2.72 -0.94 -2.15 -1.89 -2.93 5.06 -1.83 1.61 -16.91 7.08 -8.46 5.55 0.39 12.39 -0.77 2.41 -8.98 11.71 -0.28 13.91 -0.42 1.67 -5.15 10.02 1.58 14.04 -15.63 7.84 -1.79 0.41 -10.47 -0.25 -7.78 11.11 -0.94 0.94 -25.37 17.74 -9.72 -3.06 -6.85 8.78 -12.18 13.82 -2 10.27 3.79 7.47 0.37 2.28 -1.77 11.75 0.72 13.65 -0.48 2.06 -11.18 19.97 -6.87 -12.96 -7.49 11.35 -25.06 1.67 -9.67 8.83 -7.99 -5.27 -9.87 2.43 -1.53 -9.72 -2.98 -1.22 -1.98 -1.87 -1.82 -3.8 -3.44 0.8 -2.89 -4.1 -7.21 1.7 -3.33 -5.87 -1.53 -0.06 -6.32 5.41 -7.31 -2.15 -0.79 -0.33 -5.78 -3.25 -7.88 3.06 -3.92 7.62 -13.07 3.87 -2.31 -5.98 -2.41 0.93 -2.6 4 -1.47 7.16 -4.81 2.14 0.23 7.24 -0.67 2.28 -4.22 6.09 -1.05 8.83 -10.07 5.22 -3.29 -3.27 -4.93 4.18 -6.83 -4.92 -0.13 0.13 -11.32 -0.37 -0.25 -8.43 -6.76 3.75 -3.81 -6.88 1.35 -2.04 -8.01 4.33 -1.33 0.42 -11.13 1.41 2.83 -5.91 -10.45 -2.73 -1.37 -0.67 -6.49 -5 -4.67 4.57 -1.06 4.91 8.96 11.2 17.84 10.02 5.29 25.75 8.12 16.99 0.37 1.54 1.19 38.05 5.7 4.77 1.34 2.46 2.26 18.12 5.53 17.27 -5.85 9.31 10.52 18.31 0.45 1.18 4.99 25.74 6.74 13.63 0.39 1.83 -1.43 34.48 -0.07 0.61 -6.76 32.85 -0.13 0.51 -6.86 19.29 -0.88 1.4 -17.86 18.26 6.21 12.79 0.36 1.31 1.52 16.69 4.42 7.81 4.79 0.14 5.27 -6.61 6.78 2.04 1.34 15.31 -0.09 1.15 -7.21 32.34 -0.12 0.43 -3.25 9.3 -0.11 11.81 2.78 10.27 3.32 1.76 0.55 6.58 0.78 0.56 1.53 0.07 0.09 -11.82 -3.8 -2.95 0 -9.33 -1.52 -2.55 -0.48 -2.7 3.49 -17.53 4.63 -0.42 1.97 -3.59 13.19 -0.46 0 3.19 8.67 0.08 2.65 1.1 21.02 20.91 -5.2 13.18 8.87 28.61 0.09 1.89 -7.96 38.02 -0.64 1.46 -7.39 10.21 -1.82 1.35 -10.48 3.71 -2.46 0.03 -10.47 -3.46 -0.96 1.37 17.07 14.36 -23.77 23.16 -3.2 8.9 7.67 18.5 0.28 1.59 -0.41 11.27 7.99 7.39 0.88 1.19 9.65 20.91 0.33 1.18 1.57 13.91 -0.42 2.19 -8.09 15.28 -0.67 0.91 -14.52 14.56 -0.64 0.52 -14.36 9.24 -0.76 0.37 -2.78 1.02 -0.72 1 4.17 3.14 0.38 12.43 3.99 5.7 5.69 2.19 2.23 19.75 -5.48 5.5 -10.45 20.85 -11.09 23.39 -1.64 1.73 -28.34 15.29 -0.75 0.3 -43.93 12.8 -0.72 0.13 -32.37 3 -27.59 4.62 -0.51 0.04c-40.5,1.29 -78.7,2.49 -119.02,2.24l-0.66 -0.06 -43.69 -7.89 -35.72 -3.91 -1.34 -0.4 -23.94 -12.37 -17.54 -7.04 -1.25 -0.82 -20.19 -19.92 -1.1 -2.2 -2.66 -19.36 -3 -3.01 -0.98 -1.7 -8.5 -31.63 0.15 -2.38 9.9 -24.93 -1.31 -33.69 3.16 -3.35 -0.16 -14.44 0.3 -1.54 5.74 -13.33 -0.16 -7.66 1.03 -2.67 4.41 -4.72 0.33 -5.31 -3.22 -2.83 -5.72 0 -5.94 -9.65 5.9 -10.28 4.01 1.15 5.65 -7.41 0.29 -6.26 0.7 -2.04 5.78 -8.13 -1.14 0.41 -6.87 -12.23 10.54 -9.41 0.72 -6.4 0.37 -1.28 5.07 -10.17 2.04 -1.85 6.05 -2.33 6.17 -11.81 13.5 -0.53 19.63 -6.25 1.73 -0.13 20.88 3.24 2.2 1.16 10.46 11.27 8.87 5.41 1.65 2.13 2.3 7.48 10.03 5.03 -0.27 11.5 -3.74 3.42 0.11 8.31 5.97 0.31 -1.25 -3.02 8.23 -8.26 12.66 9.15 1.26 12.17 0.13 0.02 1.53 -4.77 21.42 -0.9 3.52 -5.48 12.04 0 0.65 -0.48 -3.26 -2.68 -0.54 -9.8 -7.72 -8.03 -18.56 -3.93 -1.7 -0.83 -10.8 -9.29 2.67 -4.98 -3.2 0.5 -8.56 -8.78 -8.64 -2.17 -2.19 -1.52 -8.77 -12.58 13.16 -0.64 13.8 -6.93 1.7 -0.42 9.2 0 4.01 -3.85 10.16 0.3 2.7 8.34 13.19 9.98 0 4.71 8.62 0.46 1.8 5.2 1.24 0.83 0.75 -0.93 1.36 -1.06 3.06 -1.43 0.22 -7.96 -3.33 -1.75 -1.5 -13.73 -3.96 -5.78 -10.84 0.58 -1.59 -0.25 -25.26 -9.98 -12.43 0.21 -1.22 -3.85 -12.66 0 -3.4 -9.26 9.04 -3.63 4.69 -8.81 19.52 1.76 0.81 -1.16 1.71 -1.34 9.8 -3.91 1.14 -6.04 19.43 -11.81 1.06 -0.45 9.81 -2.46 7.52 -9.46 -3.52 -13.19 -1.33 -0.43 -1.93 5.21 -0.49 0.92 -6.71 9.27 -10.66 -0.36 -7.03 7.59 -8.15 -0.86 -2.09 -15.63 -3.57 -2.69 -1.43 -2.2 -4.32 -19.27 -0.06 -1.4 2.93 -19.24 -1.95 -3.63 -9.19 0 -9.2 8.68 -0.26 4.38 -1.04 2.41 -6.9 7.25 -4.05 10.58 -1.65 1.93 -11.31 6.53 -2.34 8.07 -1.31 1.94 -5.53 4.34 -2.61 0.8 -2.47 -0.17 -8.66 15 -9.55 -13.22 2.11 -7.12 -5.63 -0.38 -2.3 -0.97 -7.05 -6.34 5.33 -12.24 7.12 4.76 13.55 -2.87 10.06 -12.17 1.95 -1.25 10.65 -2.86 8.45 -16.21 -0.21 -5.24 16.55 -13.18 2.24 -0.82 13.36 -0.5 29.81 -8.72 1.28 -0.15 12.09 0.73 3.93 -6.37 -7.21 -6.89 -7.41 0.84 -2.28 -0.46 -10.88 -6.11 -9.62 0.14 -8.41 8.9 -1.78 1.07 -19.47 5.22 -20.93 13.84 -14.57 14.97 -1.86 1.06 -11.21 2.65 -7.85 -10.31 6.08 -7.16 0 -0.46 -4.67 -2.41 -1.79 -1.98 -5.55 -13.92 -7.26 -2.24 -2.08 -1.58 -1.19 -1.85 -3.73 2.95 2.35 8.58 9.85 9.89 1.02 1.86 3.71 16.63 -8.06 -2.7 -4.78 13.02 -1.8 2.06 -12.36 6.54 -8.46 11.51 -4.61 -0.19 -15.97 14.41 -2.7 0.96 -6.34 -0.27 -6.54 7.27 -15.3 -2 -2.33 -1.22 -6.4 -7.07 -7.43 -3.49 -1.79 -1.73 -9.53 -18.94 6.06 -11.48 6.99 4.98 5.96 -3.15 1.64 -6.38 -9.99 -6.04 -7.2 0.74 -2.56 -0.65 -15.12 -10.52 1.87 -7.52 -4.17 -4.57 -0.98 -2.28 -1.43 -18.74 6.74 -2.26 -3 -38.19 4.67 -5.4 0.4 -12.05 11.21 -2.37 2.6 -4.04 1.95 -1.53 7.29 -2.54 5.19 7.89 0 -0.96 5.58 -1.31 2.33 -17.74 11.15 -5.92 3.09 6.64 0.7 0 3.91 -8.33 5.33 -1.27 -0.09 -3.14 -3.28 -0.38 -14.83 6.06 -1.83 0.25 -5.48 -0.59 -19.34 7.37 -6.6 -3.14 -3.5 1.29 -0.73 4.59 -12.81 3.32 0.48 -8.49 -6.38 -2.44 0.34 11.19 6.56 3.54 -0.82 9.9 -4.82 3.95 1.99 10.36 -0.33 2.41 -6.8 13.62 5.24 83.52 3.56 20.9 6.28 3.93 1.46 1.67 12.58 28.09 0.34 1.55 0 7.8 9.62 7.22 0.52 25.58 -0.59 2.12 -7.61 11.91 -15.43 29.93 -1.27 1.42 -10.76 7.18 -5.84 11.7 -1.21 1.4 -31.92 22.76 -2.13 0.7 -23.48 0.46 -28.24 20.2 -3.99 24.17 -0.15 0.61 -18.16 53.15 3.35 33.6 5.07 6.98 0.7 2.59 -2.31 23.9 -17.92 10.92 -1.98 0.57 -8.3 0 -9.85 10.41 8.26 18 0.33 1.13 3.63 29.96 -0.57 2.47 -10 15.8 -8.81 29.28 -7.25 34.62 -0.79 1.64 -21.12 25.75 -0.7 0.66 -27.1 19.73 -14.97 26.4 -1.25 1.33 -16.58 10.71 -1.83 0.59 -29.9 1.76 -8.35 3.87 -4.46 6.11 -12.41 28.76 -0.51 0.85 -4.89 6.21 -1.35 1.07 -9.15 4.37 -0.8 0.28 -9.03 2.04 -9.92 6.63 -1.79 0.64 -12.23 1.06 -1.91 -0.34 -22.83 -10.46 -1.59 -1.35 -4.73 -7.09 -11 -1.37 -4.48 7.67 6.96 18.27 0.24 1.04 2.85 34.24 -0.02 0.73 -1.69 15.23 24.27 22.47 1.13 1.97 1.57 7.05 30.13 20.09 0.42 0.34 35.72 31.96 19.23 9.11 3.98 15.93 21.14 21.14 0.78 1.16 7.61 17.12 0.34 1.54 0 14.21 9.46 16.33 21.05 12.81 0.55 0.42 27.59 24.73 0.79 0.97 8.56 15.22 0.48 2.06 -0.87 16.61 12.22 14.83 23.4 22.47 17.1 11.7 13.63 2.1 5.58 13.39 0.13 2.53 -4.76 16.17 -0.95 1.62 -4.43 4.43 2.03 19.29 -6 2 0 6.52 59 35.03 1.67 2.09 1.08 3.24 13.87 0.73 14.03 -13.15 1.96 -0.98 21.88 -3.8 1.95 0.18 18.07 6.66 1.8 1.4 12.57 17.95 29.21 9.13 0.83 0.39 47.68 28.98 18.53 0.88 42.3 -9.4 0.82 -0.1 21.88 0 1.26 0.22 31.59 11.15 24.91 -1.84 1.27 0.13 20.93 5.7 0.57 0.19 10.33 4.7 16 5.65 1 0.54 21.88 16.17 0.52 0.48 46.61 50.41 0.35 0.43 26.64 39 0.44 0.89c6.06,17.38 12.29,34.46 17.7,52.03l17.46 10.67 2 16.02 8.87 11.53 0.79 2.04 1.88 24.4 4.66 17.72 0.1 0.58zm-450.84 -1571.06l0.05 1.69 14.43 -11.93 7.32 1.07 3.44 -2.3 2.34 -0.64 3.26 0.2 0.58 -1.11 1.1 -1.3 8.24 -6.09 -0.2 -4.75 -6.78 -6.22 -0.87 -1.67 0.01 0.56 -7.84 4.37 -9.6 8.89 -0.51 7.13 -10.57 -0.62 0.46 -5.74 -13.12 -7.02 1.42 -9.81 -10.77 -7.26 0 -8.94 -5.78 -6.54 -0.95 -2.55 0.15 -17.59 -5.67 -2.39 1.99 -16.51 -9.13 -7.13 8.04 -9.93 -5.85 -4.07 -0.69 -15.38 -6.72 -4.37 4.19 -12.32 3.46 -0.23 10.26 -12.77 9.89 9.93 -4.93 8.62 3.31 4.88 7.51 1.47 2.66 6 1.69 0.15 2.48 -3.39 -2.44 -1.42 3.67 -22.33 3.71 -1.95 1.72 -8.46 12.16 -6.63 -0.08 -0.13 -5.29 -1.46 -3.84 -9.39 -6.09 -0.76 -2.17 -1.04 -2.89 -2.78 -17.64 -0.15 -12.75 7.73 -0.34 -5.47 -4.21 0 -1.96 -0.57 -4.31 -2.61 -12.59 2.97 5.04 13.02 0.2 1.96 -5.91 37.31 7.01 4.68 -1.02 22.95 9.26 19 0.21 0.54 11.54 37.07 15.18 30.87 14.81 20.57 0.72 2.11zm71.91 343l-1.11 0.4 4 8.31 1.95 0.09 0.96 -4.42 3 0.52 -8.12 -5.13 -0.67 0.24zm227.43 789.06l-2.67 0.17 2.58 1.62 0.09 -1.79z"/>
   <path class="fil3" d="M491.71 4583.38l-7.44 0.93 -7.91 7.03 -2.28 9.7 -0.01 0 0 0 -4.87 2.44 0 0 0 5.74 2.57 8.56 8.08 3.59 1.97 2 5.81 13.8 -0.01 0 0 0 -10.69 4.28 -4.98 6.64 0.58 9.87 -0.01 0 -8.2 5.85 -3.67 11.94 2.74 16.91 10.59 4.07 6.88 -2.67 3.28 -7.22 0 0 0 -0 8.84 1.61 2.26 1.33 10.26 12.46 -0.01 0 -9.54 6.13 -0.83 10.41 4.39 7.47 7.8 6 0.56 9.61 2.06 2.41 5.15 3.43 12.96 0.61 1.85 6.19 17.68 6.84 -2.73 25.65 22.48 11.73 1.02 0.77 15.62 16.7 0.73 1.1 4.85 11.31 0.1 2.68 -3.23 9.7 -1.68 2.08 -0.01 0 0 0 -7.83 4.6 -0.97 3.42 9.08 6.06 0 11.2 -0.37 1.64 -5.39 11.31 -1.43 1.59 -0 0 -0 0 -7.06 4.41 -0.65 5.5 6.89 6.89 -8.11 7.43 0.43 13.35 15.5 14 0.31 0.31 19.55 22.39 18.35 4.74 14.72 0 7.1 -7.75 0 0 0.01 -0 9.45 0 2.31 6.16 17.33 7.83 17.28 -4.84 4.94 6.36 40.13 0 1.44 0.3 10.98 4.52 1.59 1.24 3.15 4.2 26.17 8.52 31.11 1.27 1.8 0.54 2.28 1.37 61.73 -1.89 20.89 -5.53 22.85 -16.67 13.09 -17.22 0 0 0 -0 11.31 0 2.37 4.75 18.11 7.85 1.5 1.15 17.15 22.05 23.25 3.4 8.36 -7.25 0 0 0 -0 2.44 -0.93 46.51 -0.65 2.16 0.63 14.54 9.7 14.83 0 0 0 4.2 -3.78 0.74 -13.21 0.01 0 0 -0 30.5 -3.91 7.92 10.18 -6.83 6.83 1.54 2.83 24.67 2.35 32.53 -4.46 1.19 0.03 24.55 4.52 0.92 0.28 16.36 7.63 2.12 -9.73 2.56 -24.97 -11.97 -17.91 -0.63 -1.67 -1.35 -11.28 -10.48 -16.28 -0.52 -1.27 -3.65 -17.15 9.39 -8.33 -19.44 -9.95 -4.32 -30.28 -7.33 -5.5 -13.41 1.91 -2.41 -0.46 -18.27 -10.4 -2.82 -20.05 -16.32 -20.89 -0.54 -0.91 -13.26 -32.5 49.04 -13.16 23.96 -25.96 27.75 -44.04 -7.41 -12.01 -0.55 -1.62 -2.68 -26.57 0.35 -2.03 17.66 -36.62 2.39 -68.67 1.18 -2.64 19.66 -18.66 -1.39 -25.68 0.15 -1.28 7.27 -24.28 1.01 -1.65 10.2 -9.83 0.76 -0.57 20.79 -11.84 -5.99 -33.78 -7.45 -21.07 -0.19 -1.61 2.85 -31.43 0.24 -1.04 12.88 -32.74 1.62 -1.89 13.44 -7.9 -13.13 -13.98 -1.03 -2.34 -1.89 -26.18 0.27 -1.67 4.73 -11.83 -1.24 -4.6 -0.12 -0.89 -0.47 -17.93 -16.34 -10.26 -2.1 7.3 -1.7 2.22 -31.88 18.99 -3.39 13.55 -19.31 -5.27 -1.95 -1.25 -5.57 -6.81 -10.32 -2.58 1.48 -24.48 -11.92 -9.11 0 -20.57 -7.27 -5.81 -4.86 2.43 -4.56 14.41 -19.09 1.12 1.01 -10.1 -14.33 -20.56 -5.15 0 -7.13 2.59 -1.03 0.22 -9.9 0.7 -2.09 -0.46 -6.49 -3.54 -23.57 5.73 -11.82 13.3 -18.38 -1.84 -4.77 -11.93 -18.03 -16.09 -13.42 0 -0.7 -0.07 -18.3 -3.49 1.39 -13.25 -15.07 9.17 -1.65 0.54 -31.83 2.83 -1.52 -0.18 -24.55 -8.19 -258.72 43.59 -24.76 13.39 -14.48 22.32 2.89 2.1 15.26 -8.59 -1.01 17.2 13.07 12.3 -6.17 9.26 1.39 0.5 11.83 -8.09 2.46 -0.66 12.91 1.07 -6.7 27.66 -0.82 1.59 -16.91 19.51 0.22 0.57 7.14 -1.26 10.53 -18.95 15.08 -3.77 12.81 13.73 -4.05 17.53 14.2 7.65 7.05 -3.13 9.24 9.24 -5.88 15.44 9.24 15.39 -10.4 8.32 7.93 11.21 -0.46 1.71c-0.01,0.05 -4.5,16.56 -4.5,19.12 0,1.13 1.48,6.86 2.96,12.58 1.61,6.24 3.22,12.49 3.22,14.46 0,0.64 6.85,3.41 6.87,3.42l2.27 0.91 0.85 18.02 11.39 28.46 -10.09 13.11 -7.01 0.54 10.38 9.51 -6.49 14.84 -1.79 1.87 -22.24 11.12 -7.8 -6.07 -5.54 0 -10.04 10.81 -28.69 0 -2.19 -0.7 -7.49 -5.28 -0.31 6.25 20.26 12 7.09 29.24 -13.7 12.64 -22.86 -12.61 -5.78 3.56 4.08 16.31 -8.95 2.56 -2.5 -0.15 -29.89 -12.45 -1.69 -15.22 -8.09 -12.13 -9.69 -3.77 -3.35 6.02 -20.32 0c-5.02,-6.56 -9.92,-12.7 -14.48,-19.56l-2.07 0.52 -5.37 8.72 -1.33 1.28 -11.82 6.96 -4.98 17.22 -1.37 1.98 -18.84 14.13 -4.15 -6.72 -2.98 8.74 0 0 0 0.01 -2.38 0.3z"/>
   <path class="fil3" d="M470.12 4561.52l-12.59 -8.18 -17.98 21.98 -2.97 28.97 -0.83 2.01 -14.28 17.64 -20.72 0 -10.66 -14.46c-7.54,0.88 -32.49,3.93 -36.52,6.23 -4.15,2.37 -16.45,14.38 -20.38,18.26l1.2 17.37 31.61 2.37 -2.81 22.5 -0.82 1.92 -14.8 18.32 7.61 17.99 0.3 1.74 -3.22 43.42 -7.81 6.07 -2.8 4.2 16.17 21.8 0.74 2.4 -0.58 16.52 14.79 6.93 33.75 -2.42 9.46 19.03 0.22 0.55 4.27 13.56 -8.54 13.67 -0.7 0.82 -16.78 15.02 -13.8 20.98 -20.36 1.9 -2.96 9.93 -2.01 13.66 14.67 8.67 12.83 -7.87 15.51 -12.66 13.44 12.5 1.19 2.4 2.41 23.23 -0.01 0.92 -2.26 15.85 10.97 24.08 9.59 -0.96 9.7 -7.87 3.63 -20.67 1.18 -2.15 23.68 -21.78 2.47 -1 18.91 -0.54 6.49 8.87 0.73 2.19 0.48 25.17 -1.03 2.67 -24.46 25.92 -4.71 18.13 17.27 17.04 25.08 0.73 45.39 -9.8 29.53 19.09 2.97 18.61 -0.54 2.63 -11.96 18.83 -37.89 -10.57 -31.93 25.02 -11.38 31.33 3.31 18.09 22.74 35.26 10.83 3.05 5.03 -12.17 1.18 -1.55 13.75 -10.77 2.3 -0.8 23.22 -0.32 12.57 17.16 0.24 0.37 7.14 12.5 16.84 10.2 -7.65 35.77 4.93 26.02 12.93 11.27 13.13 0.09 21.18 -14.3 15.95 12.37c-1.53,5.83 -2.95,11.83 -4.62,17.59l-4.59 12.38 6.13 30.89 1.26 11.26 3.37 1.59 11.22 -16.22 0.28 -0.37 8.83 -9.9 2.74 -12.78 16.4 -4.37 12.98 10.2 1.37 2.22 2.94 13.94 16.5 9.75 19.44 8.91 1.37 1.06 22.63 27.84 -9.76 31.24 -11.99 -1.5 -5.74 -15.3 -0.25 -1.33 0 -8.52 -1.69 -0.42 -7.81 7.21 1.52 21.98 -0.89 2.69 -13.11 15.57 -11.58 13.89 -2.83 23.33 13.05 6.53 19.51 -1.45 10.45 -12.68 2.5 -1.37 16.37 -1.93 8.66 14.42 0.55 1.95 0 20.57 -15.24 13.45 -2.25 0.95 -22.97 1.64 -2.73 -0.89 -9.72 -8.22 -8.29 -0.64 -10.44 5.87 -2.01 16.06 7.28 7.94c17.67,8.03 35.11,16.09 52.68,24.33l1.91 2.01 7.39 18.05 0.27 1.89 -0.82 6.56 -1 2.13 -12.62 13.53 -20.07 0 -13.7 3.26 0.47 8.54 23.2 3.86 11.14 16.21 -8.09 18.22 -12.89 4.6 -14.24 6.75 -8.69 15.93 1.35 13.5 8.23 5.7 9.66 0 11.12 13.59 -11.57 8.1 -2.17 0.7 -8.61 0 -9.2 6.74 2.35 8.79 9.13 9.13 1.07 2.15 2.46 16.41 -0.21 1.91 -6.13 16.09 3.58 13.62 12.6 15.56 16.21 3.69 24.07 -1.61 0.76 0.03 20.46 2.79 4.82 15.44 -0.19 2.75 -6.56 13.95 -0.6 0.89 -11.51 13.05 -2.16 17.26 6.23 10.38 39.97 24.78 12.23 5.04 10.87 -4.35 2.16 -0.21 6.96 1.39 1.01 15.22 -0.46 2.07 -4.77 8.74 -3.22 9.65 9.29 8.67 11.72 -0.98 2.45 15.94 -7.04 7.92 -2.28 12.88 -1.06 2.04 -2.98 2.98 0 7.94 12.33 8.7 1.04 1.1 5.48 8.78 -16.29 21.43 0.61 7.35 11.62 15.97 28.05 5.45 1.02 0.36 15.39 7.97 3.7 0.28 8.39 -6.99 4.19 10.78 4.64 0 0 -6.52 4.85 -4.85 -8.18 -5.84 21.96 -9.85 4.61 5.27 5.27 2.76 2.88 -7.4 11.26 2.6 1.99 5.97 0.73 0.32 6.1 -3.94 2.07 -0.63 10.37 0 3.18 -2.12 2.1 -0.64 7.82 0 4.65 8.83 11.98 0.36 9.5 -4.93 0 -8.89 24.7 -11.19 0.91 -7.28 7.65 -3.82 4.84 3.76 4.91 -0.52 2.99 -7.69 26.46 -10.31 0.48 -7.27 13.84 -3.46 2.47 11.13 8.63 9.91c1.74,-2.06 4.03,-4.1 6.3,-4.1 1.57,0 10.02,-1.3 13.97,-1.92l1.91 -4.15 1.09 -1.37 8.85 -7.08 3.26 9.79 10.09 9.7 13.94 -0.93 11.89 12.84 23.39 4.3 0.76 1.91 23.15 0.38 1.62 -3.24 8.92 -1.62 2.81 2.81 26.13 3.79 8.63 -4.11 1.49 -0.36 13.42 -0.54 9.89 12.24 38.96 4.43 1.78 0.67 21.64 15.2 1.31 1.62 3.39 7.91 11.25 2.73 3.95 -3.95 -6.77 -14 11.18 -13.84 1.97 -1.28 10.13 -2.76 2.74 0.28 15.01 7.77 -5.05 -31.19 -33.74 -49.29 -11.11 3.78 -2.32 0.04 -16.41 -4.97 -12.72 0.21 -10.07 12.98 -1.76 19.74 -26.19 12.52 -1.54 -19.32 -11.97 -9.85 -1.25 -1.89 -5.43 -18.85 -8.98 -10.65 3.65 -16.46 5.35 -36.22 -5.09 -28.72 -0.04 -0.33 -3.89 -44.32 -0.88 -32.09 -12.98 -30.57 -0.3 -1.52 0.19 -18.39 1.03 -2.57 9.77 -10.35 -0.55 -10.01 0.09 -1.03 4.7 -20.76 -4.08 -15.62 -0.06 -1.69 5.43 -27.59 0.2 -35.9 -8.6 -14.85 5.73 -17.83 -12.6 -12.54 -1.03 -1.82 -3.41 -14.36 -10.28 -1.11 -15.43 -38.01 15.28 -13.34 -15.28 -31.78 -13.05 -7.95 1.84 -23.47 -2.44 -19.18 0.06 -1.34 11.93 -50.39 -4.65 -30.22 -30 -27.27 -1.21 -2.31 -2.87 -21.2 -15.44 -22.71 -17.06 -7.24 -1.49 -1.11 -15.95 -19.84 29.75 -17.23 6.4 -14.59 0.99 -16.12 0.22 -1.09 8.45 -23 17.31 -7.39 -7.23 -14.38 -0.36 -2.37c3.06,-17.29 6.66,-32.8 10.65,-50.06l-19.49 -31.24 -0.45 -1.07 -10.98 -42.63 -0.12 -0.96 0.15 -22.72 -18.24 -8.5 -23.42 -4.31 -32.35 4.44 -0.87 0.02 -29.14 -2.78 -6.21 -11.39 6.09 -6.09 -1.13 -1.45 -19.89 2.55 -0.47 8.47 -1.25 2.62 -6.46 5.81 -2.55 0.98 -17.44 0 -2.12 -0.64 -14.54 -9.7 -43.91 0.61 -9.97 8.64 -28.2 -4.13 -2.46 -1.43 -17.5 -22.51 -18.46 -8 -1.89 -1.79 -0.88 -1.76 -2.9 0 -11.12 14.63 -0.79 0.78 -23.9 17.44 -1.27 0.61 -21.96 5.81 -0.87 0.12 -63.3 1.94 -2.06 -0.54 -2.41 -1.44 -30.68 -1.25 -1.03 -0.18 -27.78 -9.04 -1.86 -1.34 -3.24 -4.33 -9.3 -3.83 -43.13 0 -4.1 -5.27 -13.68 3.83 -2.59 -0.19 -21.46 -9.69 -1.57 -4.18 -0.89 0 -7.1 7.75 -18.45 0 -0.94 -0.13 -20.02 -5.17 -1.92 -1.18 -20.19 -23.12 -17.72 -16 -0.65 -20.05 4.82 -4.42 -3.89 -3.89 1.51 -12.81 9.22 -5.76 4.54 -9.54 0 -6.26 -10.31 -6.87 2.92 -10.22 1.74 -2.23 7.93 -4.67 2.32 -6.96 -4.03 -9.41 -14.7 -15.71 -26.52 -13.83 2.66 -25 -15.72 -6.09 -1.37 -4.59 -8.62 -0.41 -1.94 -0.64 -6.46 -4.31 -0.78 -0.69 -3.23 -3.77 -0.91 -2.25 -0.44 -7.43 -5.63 -4.33 -0.95 -1.09 -5.39 -9.16 -0.52 -2.22 1.23 -15.35 5.54 -3.56 -3.94 -4.78 -1.64 -0.3 -1.46 3.22 -2.1 1.98 -9.7 3.77 -2.72 0 -16.06 -6.18 -3.58 -22.09 0.12 -1.71 4.31 -14.01 1.43 -1.98 5.83 -4.16 -0.42 -7.06 0.76 -2.5 6.46 -8.62 1.63 -1.25 4.49 -1.8 -2.23 -5.29 -9.93 -4.41 -3.74 -12.44 -0.16 -1.09 0 -10.96 5.9 -2.95 1.75 -7.43 1.18 -1.98 9.7 -8.62 2.07 -0.94 6.25 -0.78 2.81 -8.25 -20.1 -5.87 -1.02 -0.46z"/>
   <path class="fil3" d="M1477.09 2255.56l-0.61 -4.87 0.04 -1.24 0.45 -2.14 -2.47 0.05 -2.28 -0.7 -9.78 -6.94 -7.91 -0.43 -0.76 -0.12 -15.58 -4.07 -7.98 0.67 -7.04 4.39 -6.23 -5.03 -7.01 0.58 -2.35 -0.59 -5.41 -3.45 -7.63 3.15 -11.44 9.91 -0.64 0.44 -10.7 5.95 0.6 6.16 2.79 1.93 0.19 11.65 -1.04 2.68 -9.2 9.67 -6.27 12.1 3.82 12.07 4.61 7.45 0.55 2.44 -1 8.43 -0.1 0.55 -3 11.03 -0.19 0.51 -7.29 16.82 -0.64 1.02 -8.54 9.65 -5.7 13.8 -0.46 22.78 -13.48 0.43 -4.53 4.51 2.44 4.55 -21.84 16.74 -0.63 0.39 -14.18 7.05 -4.88 6.35 5.64 4.11 -4.04 17.62 -7.69 1.57 -1.65 5.02 -14.76 -2.64 -4 4.09 -13.87 -5.94 -7.58 -1.04 -2.22 -1.12 -12.15 -12.53 3.31 -11.51 0.27 -0.7 0.28 -0.53 -30.54 -2.8 -3.91 7.31 -15.26 -6.04 -3.35 1.16 -2.24 0.07 -9.8 -2.67 -1.83 -1.13 -4.28 -4.78 -4.8 2.68 -0.85 0.34 -5.31 1.46 -1.4 1.95 -2.4 1.52 -11.22 2.12 3.9 -9.55 -3.28 -1.46 -1.83 -11.78 0.58 -2.68 2.41 -3.64 -7.86 -6.28 2.58 -5.28 -4.23 -3.07 -7.94 6.55 -8.51 -0.9 -5.17 6.4 -3.67 -2.13 -9.39 4.78 -2.39 -7.41 -3.66 -0.41 -10.1 11.81 -10.65 15.61 -26.23 -13.36 -13.35 -4.83 -0.46 -3.18 -3.63 -1.55 -4.44 1.08 -2.22 -0.13 -7.64 -2.84 -1.77 -1.34 -7.33 -10.24 -3.77 -3.75 -6.32 -1.56 -1.8 -1.03 -8.28 -8.4 -15.26 -1.16 -2.34 -1.04 -3.13 -2.97 -12.58 -2.01 -1.97 -0.94 -10.21 -9.31 -9.01 -4.42 -1.64 -1.54 -4.05 -7.15 -17.26 -2.42 -3.3 -6.21 -0.35 -2.59 1.74 -7.96 6.13 -3.27 -0.54 -8.47 -11.94 -6.27 -1.72 -1.83 -3.28 -7.45 -0.31 -1.67 0.77 -20.6 -15.68 -16.64 -1.02 -2.24 -0.87 -8.54 -5.06 -3.61 -1.2 -8.01 -8.25 -6.27 -0.1 -7.48 -5.35 -1.21 -3.91 3.56 -2 0.96 -14.67 2.22 -2.28 -0.37 -12.89 -6.5 -15.19 -3.99 -1.64 -0.89 -2.79 -2.59 -1.07 -1.76 -1.17 -4.13 -11.26 7.49 -0.79 0.41 -6.41 2.37 -4.63 4.76 -7.69 12.66 -0.82 0.96 -8.43 7 -1.57 0.79 -11.87 2.74 -3.56 -4.19 -0.46 0.26 -2.89 5.94 -0.66 5.74 -0.55 1.58 -1.93 3.08 0.62 3.59 4.59 2.99 1.64 2.35 1.92 8.55 -9.02 13.83 -1.34 1.25 -10.75 5.98 -0.47 -4.62 -0.42 1.05 -4.72 0.68 0.21 1.12 -0.33 2.38 -2.46 5 -6.04 -0.96 -1.9 1.15 -0.16 0.69 1.4 1.5 1.01 2.55 0.14 9.09 -4.46 4.39 0.04 3.02 7.06 7.27 -8.71 4.25 -0.52 0.57 2.07 0.9 -2.27 9.93 -0.76 1.58 -1.91 2.33 1.1 4.79 3.41 4.91 0.65 1.83 0.54 5.73 -0.06 1.13 -1.15 5.35 -1.21 2.07 -0.72 0.63 2.98 1 0 7.78 1.75 4.39 3.73 6.31 0.31 0.69 1.68 4.81 2.23 3.03 0.72 1.83 0.87 7.75 -0.31 1.98 -2.76 6.09 -0.26 6.29 2.81 2.72 0.98 1.61 0.92 3 3.23 2.48 0.73 0.74 4.81 6.41 0.31 0.49 4.13 7.74 -1.56 3.81 3.02 9.43 4.39 1.91 0.42 0.21 5.76 3.41 1.15 1.06 7.51 10.43 7.79 5.37 4.86 0.29 2.56 1.2 2.72 2.91 4.69 0.66 1.5 0.55 4.66 2.94 1.91 -1.68 2.47 -0.94 7.35 -0.09 8.3 8.98 2.72 0.52 3.43 -1.7 16.38 9.42 5.98 -2.59 5.96 4.49 5.09 -2.11 1.27 -0.26 0 -0.02 4.64 -0.24 1.44 0.21 7.85 2.75 3.05 -3.23 7.1 5.16 12.41 0.49 2.52 1.09 7.28 7.15 0.77 1.1 1.72 3.66 6.04 0.41 5.67 9.24 3.91 1.74 1.55 1.26 4.89 6.89 0.56 1.21 0.67 2.44 1.15 0.46 5.86 -0.03 1.65 0.37 11.45 5.5 19.52 2.72 -4.56 5.65 2.43 1.77 -0.37 4.62 4.8 1.56 6.81 0.11 4.84 -4.01 0.44 -0.31 5.17 -3.16 1.5 -0.52 1.62 -0.21 0.45 -1.25 1.88 -2.13 8.17 -4.08 6.07 2.37 2.48 -1.22 3.33 -5.13 1.92 -1.52 5.43 -1.93 1.24 -0.21 7.05 -0.06 2.52 0.93 3.3 2.85 3.89 -0.66 1.76 0.12 5.71 1.79 0.66 2.16 6.03 -0.61 1.58 4.5 8.17 0.74 2.37 1.1 3.44 3.44 6.11 1.35 1.76 0.91 2.57 2.36 2.16 -2.84 6.13 9.1 4.13 3.98 0.67 0.87 3.86 6.77 4.23 1.63 7.87 -1.99 3.2 4.2 1.04 -1.68 -1.76 -9 6.15 -1.29 3.8 -5.77 5.48 0.44 4.94 -3.39 5.61 -5.3 6.55 0.69 2.01 0.83 7 5.7 1.34 2.25 2.44 13 -3.9 4.32 1.94 3.56 3.44 2.09 0.9 -5.66 6.83 -2.73 2.46 -4.59 1.18 -1.31c4.92,-3.44 9.16,-6.2 14.26,-9.34l6.57 2.41 0.51 -2.8 -6.53 -10.68 11.66 -2.12 4.66 -3.25 3.61 -4.52 1.1 -0.95 11.05 -6.22 1.77 -0.48 7.78 -0.2 1.12 0.14 7 1.97 12.39 -2.12 0.72 -0.04 12.66 0.28 2.1 0.69 5.5 3.84 8.56 4.12 3.02 -0.89 12.84 -12.87 2.73 -8.05 10.02 -1.78 3.81 4.1 3.96 0.63 1.61 0.66 8.67 6.16 9.13 0.85 1.09 0.25 8.27 3.35 6.61 -12.2 24.79 6.4 17.74 0.55 5.92 -2.04 18.46 13.34 4.65 0.85 12.24 -27.37 2.22 -9.85 1.28 -2.08 3.05 -2.54 1 -3.13 -1.67 -6.08 10.07 -12.05 2.28 -1.31 4.48 -0.78 5.35 -3.2 0.76 -11.32 0.48 -1.59 2.08 -3.71 0.73 -17.15 0.88 -2.28 3.48 -4.19 2.59 -9.97 -4.31 -7.05 -0.55 -1.98 0.04 -16.89 -5.42 -9.98 4.31 -1.71 0.22 -24.58 0.39 -1.65 7.68 -15.47 1.15 -3.98 -4.66 -0.06 -2.32 -0.82 -12.53 -9.98 0.85 -9.06 0.28 -1.13 4.52 -10.65 0.46 -0.79 9.43 -12.59 4.98 2.95 1.01 -1.32 1.76 -1.28 3.92 -1.38 5.86 -8.87 1.03 -1.04 4.82 -3.31 4.98 -5.56 1.85 -4.56 0.8 -1.22 5.49 -5.67 0.19 -1.82 -3.38 -3.78 1.23 -5.23 0.61 -1.34 3.16 -4.46 0.48 -3.52 -3.14 -8.68 -0.2 -0.83z"/>
</svg>`,
};